t,ee_x,ee_y,ee_z,ee_err,manipulability,qp_solve_ms,qp_status,q0,q1,q2,q3,q4,q5,q6,qd0,qd1,qd2,qd3,qd4,qd5,qd6,dist_s0,dist_s1
0.0,0.48404681539304417,-6.465979232942228e-17,0.41262977546230256,0.696324009259678,0.0837515096811334,0.2148749990737997,ok,0.0,-0.3,0.0,-2.2,0.0,2.0,0.7853981633974483,-0.071145601883579,0.4317676868894022,-0.12077190392020745,0.1915969885534512,-0.01975320806368756,0.19481895114528494,-0.1796832640343683,0.37736322395755517,0.2019486448177366
0.01,0.48525197409172827,-0.0009640424040301315,0.41170365829033895,0.6933760515815003,0.08376451689460739,0.19270799930382054,ok,-0.0007114560188357901,-0.295682323131106,-0.0012077190392020746,-2.1980840301144657,-0.00019753208063687561,2.001948189511453,0.7836013307571046,-0.0746867335483932,0.430890542819238,-0.11630291547403657,0.19193452751638482,-0.017437189743780786,0.19380582979025818,-0.17992027191972368,0.37553743632181513,0.19961813298178055
0.02,0.4864513749030866,-0.0019243150867956317,0.4107764202364401,0.6904365532973855,0.083777467223793,0.13499999840860255,ok,-0.001458323354319722,-0.2913734177029136,-0.00237074819394244,-2.1961646848393017,-0.00037190397807468345,2.0038862478093553,0.7818021280379074,-0.078160248033701,0.4300251054843325,-0.1118902537850547,0.19226839259729425,-0.015195180712377342,0.19280336806192327,-0.18011203837551687,0.37371180788546987,0.19728850388651714
0.03,0.4876450745543932,-0.0028808498252936446,0.40984806584715305,0.6875054183160403,0.08379038113805153,0.21108299915795214,ok,-0.002239925834656732,-0.28707316664807025,-0.003489650731792987,-2.194242000913329,-0.0005238557851984569,2.0058142814899744,0.7800010076541523,-0.08156351281715161,0.4291709742446793,-0.10753688028353112,0.1925988215563964,-0.01302714920880169,0.19181133711188184,-0.1802587946032507,0.37188637054930396,0.19495994560518248
0.04,0.4888331293517339,-0.0038336784340582673,0.4089185993568132,0.684582550702872,0.0838032787275402,0.14458400073635858,ok,-0.0030555609628282483,-0.28278145690562345,-0.004565019534628298,-2.192316012697765,-0.0006541272772864737,2.0077323948610935,0.7781984197081198,-0.08489406110784457,0.42832775017543984,-0.10324560696110789,0.1929260250018534,-0.010932954448112285,0.19082952448242574,-0.1803608434777915,0.3700611561443492,0.19263264639210154
0.05,0.4900155951185431,-0.004782832720201057,0.407988024690362,0.6816678547857916,0.08381617967720516,0.13341600060812198,ok,-0.003904501573906694,-0.27849817940386906,-0.0055974756042393775,-2.1903867524477465,-0.0007634568217675966,2.009640690105918,0.7763948112733419,-0.08814959277386494,0.4274950368789138,-0.09901909434244069,0.19325018702773195,-0.008912349763675496,0.18985773359662064,-0.1804185569473468,0.3682361963520273,0.19030679441953058
0.060000000000000005,0.4911925271363318,-0.005728344439794222,0.4070563454671685,0.6787612352586659,0.08382910324341664,0.13775000115856528,ok,-0.0047859975016453435,-0.2742232290350799,-0.006587666547663785,-2.188454250577469,-0.0008525803194043515,2.011539267441884,0.7745906257038684,-0.09132797488384149,0.4266724412175001,-0.09485984983015283,0.1935714659144306,-0.006964985916772184,0.18889578320456357,-0.18043237334194076,0.36641152262757337,0.187982577524078
0.07,0.49236398008773163,-0.006670245255649566,0.40612356500581615,0.675862597282207,0.08384206823321051,0.1667910000833217,ok,-0.005699277250483759,-0.2699565046229049,-0.0075362650459653135,-2.186518535918325,-0.0009222301785720734,2.01342822527393,0.772786301970449,-0.09442724186733452,0.4258595739692625,-0.0907702264217831,0.19388999488487715,-0.005090414561822144,0.1879435067917757,-0.18040279459865263,0.36458716612683006,0.18566018296318254
0.08,0.4935300080019622,-0.0076085666965426185,0.40518968632982655,0.6729718465821147,0.0838550929860748,0.29916699895693455,ok,-0.006643549669157104,-0.26569790888321226,-0.008443967310183145,-2.184579635969476,-0.0009731343241902948,2.015307660341848,0.7709822740244624,-0.09744559529977619,0.4250560504082228,-0.08675242179647115,0.19420588290994406,-0.0032880918554931064,0.18700075195563762,-0.180330383412021,0.36276315763649236,0.18333979718209753
0.09,0.4946906642028117,-0.008543340117927602,0.40425471217428244,0.670088889544312,0.08386819535822215,0.17262500114156865,ok,-0.007618005622154866,-0.26144734837913003,-0.009311491528147857,-2.1826375771403765,-0.001006015242745226,2.017177667861404,0.7691789701903422,-0.1003814033185716,0.4242614908116904,-0.08280847776820151,0.19451921555655236,-0.0015573821976750122,0.18606737975551632,-0.18021576031814754,0.36093952750787883,0.18102160559179864
0.09999999999999999,0.49584600125921013,-0.009474596664184782,0.4033186449933115,0.6672136333071079,0.08388139270926497,0.1039159997162642,ok,-0.008621819655340583,-0.25720473347101314,-0.010139576305829873,-2.180692384984811,-0.001021589064721976,2.0190383416589595,0.7673768125871607,-0.10323319967784235,0.423475520897339,-0.07894028010150607,0.19483005587207994,0.0001024379079539141,0.18514326404211048,-0.18005960072113147,0.359116305594291,0.178705792358203
0.10999999999999999,0.49699607093844933,-0.010402367232437681,0.4023814869683907,0.6643459858501631,0.08389470189121072,0.2854169997590361,ok,-0.009654151652119006,-0.25296997826203976,-0.010928979106844934,-2.1787440844260906,-0.001020564685642437,2.0208897742993805,0.7655762165799495,-0.10599968245029083,0.42269777219290505,-0.07514955868446799,0.19513844529888144,0.0016921758863038417,0.18422829077123462,-0.17986263187057883,0.3572935211920174,0.17639254020305245
0.11999999999999998,0.498140924162098,-0.011326682437973124,0.40144324001743237,0.661485856080141,0.0839081392396842,0.12829200022679288,ok,-0.010714148476621915,-0.24874300054011073,-0.011680474693689614,-2.1767926999731015,-0.0010036429267793986,2.022732057207093,0.7637775902612437,-0.10867971238545633,0.42192788234171774,-0.07143788805299997,0.19544440461289841,0.0032127190288931354,0.18332235730707425,-0.17962562979897276,0.3554712029850289,0.17408203021678292
0.12999999999999998,0.49928061096463977,-0.01224757258129266,0.4005039058046092,0.6586331539129404,0.08392172056727054,0.07837500015739352,ok,-0.011800945600476478,-0.24452372171669354,-0.012394853574219614,-2.1748382559269728,-0.0009715157364904672,2.0245652807801635,0.761981333963254,-0.11127231093462223,0.42116549534734876,-0.06780668825930272,0.19574793488056247,0.004665030350403518,0.18242537171966805,-0.17934941622775724,0.353649378993401,0.17177444168366607
0.13999999999999999,0.5004151804548527,-0.013165067616819301,0.3995634857508737,0.6557877903524276,0.08393546115887664,0.17866700000013225,ok,-0.0129136687098227,-0.24031206676322006,-0.013072920456812642,-2.1728807765781673,-0.0009248654329864321,2.02638953449736,0.7601878398009764,-0.11377665795343203,0.4204102617608882,-0.06425722607650443,0.19604901842840958,0.006050144376758902,0.1815372520810461,-0.17903485545098546,0.35182807652548975,0.16946995191947684
0.15,0.5015446807799285,-0.01407919712327874,0.3986219810451298,0.6529496775656051,0.08394937576899458,0.17374999879393727,ok,-0.01405143528935702,-0.2361079641456112,-0.013715492717577686,-2.170920286393883,-0.0008643639892188431,2.0282049070181705,0.7583974912464665,-0.11619208909419318,0.4196618388144746,-0.060790616530462874,0.19634761982017343,0.0073691628778108816,0.18065792576422882,-0.17868285120538546,0.3500073221338783,0.16716873612190458
0.16,0.5026691590923265,-0.014989990275769444,0.3976793926560139,0.6501187289541651,0.08396347862074661,0.1964169987331843,ok,-0.015213356180298952,-0.23191134575746644,-0.014323398882882315,-2.1689568101956813,-0.0007906723604407342,2.030011486275813,0.7566106627344127,-0.11851809290059155,0.4189198905048183,-0.057407824748832464,0.19664368683635386,0.008623250557721349,0.1797873287488867,-0.17829434353562867,0.34818714157510133,0.16487096723389233
0.17,0.5037886615193364,-0.015897475819531312,0.39673572134423996,0.6472948592223919,0.08397778340660149,0.15345800056820735,ok,-0.01639853710930487,-0.22772214685241826,-0.01489747713037064,-2.1669903733273177,-0.0007044398548635207,2.0318093595633018,0.7548277192990565,-0.12075430761841081,0.41818408763043874,-0.05410966811651958,0.19693715145153753,0.009813630716130891,0.17892540493728581,-0.1778703056635378,0.34636755977314304,0.1625768158200518
0.18000000000000002,0.5049032331353227,-0.01680168204541755,0.39579096767546496,0.6444779844413947,0.08399230329062655,0.16804199913167395,ok,-0.017606080185488978,-0.22354030597611388,-0.015438573811535836,-2.165021001812802,-0.0006063035477022118,2.0335986136126745,0.753049016242421,-0.12290051773651871,0.41745410778648573,-0.050896818725819526,0.19722793080515744,0.010941580893110621,0.17807210548366922,-0.17741174086982983,0.344548600786696,0.16028644995626845
0.19000000000000003,0.5060129179366025,-0.017702636767069922,0.39484513203363325,0.6416680221096694,0.08400705091216089,0.08066700138442684,ok,-0.018835085362854165,-0.21936576489824902,-0.01594754199879403,-2.1630487225047506,-0.0004968877387711056,2.0353793346675113,0.7512748988337228,-0.12495665027309379,0.4167296353209406,-0.047769806108676406,0.1975159281615965,0.012008428510770823,0.17722738814004874,-0.17691967939684863,0.34273028778015746,0.15800003513257865
0.20000000000000004,0.5071177588189082,-0.018600367299792447,0.39389821463475433,0.6388648912099932,0.08402203839077999,0.05437499930849299,ok,-0.020084651865585102,-0.21519846854503963,-0.016425240059880792,-2.1610735632231344,-0.00037680345366339737,2.037151608548912,0.7495057020397543,-0.12692277082277006,0.4160103612559655,-0.04472902023766477,0.19780103385596096,0.013015546524234362,0.17639121662093651,-0.1763951753805821,0.34091264299832924,0.1557177341693613
0.21000000000000005,0.5082177975573762,-0.019494900441114203,0.3929502155410738,0.6360685122626802,0.08403727733243202,0.1279580010304926,ok,-0.021353879573812802,-0.21103836493247996,-0.016872530262257438,-2.1590955528845748,-0.0002466479884210538,2.038915520715121,0.7477417502859485,-0.12879907938083215,0.4152959831782323,-0.04177471478164002,0.19808312622216986,0.013964349094424197,0.1755635599893405,-0.17583930382000426,0.3390956877447783,0.15343970714686084
0.22000000000000006,0.5093130747889916,-0.020386262453027198,0.3920011346755966,0.633278807375227,0.08405277883661696,0.12970799980394077,ok,-0.022641870367621122,-0.20688540510069764,-0.01729027741007384,-2.157114721622353,-0.00010700449747681181,2.0406711563150144,0.7459833572477484,-0.13058590596119776,0.41458620510179006,-0.03890701060125867,0.19836207250025065,0.014856287294842735,0.17474439206596815,-0.17525315759154927,0.3372794423638049,0.1511661113480206
0.23000000000000007,0.5104036299974177,-0.021274479045880795,0.3910509718369208,0.6304957002883984,0.08406855350449503,0.15537500075879507,ok,-0.0239477294272331,-0.20273954304967973,-0.017679347516086425,-2.1551311008973504,4.155837547161555e-05,2.042418600235674,0.744230825671833,-0.13228370602540399,0.4138807373071879,-0.036125899468909636,0.19863772972025395,0.015692844864194037,0.17393369086330576,-0.17463784451625639,0.33546392622595744,0.14889710121457633
0.24000000000000007,0.5114895015001281,-0.022159575363909993,0.3900997267143398,0.627719116418805,0.08408461144779925,0.11891699978150427,ok,-0.025270566487487142,-0.19860073567660785,-0.01804060651077552,-2.153144723600148,0.00019848682411355593,2.0441579371443073,0.7424844472266704,-0.13389305574001095,0.4131792961602649,-0.0334312479972082,0.19890994556038583,0.01647553401626989,0.17313143804590875,-0.1739944844867601,0.3336491577170192,0.14663282831633057
0.25000000000000006,0.5125707264377607,-0.023041575972370654,0.3891473989031863,0.624948982898049,0.08410096229844341,0.1970410012290813,ok,-0.026609497044887253,-0.1944689427150052,-0.018374918990747603,-2.151155624144544,0.0003632421642762549,2.045889251524766,0.7407445023818028,-0.1354146470803447,0.41248160391395705,-0.030822801759537968,0.1991785591772734,0.017205891318132716,0.17233761841808498,-0.17332420666100504,0.3318351542303939,0.1443734413334984
0.26000000000000006,0.5136473407656019,-0.023920504846250773,0.38819398792036375,0.6221852286084986,0.08411761521870967,0.12762499864038546,ok,-0.027963643515690702,-0.19034412667586562,-0.018683147008342983,-2.1491638385527714,0.000535301077457582,2.047612627708947,0.7390112603151927,-0.1368492827985473,0.4117873884963825,-0.028300189585867344,0.19944340200677863,0.017885473647107554,0.171552219439663,-0.17262814672913931,0.3300219321627943,0.14211908605198958
0.2700000000000001,0.5147193792471133,-0.024796385360523317,0.3872394932200454,0.6194277842157863,0.08413457891191309,0.1563339992571855,ok,-0.029332136343676176,-0.1862262527909018,-0.018966148904201657,-2.1471694045327037,0.0007141558139286575,2.0493281499033436,0.7372849788479013,-0.13819787127418431,0.41109638328823084,-0.02586292801664428,0.19970429853385258,0.018515854236599277,0.17077523077051282,-0.1719074442596958,0.3282095069131433,0.1398699053714656
0.2800000000000001,0.5157868754494043,-0.02566924028190264,0.3862839142094975,0.616676582198115,0.08415186163343824,0.10079200001200661,ok,-0.03071411505641802,-0.18211528895801948,-0.0192247781843681,-2.145172361547365,0.0008993143562946503,2.0510359022110487,0.7355659044053043,-0.1394614212655228,0.4104083268923557,-0.023510425897461308,0.19996106703039815,0.019098618820152364,0.17000664384407776,-0.17116324013066297,0.32639789288458254,0.1376260393259871
0.2900000000000001,0.5168498617405567,-0.02653909176206308,0.3853272502649973,0.6139315568724703,0.08416947120205244,0.18649999947228935,ok,-0.032108729269073245,-0.17801120568909592,-0.01945988244334271,-2.143172750877061,0.0010903005444961738,2.0527359686494893,0.7338542720039977,-0.14064103657977328,0.40972296289829824,-0.021241989096891404,0.20021352026029174,0.019635361882607907,0.1692464514700539,-0.17039667405069234,0.32458710348947906,0.13538762511704588
0.3000000000000001,0.5179083692887085,-0.02740596133227555,0.3843695007478136,0.6111926444178356,0.08418741501140645,0.33795899980759714,ok,-0.03351513963487098,-0.17391397606011294,-0.019672302334311626,-2.141170615674458,0.001286654163322253,2.05442843316419,0.7321503052634908,-0.14173791068036767,0.4090400396442793,-0.019056825329874648,0.20046146615105542,0.020127683026563148,0.16849464746607168,-0.16960888217515427,0.3227771511573133,0.1331547971587561
0.3100000000000001,0.5189624280627928,-0.028269869899415125,0.38341066502022164,0.6084597828955255,0.08420570004163579,0.08012500074983109,ok,-0.034932518741674655,-0.16982357566367015,-0.01986287058761037,-2.1391660010129474,0.0014879309935878844,2.056113379638851,0.7304542164417392,-0.1427533212490835,0.40835930997901493,-0.016954049069161318,0.20070470843185728,0.020577183461663807,0.16775122631811562,-0.16880099482130723,0.3209680473453289,0.1309276871349614
0.3200000000000001,0.5200120668348462,-0.029130837743290172,0.38245074246151767,0.6057329122667302,0.08422433287098234,0.051375000111875124,ok,-0.03636005195416549,-0.16573998256388,-0.020032411078301983,-2.137158953928629,0.0016937028282045226,2.057790891902032,0.7287662064935262,-0.14368862472079894,0.4076805310255103,-0.014932686527143815,0.20094304723782125,0.02098546262362847,0.1670161828691553,-0.16797413428636063,0.319159802551812,0.12870642406800048
0.3300000000000001,0.5210573131837823,-0.02998888451524146,0.3814897324840168,0.6030119744074036,0.08424331968736463,0.050958000429091044,ok,-0.037796938201373476,-0.1616631772536249,-0.020181737943573422,-2.1351495234562505,0.0019035574544408072,2.0594610537307236,0.7270864651506626,-0.13962222700576327,0.39445395847143383,-0.01686415715342369,0.18983300796349833,0.020199938797645554,0.1657885135416034,-0.16553263394945275,0.3173524263318791,0.12649113439886112
0.34000000000000014,0.522060038072847,-0.030837903168241018,0.38053694524900805,0.6003501353919445,0.08425863699721999,0.04799999987881165,ok,-0.03919316047143111,-0.15771863766891056,-0.02035037951510766,-2.1332511933766156,0.002105556842417263,2.0611189388661395,0.725431138811168,-0.1280579784123466,0.3609532235409633,-0.024660785128175596,0.1603314551320984,0.017666787644354497,0.16381211820879407,-0.1606271291119403,0.31555794007503934,0.12429354262640159
0.35000000000000014,0.5229587165372851,-0.031667780577047826,0.37960790931315697,0.5978338917160714,0.08426374099163716,0.04749999970954377,ok,-0.04047374025555457,-0.15410910543350093,-0.020596987366389416,-2.131647878825295,0.002282224718860808,2.0627570600482272,0.7238248675200486,-0.11758281097991696,0.3283876351837055,-0.0315474122202999,0.13162358637774604,0.015404515142946353,0.16191355320537265,-0.15602187607057347,0.3137955097405636,0.12213116653603236
0.36000000000000015,0.5237564045728536,-0.03247864545676542,0.37870287325220126,0.5954602155607449,0.08425889767215686,0.20150000091234688,ok,-0.04164956836535374,-0.15082522908166388,-0.020912461488592413,-2.1303316429615173,0.0024362698702902713,2.064376195580281,0.7222646487593428,-0.10803109272919416,0.29666654022561934,-0.037666342636608334,0.10365256406727506,0.013355882701843938,0.16006485334185871,-0.15166640252510755,0.31206401487274305,0.1200012025260483
0.37000000000000016,0.5244558869763379,-0.0332706168792198,0.37782210379848424,0.5932263888734889,0.08424434692243997,0.16479199985042214,ok,-0.04272987929264568,-0.1478585636794077,-0.021289124914958497,-2.1292951173208445,0.0025698286973087105,2.0659768441137,0.7207479847340917,-0.09925364410519472,0.2657094187762334,-0.04314672718711539,0.07636819162430286,0.011472296393644254,0.15824086579708896,-0.1475176758357398,0.3103625351422108,0.11790124173551474
0.38000000000000017,0.52505970695958,-0.03404380519229741,0.376965882535307,0.5911299685809426,0.08422030611831367,0.17841599947132636,ok,-0.043722415733697624,-0.14520146949164536,-0.021720592186829653,-2.1285314354046014,0.002684551661245153,2.067559252771671,0.7192728079757343,-0.0911155907204192,0.2354446009308598,-0.0481062017545168,0.04972615609547874,0.009712313359387643,0.15641883508763935,-0.1435388387758367,0.3086903296166662,0.11582922795232799
0.3900000000000002,0.5255701921826865,-0.03479831302139623,0.3761345028732114,0.5891688330315425,0.08418697325795087,0.3469579987722682,ok,-0.044633571640901815,-0.14284702348233677,-0.02220165420437482,-2.1280341738436466,0.0027816747948390297,2.069123441122547,0.717837419587976,-0.08349447736097221,0.2058081887073443,-0.05265233970104535,0.02368741588487422,0.008040374536612544,0.15457802245887947,-0.13969814100585934,0.3070468191437429,0.11378342266728707
0.4000000000000002,0.5259894777742905,-0.035534236322777496,0.37532826737989866,0.5873408852803911,0.08414452972162215,0.1322920015809359,ok,-0.04546851641451154,-0.14078894159526334,-0.022728177601385274,-2.127797299684798,0.002862078540205155,2.070669221347136,0.7164404381779174,-0.07627859721119547,0.17674314617592896,-0.056883961963561255,-0.0017824727869883681,0.0064257238833183026,0.1526995584678302,-0.13596804238628807,0.30543157141239674,0.11176237618843897
0.4100000000000002,0.5263195267100482,-0.036251665513128715,0.37454748484719935,0.5856443108644227,0.08409314261352883,0.12708400026895106,ok,-0.04623130238662349,-0.13902151013350406,-0.023297017221020885,-2.1278151244126677,0.002926335779038338,2.072196216931814,0.7150807577540544,-0.06936550711569743,0.14819853269416214,-0.060892300601644134,-0.026713702901899495,0.004841480140016328,0.15076606776169035,-0.1323244337099077,0.30384428791467644,0.10976490392776624
0.4200000000000002,0.5265621480767102,-0.0369506866035608,0.3737924679628082,0.5840774888087259,0.08403296692223872,0.07504199857066851,ok,-0.04692495745778047,-0.13753952480656242,-0.023905940227037327,-2.1280822614416866,0.0029747505804385015,2.073703877609431,0.7137575134169554,-0.06266070430443806,0.12012885268672749,-0.0647620548659162,-0.05113265171387585,0.0032638367331895186,0.14876150887761588,-0.12874597755901154,0.30228479302016387,0.10779006710349627
0.4300000000000002,0.5267190134630113,-0.037631382371899454,0.37306353097892503,0.5826390725818132,0.08396414742786348,0.3069579997827532,ok,-0.04755156450082485,-0.13633823627969516,-0.024553560775696488,-2.128593587958825,0.0030073889477703966,2.0751914926982074,0.7124700536413653,-0.056076443282009815,0.09249350584375825,-0.06857234070321343,-0.07506218085243649,0.00167136672840829,0.1466709622058076,-0.12521353505103786,0.30075302451237385,0.10583715724194635
0.4400000000000002,0.5267916718030974,-0.03829383355215302,0.37236098762802733,0.5813276694900373,0.08388682044723686,0.1813750004657777,ok,-0.04811232893364495,-0.13541330122125758,-0.02523928418272862,-2.1293442097673494,0.0030241026150544794,2.0766582023202655,0.7112179182908549,-0.04953064245719108,0.06525632171654035,-0.07239759202597414,-0.09852206908123856,4.4411077110939316e-05,0.14448065304809515,-0.12170967600993196,0.2992490255138265,0.10390568395167922
0.45000000000000023,0.526781562807361,-0.03893812008836751,0.3716851485806209,0.5801420346136423,0.08380111530576824,0.07837500015739352,ok,-0.04860763535821686,-0.1347607380040922,-0.025963260102988363,-2.1303294304581617,0.003024546725825589,2.0781030088507464,0.7100008215307556,-0.04294591605503582,0.03838516920155707,-0.07630835124134945,-0.12152916596197384,-0.0016354596175142445,0.14217773584429827,-0.11821823769188725,0.297772937167215,0.10199536554811907
0.46000000000000024,0.526690029329184,-0.0395643223973369,0.3710363192829313,0.579081035085118,0.08370715573235246,0.06324999958451372,ok,-0.04903709451876722,-0.13437688631207662,-0.026726343615401858,-2.1315447221177815,0.0030081921296504464,2.0795247862091895,0.7088186391538367,-0.03624868365385304,0.011851629342932794,-0.08037201073733427,-0.14409761048145311,-0.0033859262781610324,0.139750216934453,-0.11472393917610138,0.2963249924296387,0.10010612213345833
0.47000000000000025,0.5265183287940157,-0.0401725226722619,0.3704147977651875,0.5781436195148048,0.08360506111549518,0.04729100146505516,ok,-0.04939958135530575,-0.1342583700186473,-0.0275300637227752,-2.132985698222596,0.002974332866868836,2.080922288378534,0.7076713997620757,-0.029368353929663575,-0.01436927507916991,-0.08465349955733878,-0.16623901143324543,-0.005224355675249522,0.1371868932006173,-0.1112120361367177,0.2949055105842677,0.09823807081884729
0.48000000000000026,0.5262676438593288,-0.040762806234704005,0.36982087240595374,0.5773288035251422,0.08349494763447897,0.3401670001039747,ok,-0.049693264894602386,-0.134402062769439,-0.02837659871834859,-2.1346480883369283,0.0029220893101163407,2.0822941573105402,0.7065592794007085,-0.0222365755362158,-0.040299298923589986,-0.08921591930083488,-0.18796258715022998,-0.007168196766180813,0.13447729849507797,-0.10766800814812552,0.2935148923380996,0.0963915228095993
0.49000000000000027,0.5259390924622991,-0.04133526294296665,0.36925481965817275,0.5766356558438014,0.08337692928038885,0.09679100003268104,ok,-0.04991563064996454,-0.1348050557586749,-0.029268757911356937,-2.1365277142084307,0.0028504073424545327,2.083638930295491,0.7054825993192273,-0.01478654694722563,-0.06595714738603654,-0.09412113549065948,-0.2092752736817716,-0.009235346804824917,0.13161166414552683,-0.10407727247719888,0.2921536154021185,0.09456698210521162
0.5000000000000002,0.525533737396904,-0.04188998866893932,0.36871690171665256,0.5760632847795787,0.08325111877402026,0.07333299981837627,ok,-0.0500634961194368,-0.13546462723253527,-0.030209969266263532,-2.138620466945248,0.0027580538744062834,2.084955046936946,0.7044418265944553,-0.006952379620657365,-0.09135860509533775,-0.09943032817470603,-0.23018180267595786,-0.011444493570880865,0.12858089230147768,-0.10042491908997805,0.2908222304457718,0.09276514558998568
0.5100000000000002,0.5250525955546962,-0.04242708685764153,0.36820736410632016,0.5756108249103113,0.08311762838574369,0.05304099977365695,ok,-0.050133019915643375,-0.13637821328348865,-0.031204272548010593,-2.140922284972008,0.0026436089386974748,2.086240855859961,0.7034375774035555,0.0013314895544074854,-0.11651662358142242,-0.10520450431093625,-0.25068474952164627,-0.013815438883474071,0.1253765412434274,-0.09669546261673714,0.28952135732626183,0.09098690430525287
0.5200000000000002,0.5244966469593311,-0.042946670186010075,0.36772643316967085,0.5752774238135173,0.08297657066091295,0.050874999942607246,ok,-0.0501197050200993,-0.13754337951930287,-0.03225631759111996,-2.1434291324672246,0.002505454549862734,2.0874946212723957,0.7024706227773881,0.01013083893209388,-0.1414413680843555,-0.1115049731962267,-0.2707845516419586,-0.016369407439493174,0.1219908220979431,-0.09287260796679686,0.28825168149880387,0.08923334570172146
0.5300000000000002,0.5238668437238042,-0.043448862339910355,0.36727431343042244,0.5750622286681294,0.08282805905335036,0.3150829998048721,ok,-0.05001839663077836,-0.13895779320014642,-0.03337136732308223,-2.146136977983644,0.0023417604754678023,2.0887145294933753,0.7015418966977202,0.019512156562877605,-0.16614022373942328,-0.11839378477796807,-0.29047949619915575,-0.019129343900186075,0.11841660670036822,-0.08893902720751878,0.2870139505168674,0.08750575667036602
0.5400000000000003,0.5231641190611277,-0.04393379993092789,0.3668511848085039,0.5749643725497507,0.08267220846878401,0.1962080004886957,ok,-0.04982327506514958,-0.14061919543754064,-0.03455530517086191,-2.1490417729456355,0.0021504670364659415,2.089898695560379,0.7006525064256449,0.029543087143218315,-0.19061776028754768,-0.12593412906045864,-0.3097656758646254,-0.022120199982861886,0.11464744663279346,-0.08487614626598679,0.28580897053159093,0.08580562714248481
0.5500000000000003,0.5223893964837534,-0.044401634577199374,0.3664571996590796,0.5749829602323918,0.08250913571986285,0.08587500087742228,ok,-0.0495278441937174,-0.14252537304041613,-0.035814646461466496,-2.1521394297042815,0.0019292650366373226,2.0910451700267068,0.699803744962985,0.04029282795413689,-0.21487565361013314,-0.13419069290470648,-0.32863691072676676,-0.025369212037238065,0.11067760374661974,-0.08066394102402001,0.28463760269696603,0.0841346540337261
0.5600000000000003,0.5215435993343486,-0.04485253517533992,0.36609247960542185,0.5751170532967347,0.0823389598945145,0.06416600081138313,ok,-0.04912491591417603,-0.14467412957651746,-0.03715655339051356,-2.155425798811549,0.001675572916264942,2.092151946064173,0.6989971055527449,0.05183246766628415,-0.23891256156798793,-0.1432299682260447,-0.3470846338610734,-0.028906168129583364,0.10650209276328511,-0.07628074350933829,0.2835007593819652,0.08249474528254606
0.5700000000000003,0.5206276608004757,-0.04528669039334747,0.36575711213204276,0.5753656543287952,0.08216180264000121,0.38741699972888455,ok,-0.04860659123751319,-0.14706325519219735,-0.03858885307277401,-2.15889664515016,0.0013865112349691082,2.093216966991806,0.6982342981176515,0.06423525876508131,-0.26272395084125283,-0.15312050280929515,-0.36509773758787517,-0.03276366194387515,0.10211673683821462,-0.07170306019583536,0.2823994000823141,0.08088802370005126
0.5800000000000003,0.5196425345781874,-0.045704311417108144,0.36545114690068264,0.5757276899736127,0.08197778836608487,0.0838329997350229,ok,-0.04796423864986237,-0.14969049470060988,-0.04012005810086696,-2.1625476225260387,0.0010588746155303567,2.094238134360188,0.6975172675156931,0.07757681058285923,-0.2863018707408791,-0.1639330815623166,-0.3826623770246074,-0.03697732874705734,0.09751823727444384,-0.06690540598008926,0.2813345269128713,0.07931683030471941
0.5900000000000003,0.5185892063643045,-0.046105634985617705,0.3651745917475674,0.5762019925867519,0.0817870443722994,0.18687499868974555,ok,-0.04718847054403378,-0.15255351340801868,-0.04175938891649013,-2.166374246296285,0.0006891013280597832,2.0952133167329325,0.6968482134558922,0.0919351853660488,-0.3096346693300033,-0.17574082187537188,-0.39976172724928966,-0.041586056150094794,0.09270425888275285,-0.061860159274530854,0.2803071795462706,0.0777837267612393
0.6000000000000003,0.5174687063738419,-0.04649092675202944,0.36492740831599507,0.5767872802026516,0.08158970090652995,0.1322919997619465,ok,-0.04626911869037329,-0.1556498601013187,-0.04351679713524385,-2.1703718635687776,0.0002732407665588353,2.09614035932176,0.6962296118631469,0.10739087429668911,-0.3327066467183273,-0.18861916169664858,-0.41637569030349136,-0.046632159308437685,0.08767353279988836,-0.05653744593438787,0.2793184294443303,0.07629149647680518
0.6100000000000003,0.5162821230970122,-0.04686048500878515,0.36470950727397417,0.5774821345143446,0.08138589116499462,0.21400000150606502,ok,-0.0451952099474064,-0.15897692656850199,-0.045402988752210334,-2.1745356204718127,-0.00019308082652554157,2.097017094649759,0.695664237403803,0.12402662377100378,-0.355497640170121,-0.20264571282200294,-0.4324805484810209,-0.05216150641206565,0.08242597888421911,-0.050905062507483036,0.278369373205437,0.07484314382990599
0.6200000000000003,0.515030618528497,-0.04721464481489601,0.36452074306276594,0.5782849765356052,0.08117575124738986,0.1764999997249106,ok,-0.04395494370969637,-0.1625319029702032,-0.04742944588043036,-2.178860425956623,-0.0007146958906461981,2.097841354438601,0.6951551867787282,0.1419270743771937,-0.3779825358372938,-0.21789994459614684,-0.44804856102093976,-0.05822357567677841,0.07696285008926203,-0.04492845265829596,0.2774611248235269,0.07344189091549568
0.6300000000000003,0.5137154451186485,-0.047553782561251354,0.36436090811927185,0.5791940395967803,0.08095942008555175,0.07641699994564988,ok,-0.04253567296592443,-0.16631172832857613,-0.04960844532639183,-2.1833409115668325,-0.001296931647413982,2.0986109829394937,0.6947059022521452,0.16117816582591396,-0.4001307026913699,-0.23446265464487775,-0.4630475026509585,-0.06487141942928112,0.07128690143756032,-0.038570754658979155,0.27659480662241065,0.07209117108645606
0.6400000000000003,0.5123379647096438,-0.04787832100475732,0.3642297265141088,0.5802073393133425,0.08073703936952796,0.15125000027182978,ok,-0.040923891307665286,-0.17031303535548983,-0.05195307187284061,-2.187971386593342,-0.0019456458417067934,2.0993238519538693,0.6943201947055554,0.18186625059319736,-0.4219053458547818,-0.25241517341245767,-0.4774401446790209,-0.07216150416992381,0.06540258633203935,-0.03179294262686122,0.2757715385933852,0.070794618455354
0.6500000000000004,0.5108996697260073,-0.0481887347929876,0.3641268469490563,0.5813226401670276,0.0805087535015763,0.39620799907424953,ok,-0.03910522880173331,-0.17453208881403764,-0.054477223606965185,-2.192745788040132,-0.0026672608834060318,2.0999778778171896,0.6940022652792868,0.20407684744577811,-0.4432627793863426,-0.27183823834214405,-0.4911836828534064,-0.08015338765210751,0.059316282877032646,-0.02455408973674558,0.27499242582526606,0.0695560523948595
0.6600000000000004,0.5094022068835993,-0.0484855564863794,0.36405183506385325,0.5825374183608667,0.08027470961630241,0.07891699897299986,ok,-0.03706446032727553,-0.17896471660790106,-0.05719560599038662,-2.197657624868666,-0.003468794759927107,2.10057104064596,0.6937567243819193,0.22789295384519204,-0.46415162312919545,-0.2928104619670699,-0.5042291214415143,-0.08890918510994103,0.05303655253667399,-0.01681178787184076,0.2742585436758642,0.06837945594398205
0.6700000000000004,0.507847403657609,-0.04876938306298397,0.36400416501518273,0.583848820661789,0.08003505771385024,0.05824999971082434,ok,-0.034785530788823606,-0.183606232839193,-0.06012371061005732,-2.2026999160830814,-0.004357886611026517,2.1011014061713267,0.6935886065032009,0.2533928244490561,-0.484511935069949,-0.3154063068597381,-0.5165206304372528,-0.09849276707544012,0.04657443269614516,-0.008522764869554651,0.2735709202955281,0.0672689468974869
0.6800000000000004,0.5062372976996725,-0.04904088285915573,0.3639832103127352,0.5852536190410796,0.07978995096257226,0.05341700125427451,ok,-0.03225160254433304,-0.18845135218989248,-0.0632777736786547,-2.207865122387454,-0.005342814281780918,2.1015671504982882,0.6935033788545053,0.28064711321068864,-0.5042743004854009,-0.33969347084306867,-0.5279949030892096,-0.10896862136242073,0.03994376333068809,0.00035625280608508257,0.272930516081324,0.0662287402383435
0.6900000000000004,0.5045741693056541,-0.04930080285577093,0.36398823393184226,0.5867481610809705,0.07953954623746574,0.0501670001540333,ok,-0.029445131412226155,-0.1934940951947465,-0.06667470838708539,-2.213145071418346,-0.006432500495405125,2.101966588131595,0.6935069413825662,0.3097152715419532,-0.523358912747843,-0.36572958050503956,-0.5385805546571469,-0.12040030286022825,0.033161545799699314,0.009867378310302361,0.2723381996217592,0.06526310048398214
0.7000000000000004,0.5028605768949806,-0.04954997616083704,0.36401837777333945,0.5883283163558225,0.07928400497010295,0.049250000301981345,ok,-0.026347978696806624,-0.19872768432222493,-0.07033200419213578,-2.2185308769649175,-0.007636503524007407,2.102298203589592,0.6936056151656692,0.340641098533692,-0.5416746987983837,-0.3935580934748719,-0.5481976209772496,-0.13284838858469447,0.02624832849472238,0.020050046301147633,0.27179471969670843,0.06437628247945389
0.7100000000000004,0.5010993952530126,-0.049789329462996655,0.36407265161356706,0.5899894193429089,0.07902349439356857,0.367915999959223,ok,-0.022941567711469706,-0.20414443131020876,-0.0742675851268845,-2.22401285317469,-0.008964987409854352,2.1025606868745395,0.6938061156286807,0.37344735676263763,-0.5591185655969287,-0.4232033251645302,-0.5567572373049168,-0.14636785472498645,0.01922860937704617,0.03093908177165356,0.2713006729391477,0.06357245921570946
0.7200000000000004,0.49929385599139686,-0.05001989013435481,0.3641499217854751,0.5917262098967279,0.07875818927016118,0.09620800119591877,ok,-0.01920709414384333,-0.20973561696617804,-0.0784996183785298,-2.229580425547739,-0.010428665957104217,2.10275297296831,0.6941155064463972,0.4081294059170662,-0.575574872504338,-0.45466455043971193,-0.5641616037084128,-0.16100480111499918,0.01213123904617766,0.042562306792466524,0.27085646686244313,0.06285563542039078
0.7300000000000004,0.49744758927922683,-0.050242792544606146,0.3642488999598327,0.5935327729566071,0.07848827418770007,0.06237500019778963,ok,-0.015125800084672668,-0.21549136569122143,-0.08304626388292692,-2.2352220415848234,-0.012038713968254209,2.102874285358772,0.6945411295143219,0.4446478750960481,-0.5909152678900116,-0.4879091931666102,-0.5703043717295142,-0.1767924718418179,0.004989799663496144,0.05493765457147108,0.270462278131696,0.06222954601343632
0.7400000000000004,0.49556466537533456,-0.0504592830136055,0.3643681325558951,0.5954024799674609,0.07821394649866446,0.052834000598522834,ok,-0.010679321333712188,-0.22140051837012154,-0.08792535581459303,-2.2409250853021185,-0.013806638686672389,2.102924183355407,0.6950905060600366,0.48292050277107623,-0.6049990642052238,-0.5228652158437467,-0.5750716152967417,-0.1937465649246347,-0.0021570752125911388,0.06806979397736544,0.2701180062358165,0.061697539101367896
0.7500000000000004,0.4936496338436542,-0.05067072268264523,0.36450599150241453,0.5973279354789996,0.07793541995069322,0.051666998842847534,ok,-0.005850116306001426,-0.22745050901217378,-0.0931540079730305,-2.246675801455086,-0.015744104335918736,2.1029026126032813,0.6957712039998103,0.5228134297333538,-0.6176743600886482,-0.5594129658855387,-0.578343571985077,-0.21185989602237484,-0.009265486710227219,0.08194632149580336,0.26982322312553964,0.06126244406823976
0.7600000000000005,0.491707557571669,-0.05087858743844644,0.3646606672850995,0.599300933521187,0.07765292901219237,0.07083299897203688,ok,-0.0006219820086678885,-0.23362725261306028,-0.09874813763188589,-2.252459237174937,-0.017862703296142483,2.102809957736179,0.6965906672147684,0.5641324394819759,-0.6287801436386928,-0.5973769291952,-0.5799973509231707,-0.23109658693452437,-0.016286222060711772,0.09653365550004595,0.2695771199445164,0.060926426569480205
0.7700000000000005,0.48974403787773213,-0.051084463899356156,0.3648301654388988,0.6013124295593247,0.07736673382796241,0.0760000002628658,ok,0.0050193423861518704,-0.2399150540494472,-0.10472190692383788,-2.2582592106841686,-0.020173669165487726,2.102647095515572,0.6975560037697688,0.6066148979887255,-0.6381496172142613,-0.6365180817662897,-0.5799107902369512,-0.2513860918272972,-0.023164942285097516,0.11177287111585718,0.26937845270699523,0.060690833888322235
0.7800000000000005,0.48776522616956275,-0.051290040401533975,0.3650123078434906,0.6033525349727896,0.07707712564323915,0.058583998907124624,ok,0.011085491366039125,-0.24629655022158983,-0.11108708774150078,-2.264058318586538,-0.022687530083760697,2.102415446092721,0.6986737324809273,0.6499234305593464,-0.6456149571155846,-0.6765277980688663,-0.5779675968025704,-0.27261754809354144,-0.02984268473970236,0.12757583891342406,0.2692254896536127,0.060556036169129204
0.7900000000000005,0.4857778169393775,-0.05149709194489218,0.36520474031412326,0.6054105418607929,0.07678443240994053,0.050874999942607246,ok,0.01758472567163259,-0.25275269979274567,-0.11785236572218945,-2.2698379945545635,-0.02541370556469611,2.1021170192453242,0.6999494908700616,0.6936426449879616,-0.6510136454863193,-0.7170245317779742,-0.5740638008645125,-0.29463512821907073,-0.03625675899180084,0.14382216461555997,0.26911596399475224,0.06052127141564802
0.8000000000000005,0.48378901654437656,-0.05170745822165721,0.365404947989058,0.6074749862588198,0.07648902414174057,0.052041999879293144,ok,0.024521152121512204,-0.2592628362476089,-0.1250226110399692,-2.275578632563209,-0.02836005684688682,2.101754451655406,0.7013877125162172,0.7372803975352853,-0.6541963726004814,-0.7575546653396028,-0.5681153981214567,-0.3172352415365462,-0.04234210193974291,0.1603575457853998,0.2690470367226887,0.06058450463831576
0.8100000000000005,0.4818064824650322,-0.051923014200605806,0.3656102798320809,0.6095337571930393,0.07619131742925792,0.04983300095773302,ok,0.03189395609686506,-0.26580479997361367,-0.13259815769336522,-2.2812597865444233,-0.03153240926225228,2.1013310306360085,0.7029912879740712,0.7802751066584844,-0.6550362986638901,-0.797598941642348,-0.5600668325243252,-0.34016654002433283,-0.04803312853570564,0.1769942282419065,0.2690152749681579,0.06074231381107749
0.8200000000000005,0.47983822881077315,-0.05214563330802455,0.3658179831303189,0.6115742570473877,0.07589177838849795,0.04954200085194316,ok,0.039696707163449904,-0.2723551629602526,-0.1405741471097887,-2.2868604548696667,-0.03493407466249561,2.1008506993506515,0.7047612302564903,0.822010343875613,-0.6534391939537413,-0.8365856451844708,-0.5498997119334249,-0.3631336565753149,-0.0532660650312637,0.19351421380360254,0.26901665176083556,0.06098981686025794
0.8300000000000005,0.4778924959542109,-0.05237714402914113,0.36602524813474835,0.6135836152098879,0.07559092323122196,0.21312500030035153,ok,0.04791681060220603,-0.27888955489979,-0.1489400035616334,-2.292359451989001,-0.03856541122824876,2.100318038700339,0.7066963723945263,0.8618372876997643,-0.6493536760051488,-0.8739111118348338,-0.5376408868530276,-0.3858053838713117,-0.05798168325165235,0.20967569710021544,0.26904657275788846,0.061320654148661155
0.8400000000000005,0.4759775853787324,-0.05261928169480924,0.36622926197461925,0.6155489518797348,0.07528931565832378,0.09920799857354723,ok,0.05653518347920368,-0.2853830916598415,-0.15767911467998175,-2.2977358608575313,-0.04242346506696188,2.0997382218678227,0.7087931293655285,0.8991045979572574,-0.642780490414159,-0.9089671970903944,-0.523368824029583,-0.4078275478767012,-0.06212827379243771,0.22522286662596472,0.2683659564264671,0.061727039224414706
0.8500000000000005,0.4741016649364558,-0.05287363819567974,0.36642726976354756,0.6174576826114376,0.07498756042699033,0.0825000006443588,ok,0.06552622945877626,-0.29181089656398307,-0.16676878665088568,-2.3029695490978273,-0.04650174054572889,2.0991169391298983,0.7110453580317881,0.9331939505953649,-0.6337796160532363,-0.9411741097405149,-0.5072171493556957,-0.42884015676234005,-0.06566461687724526,0.23989870812244343,0.2674533206840173,0.06219988653659657
0.8600000000000005,0.47227255424317865,-0.0531416131975862,0.36661663957534263,0.6192978474629424,0.07468629275201065,0.16649999997753184,ok,0.07485816896472991,-0.29814869272451544,-0.17618052774829082,-2.308041720591384,-0.050790142113352296,2.098460292961126,0.7134443451130126,0.9635581019815027,-0.6224739967691211,-0.9700157371659027,-0.48937438666721494,-0.44849760608766276,-0.06856265112288135,0.2534598674633545,0.26655479902276746,0.0627290183335198
0.8700000000000006,0.47049750410133573,-0.053424370905423416,0.3667949269412473,0.6210584427264526,0.07438616366002722,0.12079200132575352,ok,0.08449374998454494,-0.3043734326922066,-0.18588068511994985,-2.3129354644580564,-0.05527511817422892,2.097774666449897,0.7159789437876461,0.9897572728470545,-0.6090489637723834,-0.9950735714425308,-0.4700793093383408,-0.466489964625397,-0.07080952297418301,0.2656920917705099,0.26566754445360374,0.06330344459564376
0.8800000000000006,0.4687829867015123,-0.05372280635300543,0.36695993396508253,0.622729729557797,0.07408782196707277,0.0797079992480576,ok,0.09439132271301548,-0.3104639223299305,-0.19583142083437516,-2.31763625755144,-0.05994001782048289,2.097066571220155,0.7186358647053512,1.0114892216122044,-0.5937469123669123,-1.0160549341945484,-0.44961191237423814,-0.48256286498787465,-0.07240873768604085,0.276424426187812,0.26478861566434597,0.06391170079842608
0.8900000000000006,0.46713451405856443,-0.054037524491940915,0.36710975826922276,0.6243034935777072,0.07379189409681805,0.06500000017695129,ok,0.10450621492913753,-0.3164013914535996,-0.20599197017632065,-2.3221323766751825,-0.06476564647036163,2.0963424838432947,0.7214001089672294,1.0286088640726236,-0.5768574559353803,-1.0328116284085314,-0.4282806931337395,-0.49653346484893157,-0.073380228284227,0.2855403313883707,0.26391506809555265,0.06454222021696328
0.9000000000000006,0.4655565002222265,-0.05436883406842291,0.3672428278390011,0.6257732332518153,0.07349896338018136,0.21308299983502366,ok,0.11479230356986377,-0.3221699660129534,-0.21632008646040596,-2.3264151836065197,-0.06973098111885095,2.0956086815604524,0.7242555122811131,1.0411346975320164,-0.5587039589391731,-1.0453464280440041,-0.4064075390237254,-0.5083004080305135,-0.07375929738049652,0.29298425563954555,0.2630440453010634,0.06518371212428738
0.9100000000000006,0.4640521783949308,-0.05471675662298771,0.3673579193155576,0.6271342621907786,0.07320955066939457,0.06470799962698948,ok,0.12520365054518393,-0.3277570056023451,-0.22677355074084599,-2.330479258996757,-0.0748139851991561,2.0948710885866473,0.7271853548375086,1.0492413203535758,-0.5396278867965432,-1.0538066935742836,-0.3843119028318091,-0.5178466253761709,-0.0735945395377843,0.298762883609904,0.26217286217241503,0.06582551590894052
0.9200000000000006,0.4626235779510997,-0.055081049241914364,0.36745415912581103,0.6283838595336761,0.07292409800319785,0.05316699935065117,ok,0.13569606374871968,-0.33315328447031056,-0.23731161767658882,-2.334322378025075,-0.0799924514529178,2.0941351431912696,0.7301729836736076,1.0532392991185586,-0.5199727075006093,-1.0584662121216932,-0.362295964425391,-0.5252348845049616,-0.07294507294921895,0.30294107892761524,0.261299074445281,0.06645790426455121
0.9300000000000006,0.461271559590211,-0.055461238233676116,0.36753100899852137,0.6295216662282649,0.07264295676764043,0.06962500083318446,ok,0.14622845673990525,-0.33835301154531666,-0.24789627979780574,-2.337945337669329,-0.08524480029796742,2.0934056924617774,0.7332023944628837,1.0535453713312055,-0.5000690405151201,-1.0596979758023524,-0.3406322014559289,-0.5305970635385879,-0.07187752560544602,0.30563331410565947,0.26042053054436987,0.06707231547732405
0.9400000000000006,0.4599959007678342,-0.05585665996946087,0.36758823935641355,0.630547276468295,0.07236638133787338,0.05583299935096875,ok,0.1567639104532173,-0.3433537019504679,-0.25849325955582925,-2.3413516596838884,-0.0905507709333533,2.092686917205723,0.7362587276039403,1.050651714840464,-0.4802216260091263,-1.0579462007823928,-0.31955514150788955,-0.5341205507061851,-0.07046119375144545,0.30699306757107186,0.259535403548404,0.06766150404991834
0.9500000000000006,0.4587954213434659,-0.05626650550845126,0.367625887900696,0.631462578653793,0.07209452678621162,0.051417000577203,ok,0.16727042760162195,-0.34815591821055913,-0.2690727215636532,-2.344547211098967,-0.09589197644041515,2.0919823052682087,0.739328658279651,1.0450871578936023,-0.4607007034533554,-1.0536904079187657,-0.29925559801887613,-0.536030031508794,-0.06876645827357233,0.30719911554645035,0.25864220099245555,0.06821960975641421
0.9600000000000006,0.457668132589421,-0.0566898643574112,0.3676442185565415,0.6322706271243638,0.07182745301779672,0.15683399942645337,ok,0.17772129918055796,-0.3527629252450927,-0.27960962564284086,-2.347539767079156,-0.10125227675550309,2.091294640685473,0.7424006494351155,1.0373867431271728,-0.44173613266521844,-1.0474173959422441,-0.2798794983391385,-0.5365710781102462,-0.06686145850815815,0.3064432458756882,0.25773975985845227,0.06874215010453995
0.9700000000000006,0.45661139791007377,-0.057125765181181454,0.3676436764558921,0.6329770069295536,0.07156513246265557,0.10887499956879765,ok,0.18809516661182968,-0.35718028657174483,-0.2900837996022633,-2.3503385620625474,-0.10661798753660555,2.0906260261003915,0.7454650818938724,1.0280631133657783,-0.4235154525879709,-1.0395946176582702,-0.26152908147371384,-0.5359941025189886,-0.06481092988126906,0.30491845942061474,0.25682722707489564,0.06778074001061041
0.9800000000000006,0.4556220916311909,-0.05757321097361373,0.3676248478452088,0.6335848230156576,0.07130746165176739,0.11179200009792112,ok,0.19837579774548747,-0.3614154410976245,-0.300479745778846,-2.3529538528772846,-0.11197792856179543,2.089977916801579,0.7485142664880785,1.0175933097407859,-0.40618315190168086,-1.030658281023016,-0.24426789821131112,-0.5345440776145032,-0.062671680020994,0.302811385058239,0.2559040319974012,0.06645954297251991
0.9900000000000007,0.45469675116451763,-0.0580312089380321,0.3675884124152251,0.6340990719073804,0.07105427188635455,0.0838329997350229,ok,0.20855173084289533,-0.3654772726166413,-0.3107863285890762,-2.3553965318593977,-0.11732336933794046,2.089351200001369,0.7515423803386609,1.006399171579764,-0.3898444364141826,-1.0209947275795015,-0.22812487256322597,-0.5324487724188459,-0.060494573136509404,0.3002939238798343,0.25496984590726396,0.06518371783406016
1.0000000000000007,0.45383170959903196,-0.058498792893376735,0.36753511124953453,0.6345251206994427,0.07080534327984203,0.15866700050537474,ok,0.21861572255869297,-0.36937571698078314,-0.3209962758648712,-2.3576777805850297,-0.12264785706212893,2.0887462542700037,0.7545453195774593,0.9948424961581629,-0.37456892255725416,-1.0109359180663788,-0.21310049727125463,-0.5299131341793507,-0.058323299168411044,0.29751933355760174,0.25402454567587984,0.06394893846009114
1.0100000000000007,0.45302320950887254,-0.05897503977164066,0.3674657172357895,0.6348684350814181,0.0705604178740615,0.08295900079247076,ok,0.2285641475202746,-0.3731214062063557,-0.331105635045535,-2.359808785557742,-0.12794698840392243,2.0881630212783198,0.7575205129130353,0.9832234067919668,-0.36039542025358356,-1.0007577789935311,-0.1991727616124669,-0.527115847604367,-0.0561943471538183,0.29461997160028186,0.2530681760061523,0.06275121425705124
1.0200000000000007,0.45226749604566674,-0.05945908066107859,0.36738101090090497,0.6351344471139347,0.07031921187593544,0.05508299909706693,ok,0.23839638158819426,-0.37672536040889154,-0.3411132128354703,-2.3618005131738666,-0.1332181468799661,2.0876010778067817,0.7604667126290382,0.9717823521199157,-0.3473370107832791,-0.9906818985364151,-0.18630268437744327,-0.52420814189308,-0.05413736437028027,0.2917066997788641,0.2521009132862001,0.06158692215181144
1.0300000000000007,0.4515608898664748,-0.05995010726844086,0.36728176161615317,0.635328453400238,0.07008142664103811,0.052041999879293144,ok,0.24811420510939342,-0.3801987305167243,-0.35102003182083447,-2.363663540017641,-0.1384602282988969,2.087059704163079,0.7633837796268268,0.9607046730009532,-0.33538601098149623,-0.980879603340665,-0.1744392260670094,-0.5213143329573348,-0.0521757287271491,0.28886955259998504,0.2511230333839946,0.06045281662535004
1.0400000000000007,0.4508998416467913,-0.06044737473868,0.36716871361773207,0.6354555405381961,0.06984675816756762,0.052999999752501026,ok,0.2577212518394029,-0.3835525906265393,-0.36082882785424114,-2.3654079322783113,-0.14367337162847024,2.0865379468758074,0.7662724751528266,0.950126685671405,-0.32451857086792,-0.97147744813745,-0.16352346046857424,-0.5185335621943709,-0.0503272450962686,0.2861792622022741,0.25013488345335294,0.05934602330925429
1.0500000000000007,0.45028097054212857,-0.06095020171789797,0.36704257616716013,0.6355205339850314,0.0696149050229701,0.14483300037682056,ok,0.26722251869611696,-0.3867977763352185,-0.3705436023356156,-2.367043166882997,-0.14885870725041395,2.0860346744248446,0.7691342677748494,0.967390160797595,-0.3072026285554645,-1.001701762901807,-0.15281351398624737,-0.5283744056222465,-0.038032806770849956,0.2797270797959255,0.24913685803738805,0.05826402108579762
1.0600000000000007,0.449722444678575,-0.06152067746692521,0.36686020766243177,0.6354038678577768,0.06937409257148926,0.05708299977413844,ok,0.2768964203040929,-0.38986980262077314,-0.3805606199646337,-2.3685713020228594,-0.15414245130663642,2.085654346357136,0.7719315385728086,0.9816660244419942,-0.29190718841566665,-1.028772611434471,-0.14338938516564326,-0.5373936471216851,-0.02639263846083045,0.2730398239035441,0.24814000510569884,0.057267729002688506
1.0700000000000007,0.44921849247795614,-0.06215601482546835,0.366624264055752,0.6351166372397979,0.06912436945939242,0.05200000123295467,ok,0.28671308054851286,-0.39278887450492983,-0.3908483460789784,-2.3700051958745156,-0.15951638777785326,2.0853904199725277,0.774661936811844,0.9925359754611788,-0.27891602014372435,-1.0517395686975126,-0.13522340510293912,-0.5453640343658074,-0.015839809304028566,0.26648420040060156,0.24714441798500675,0.05635065602928785
1.0800000000000007,0.44876265047596603,-0.06285100983989045,0.36633902396366724,0.6346745466643208,0.06886621158799779,0.1426660001015989,ok,0.29663844030312464,-0.3955780347063671,-0.4013657417659535,-2.371357429925545,-0.16497002812151135,2.0852320218794875,0.77732677881585,1.0005784054798301,-0.2681349555644847,-1.071125379587434,-0.12821555364241813,-0.5525009821449144,-0.006369536141521026,0.26023173649903086,0.24614990490499034,0.055504465564475386
1.0900000000000007,0.44834881202613325,-0.06360054180631475,0.36600862103191023,0.634092736092941,0.06860010075854416,0.20141700042586308,ok,0.30664422435792293,-0.39825938426201196,-0.41207699556182786,-2.372639585461969,-0.1704950379429605,2.0851683265180725,0.7799290961808403,1.006274612036875,-0.2594225644852168,-1.0873885293623178,-0.1222495762147417,-0.558981280245319,0.002050269328648255,0.2543996879431871,0.24515634065836306,0.05472151696591496
1.1000000000000008,0.44797133758579216,-0.06439968016313885,0.3656369691452004,0.6333854881300187,0.06832652812686671,0.06475000009231735,ok,0.31670697047829166,-0.40085360990686414,-0.422950880855451,-2.3738620812241167,-0.1760848507454137,2.085188829211359,0.7824730930602721,1.0100203276605533,-0.2526086353937741,-1.1009278008811478,-0.11720245149069158,-0.5649470650386724,0.009470776592001219,0.24906030071138313,0.2441636353822504,0.05399490678839605
1.1100000000000008,0.4476251154696024,-0.06524375976802993,0.3652277153452815,0.6325660438038153,0.06804599536956217,0.05241699909674935,ok,0.3268071737548972,-0.4033796962608019,-0.4339601588642625,-2.3750341057390236,-0.18173432139580042,2.085283536977279,0.7849636960673859,1.0121385171536783,-0.24750894055976289,-1.1120882957792448,-0.11295134260388585,-0.5705106713532471,0.01595515373233013,0.24425031986755774,0.24317171342172333,0.053318470632666426
1.1200000000000008,0.4473055842867217,-0.06612842823063449,0.36478421544823464,0.6316465071260821,0.06775901428210318,0.052041999879293144,ok,0.336928558926434,-0.40585478566639954,-0.44508104182205493,-2.3761636191650624,-0.1874394281093329,2.0854430885146025,0.7874061992660615,1.012891894266445,-0.24393638530445053,-1.121167905569012,-0.1093783732492002,-0.5757596258517721,0.021572828363527127,0.23997981341624028,0.24218049983007717,0.05268675725975225
1.1300000000000008,0.44700872744598674,-0.06704967011792726,0.36430952721139986,0.6306378181624432,0.06746610539045185,0.05129199962539133,ok,0.3470574778690984,-0.40829414951944404,-0.45629272087774503,-2.377257402897554,-0.1931970243678506,2.085658816798238,0.7898059974002238,1.0124942763997502,-0.24170894915008548,-1.1284236056818906,-0.10637364257105097,-0.5807613293988462,0.02639508273403224,0.23623981711327635,0.24118991256047023,0.052094984676787554
1.1400000000000008,0.44673104860562346,-0.06800381308746231,0.3638064163160492,0.6295497760112528,0.06716779602022917,0.06054099867469631,ok,0.3571824206330959,-0.4107112390109449,-0.4675769569345639,-2.3783211393232646,-0.19900463766183907,2.0859227676255783,0.7921683955713567,1.0111203809060259,-0.24065496215082086,-1.134077233161927,-0.1038368885968009,-0.5855671934819315,0.03049185049688791,0.2330086218388834,0.24019985866767235,0.05153898580048111
1.1500000000000008,0.44646953521151417,-0.06898752066853325,0.3632773711264091,0.6283910958343991,0.06686461814469978,0.16758400124672335,ok,0.3672936244421562,-0.41311778863245313,-0.4789177292661832,-2.3793595082092325,-0.20486030959665838,2.086227686130547,0.7944984817897455,1.0089139823325524,-0.24061628101857582,-1.1383206027663655,-0.10167816447096024,-0.5902161447017845,0.03392952573486112,0.2302567270335468,0.23921023279422715,0.051015149355641276
1.1600000000000008,0.4462216155902503,-0.06999777577312062,0.3627246229664126,0.6271694871667702,0.06655710623063384,0.1165409994428046,ok,0.37738276426548173,-0.4155239514426389,-0.49030093529384683,-2.3803762898539422,-0.21076247104367624,2.0865669813878958,0.796801049060081,1.005994532413523,-0.24144988490325967,-1.1413199354308678,-0.09981782931142096,-0.5947375034458843,0.036769581861025386,0.227950595873373,0.23822091760314879,0.050520360010433446
1.1700000000000008,0.4459851135869524,-0.07103185826977591,0.36215016940579803,0.6258917436953872,0.06624579522061252,0.08670799979881849,ok,0.38744270958961696,-0.4179384502916715,-0.5017141346481555,-2.3813744681470563,-0.2167098460781351,2.086934677206506,0.7990805550188147,1.0024624331823262,-0.24302833467475649,-1.1432196386303213,-0.0981860910474896,-0.599153293080164,0.039067810719398084,0.22605539701191757,0.23723178479315538,0.05005194042634778
1.1800000000000008,0.4457582035200188,-0.07208731921538081,0.361555798706517,0.6245638373059028,0.06593121872998715,0.06020900036673993,ok,0.39746733392144024,-0.42036873363841903,-0.5131463310344587,-2.382356329057531,-0.22270137900893675,2.0873253553136997,0.8013411089889338,0.998403182125078,-0.2452394547268909,-1.1441455085405028,-0.09672228004433206,-0.6034800580843731,0.0408740174896583,0.22453692691770608,0.23624269662039915,0.049607596891105596
1.1900000000000008,0.4455393672682064,-0.07316195367820885,0.3609431141262305,0.6231910113515617,0.06561390749359268,0.10404199929325841,ok,0.40745136574269103,-0.42282112818568796,-0.5245877861198638,-2.3833235518579743,-0.2287361795897805,2.0877340954885963,0.8035864782581109,0.993890602261991,-0.24798551555460568,-1.1442074330386587,-0.0953739830324241,-0.6077302743284468,0.04223203639884243,0.22336289348820873,0.23525350746482965,0.04918536946260055
1.2000000000000008,0.4453273545837077,-0.07425377352920037,0.36031355720765945,0.621777869804923,0.06529438806818352,0.13308300003700424,ok,0.41739027176531096,-0.425300983341234,-0.5360298604502504,-2.3842772916882984,-0.23481348233306495,2.088156415852585,0.805820107192993,0.9889893467434628,-0.25118212491027075,-1.1435016720917928,-0.09409612750181197,-0.6119134298367976,0.043179960860009435,0.22250371759425203,0.2342640651284768,0.04878358702955313
1.2100000000000009,0.4451211472004144,-0.07536098113162948,0.35966842951215316,0.6203284602498257,0.06497318177821092,0.06879200009279884,ok,0.4272801652327456,-0.4278128045903367,-0.5474648771711683,-2.3852182529633166,-0.24093261663143292,2.088588215461185,0.8080451443689355,0.9837568378097342,-0.2547569773507704,-1.1421127840980887,-0.09285007653330492,-0.6160368449722644,0.04375050703431482,0.22193298191992838,0.23327421207013255,0.04840082734038263
1.2200000000000009,0.4449199269396604,-0.07648194451416195,0.35900891249911776,0.6188463496239212,0.06465080388224913,0.05387499913922511,ok,0.43711773361084294,-0.43036037436384444,-0.5588860050121492,-2.38614675372865,-0.24709298508115557,2.089025720531528,0.8102644741881347,0.9782447699612974,-0.2586485662249306,-1.1401152568862853,-0.09160277165810023,-0.6201062900734466,0.04397145102485687,0.22162763010867623,0.2322837860696541,0.048035881823202786
1.2300000000000009,0.4447230477699921,-0.0776151743545071,0.35833608542679674,0.6173346922978403,0.06432776293273561,0.10187500083702616,ok,0.4469001813104559,-0.4329468600260937,-0.5702871575810121,-2.387062781445231,-0.25329404798189004,2.0894654350417765,0.8124807504892215,0.9725002800279559,-0.2628049272471702,-1.137574892288284,-0.09032594525837186,-0.6241264479196748,0.043866096915444415,0.2215679958672082,0.23129262064485268,0.04768772488224081
1.2400000000000009,0.44453001162197064,-0.07875930291463103,0.35765094126968255,0.6157962905376666,0.06400456030093547,0.06270899939408991,ok,0.45662518411073544,-0.4355749092985654,-0.581662906503895,-2.3879660408978145,-0.2595353124610868,2.089904096010931,0.8146964304478936,0.9609266867963574,-0.2683281974899882,-1.1303963017461491,-0.09101441853157588,-0.6269243745622589,0.043783911984873816,0.21984207241344225,0.230300544969478,0.047355487282459724
1.2500000000000009,0.444333462432374,-0.07991670151825198,0.3569541117492808,0.6142369404387485,0.06368197826189485,0.1482499992562225,ok,0.46623445097869903,-0.43825819127346527,-0.5929668695213565,-2.3888761850831304,-0.2658045562067094,2.09034193513078,0.8168948511720281,0.935410686512764,-0.27656677158801113,-1.1128238815699525,-0.09650229567613236,-0.6267868366472172,0.04435135270518382,0.21352634450501598,0.22931164779333407,0.04703462537221424
1.260000000000001,0.4441163174495067,-0.0810957646719109,0.3562454407331367,0.6126657212862012,0.06336122072491802,0.07700000060140155,ok,0.4755885578438267,-0.4410238589893454,-0.604095108337056,-2.3898412080398916,-0.2720724245731816,2.0907854486578317,0.8190301146170782,0.9096191909973673,-0.28415533736967535,-1.095467535741942,-0.1017473366998173,-0.6264752684190357,0.04516782805640969,0.20666959831172288,0.22833641390095333,0.04671564246637615
1.270000000000001,0.443879282937716,-0.08229818363285063,0.35552429844889627,0.6110796768802058,0.06304260173220036,0.112749999971129,ok,0.4846847497538004,-0.4438654123630421,-0.6150497836944755,-2.3908586814068897,-0.27833717725737195,2.091237126938396,0.8210968106001955,0.8998220115269502,-0.2969547167681741,-1.0840986877576735,-0.10392663550308576,-0.632193103181114,0.03906171537584077,0.21220176777678626,0.22737547620436133,0.04639962470837078
1.280000000000001,0.4436251597296087,-0.08349098592125187,0.3548093352278056,0.6095262897887403,0.0627289196468533,0.11179200009792112,ok,0.4936829698690699,-0.44683495953072383,-0.6258907705720522,-2.3918979477619207,-0.28465910828918306,2.091627744092154,0.8232188282779633,0.8960790040246049,-0.31127997345024755,-1.075150574958208,-0.10459278050260036,-0.6401438066517119,0.03045457646823553,0.22218235394131042,0.2264178992725902,0.046081575377192416
1.290000000000001,0.4433566794966454,-0.08466272909461736,0.3541068277603878,0.6080200537348724,0.06242144190569394,0.0820420009404188,ok,0.502643759909316,-0.4499477592652263,-0.6366422763216343,-2.3929438755669468,-0.29106054635570017,2.091932289856836,0.8254406518173765,0.8930311682374191,-0.3250945873002414,-1.0667919061355189,-0.10462216651987392,-0.6482334691977821,0.021793492049874286,0.2322366657521727,0.22545933314473454,0.04576120065417261
1.300000000000001,0.4430762845780963,-0.08581377859770337,0.35341634156012786,0.6065577042459261,0.06212054158965621,0.15070799963723402,ok,0.5115740715916902,-0.4531987051382287,-0.6473101953829895,-2.3939900972321455,-0.297542881047678,2.092150224777335,0.8277630184748982,0.8906186867777157,-0.33841999317449356,-1.058963334016425,-0.10404618632638958,-0.6564219214480413,0.013085006352046968,0.24233695093180785,0.22449915023897082,0.04544060098946413
1.310000000000001,0.44278631916137734,-0.08694448258965913,0.3527374300305208,0.6051360797893869,0.061826571930093076,0.06075000055716373,ok,0.5204802584594673,-0.4565829050699736,-0.6578998287231538,-2.3950305590954093,-0.3041071002621584,2.0922810748408556,0.8301863879842163,0.8887813032152289,-0.35127655220397247,-1.0516051781271636,-0.10289629797441747,-0.6646703653666711,0.004335820879915106,0.2524562814434272,0.22353672153220633,0.045121779933873604
1.320000000000001,0.44248902887304836,-0.08805517162650423,0.35206963730249924,0.6037521251555743,0.061539868555483344,0.05408400102169253,ok,0.5293680714916196,-0.46009567059201334,-0.6684158805044255,-2.3960595220751535,-0.31075380391582513,2.092324433049655,0.8327109507986505,0.8874578854661207,-0.36368402073267103,-1.044657168648939,-0.10120439454851705,-0.6729413426570514,-0.004447325983507049,0.26256842995700475,0.2225714177905566,0.04480664043195179
1.330000000000001,0.4421865588019024,-0.08914615866028781,0.3514125012734507,0.6024028963671558,0.0612607515965519,0.06779099931009114,ok,0.5382426503462808,-0.46373251079934,-0.6788624521909149,-2.3970715660206388,-0.31748321734239565,2.0922799597898196,0.8353366350982205,0.8865864794883583,-0.3756617413221469,-1.0380586524393056,-0.09900292275803449,-0.6811987674467284,-0.013257703985158159,0.2726477948416241,0.2216026119566587,0.04449698057754185
1.340000000000001,0.4418809509500721,-0.09021773945479224,0.35076555656110686,0.6010855657233963,0.060989527577408706,0.05812500057800207,ok,0.5471085151411644,-0.4674891282125615,-0.689243038715308,-2.398061595248219,-0.32429520501686293,2.092147382749968,0.8380631130466368,0.8861042035263232,-0.3872288436372619,-1.031748660068625,-0.09632503625992028,-0.6894079322276756,-0.0220886387059788,0.2826692982714158,0.22062968204840044,0.0441944895565272
1.350000000000001,0.44157414097012365,-0.0912701934401393,0.35012833741632887,0.5997974271430713,0.06072649112597455,0.14504200044029858,ok,0.5559695571764277,-0.4713614166489341,-0.6995605253159942,-2.399024845610818,-0.3311892843391397,2.091926496362908,0.840889806029351,0.8859473153020188,-0.3984043250361506,-1.0256661361915662,-0.09320464591158342,-0.6975355309832817,-0.030933526143560132,0.29260829796906684,0.21965201491808123,0.043900743714024346
1.360000000000001,0.4412679545935427,-0.09230378505002675,0.34950038048191934,0.5985359012392694,0.0604719264762573,0.15783399976498913,ok,0.5648290303294479,-0.4753454598992956,-0.7098171866779098,-2.399956892069934,-0.33816463964897253,2.0916171611014724,0.8438158890090417,0.8860462852257002,-0.4092088842615993,-1.0197457774346683,-0.08967851580544922,-0.7055489521061664,-0.03978627649632267,0.302439720860204,0.21866901032322555,0.043617203053087805
1.370000000000001,0.4409640956888532,-0.09331876575128802,0.3488812295012827,0.5972985501763872,0.060226109604886745,0.06270899939408991,ok,0.5736894931817049,-0.4794375487419116,-0.7200146444522565,-2.4008536772279885,-0.3452201291700342,2.0912192983365094,0.8468402862176437,0.8863458509658803,-0.41965777616964023,-1.0139359062579063,-0.08577800190350196,-0.7134192308478833,-0.04863956586332729,0.3121410443595339,0.2176800897120011,0.043345202948474354
1.380000000000001,0.4406641666796521,-0.09431537603845988,0.34827043136543806,0.5960830512250428,0.05998930679535489,0.055957998483791016,ok,0.5825529516913637,-0.483634126503608,-0.7301540035148355,-2.4017114572470235,-0.35235432147851303,2.090732902677876,0.8499616966612391,0.8867755902781317,-0.4297712648331031,-1.0081725894856837,-0.08154118142330398,-0.7211166000221213,-0.05748733995705688,0.3216876472469565,0.21668468951631265,0.04308596782527532
1.390000000000001,0.4403696412722871,-0.09529384842949819,0.34766754437470004,0.5948872297916833,0.05976177793339627,0.05354200038709678,ok,0.591420707594145,-0.487931839151939,-0.7402357294096923,-2.4025268690612567,-0.35956548747873424,2.0901580292783053,0.8531785731337087,0.8872702524488706,-0.4395674199948033,-1.002397839537056,-0.07700450124038696,-0.7286135844800635,-0.06632308357021044,0.3310558281986591,0.2156822777344367,0.04284059370461267
1.400000000000001,0.4400818697638066,-0.09625441079893987,0.3470721378043662,0.59370905053987,0.059543776202710015,0.20870799926342443,ok,0.6002934101186337,-0.492327513351887,-0.7502597078050629,-2.4032969140736604,-0.3668516233235349,2.0894947984426033,0.8564891314156953,0.8829277530617414,-0.4461464462939285,-0.9961166275190998,-0.07411518312998988,-0.7338950788731741,-0.07078645684846294,0.33557549617465565,0.21467235535354706,0.042610053345349674
1.410000000000001,0.43980131815897566,-0.09720965695237721,0.34647142405320436,0.5925235760963333,0.05933319647655896,0.10225000005448237,ok,0.6091226876492511,-0.4967889778148263,-0.7602208740802539,-2.4040380659049605,-0.37419057411226664,2.0887869338741187,0.8598448863774418,0.8714601282916655,-0.44814016780165167,-0.9892482712152317,-0.07376063763439063,-0.7360108491997513,-0.06887029747986884,0.33297743786011375,0.21365480494452876,0.042397777336695586
1.420000000000001,0.4395276217111882,-0.09817819473121986,0.3458472861374352,0.591295811580538,0.05912680126106116,0.060165999457240105,ok,0.6178372889321678,-0.5012703794928428,-0.7701133567924061,-2.4047756722813043,-0.38155068260426417,2.08809823089932,0.863174660756043,0.8598358105497262,-0.4501903268614558,-0.9820756101293862,-0.07318770492250203,-0.7379190134442307,-0.06735238945424264,0.330330369351552,0.2126302015887246,0.04220798856697333
1.430000000000001,0.4392605356881483,-0.09915947631328588,0.34520123003160685,0.5900279843656073,0.058925049422765614,0.05662500007019844,ok,0.6264356470376651,-0.5057722827614574,-0.7799341128937,-2.405507549330529,-0.3889298727387065,2.087424707004778,0.8664779644495585,0.8480660426570974,-0.452295087506883,-0.9746071564350397,-0.0724088773143658,-0.7396211796716549,-0.06622057439236466,0.3276344392835096,0.21159917720762528,0.042040017095076904
1.440000000000001,0.4389998043242758,-0.10015296918396892,0.34453472378102584,0.588722282111489,0.05872837799287164,0.053375000788946636,ok,0.6349163074642361,-0.5102952336365262,-0.7896801844580503,-2.4062316381036726,-0.39632608453542306,2.086762501260854,0.8697543088423936,0.8361672537527297,-0.4544538212322444,-0.9668530394621152,-0.07143457897972383,-0.7411206738416845,-0.06546527737408753,0.3248939274693198,0.2105623632405002,0.041893203043129976
1.450000000000001,0.4387451664416026,-0.10115814460776697,0.34384920401339936,0.5873808643044015,0.05853720340885967,0.1176249988930067,ok,0.6432779800017634,-0.5148397718488487,-0.7993487148526714,-2.4069459838934697,-0.4037372912738399,2.086107848487113,0.8730032481170867,0.8241596566708469,-0.4566670581932066,-0.9588241825460657,-0.07027451763228133,-0.7424224202167197,-0.0650782794271262,0.3221169457795329,0.20952038427160258,0.041766895697143244
1.460000000000001,0.43849635929443315,-0.10217446628051377,0.34314607826130145,0.5860058713952961,0.0583519221437887,0.05904200043005403,ok,0.6515195765684718,-0.5194064424307807,-0.8089369566781321,-2.4076487290697925,-0.4111615154760071,2.0854570656928417,0.8762244175748821,0.8188627256575615,-0.4645720706791639,-0.951574634940273,-0.06729364858234274,-0.7477227575624676,-0.07121011672541741,0.32631489450800466,0.20847384959320908,0.04166045212812587
1.470000000000001,0.438251518998724,-0.1031862865228962,0.3424417841279378,0.5846301833673848,0.058176033285639736,0.051791999794659205,ok,0.6597082038250475,-0.5240521631375723,-0.8184527030275349,-2.408321665555616,-0.4186387430516318,2.0847449645255876,0.8794875665199622,0.8202124568122087,-0.4779734687293391,-0.9450646938873215,-0.06245598635049782,-0.7569571264445821,-0.08365994835640035,0.33736494332591255,0.20742380211642064,0.04157246828201251
1.480000000000001,0.4380097083444038,-0.10417836169813355,0.3417516502733019,0.5832842526124609,0.058012997631212725,0.06091700015531387,ok,0.6679103283931696,-0.5288318978248657,-0.8279033499664081,-2.408946225419121,-0.4262083143160776,2.0839083650420234,0.8828612159532213,0.8218356204701931,-0.4909404364105845,-0.9387515609589677,-0.05720404376939001,-0.7659715558196889,-0.0960433300232756,0.34816468818376767,0.20637058268924768,0.04150243407651252
1.490000000000001,0.4377728451948492,-0.10515119583931959,0.34107490488703707,0.5819648590146794,0.05786298356900028,0.05224999949859921,ok,0.6761286845978715,-0.5337413021889715,-0.8372908655759979,-2.409518265856815,-0.4338680298742745,2.0829479317417907,0.886342862835059,0.8236232112239272,-0.5034851440471706,-0.9325332194140482,-0.05158666358504342,-0.7747162157650478,-0.10834868645889609,0.35867910103781275,0.2053134475532999,0.041451759946116815
1.500000000000001,0.437542681413763,-0.10610525625172539,0.34041080645884536,0.5806690136863927,0.057726159248631365,0.05433300066215452,ok,0.6843649167101107,-0.5387761536294432,-0.8466161977701383,-2.4100341324926653,-0.44161519203192495,2.0818644448772017,0.8899296538454372,0.8254636246752167,-0.5156111483590481,-0.926312156794575,-0.04565547766565478,-0.7831390484590796,-0.12055554056114562,0.3688675417463576,0.20425169115118125,0.04142164757861122
1.5100000000000011,0.4373208049087635,-0.10704098733338102,0.3397586248991337,0.5793939254923405,0.05760268667126733,0.051791999794659205,ok,0.6926195529568628,-0.5439322651130337,-0.855879319338084,-2.4104906872693217,-0.44944658251651576,2.0806588894715903,0.8936183292629007,0.8272510660933418,-0.5273210589827628,-0.9199987164187995,-0.03946094468287858,-0.791191395987085,-0.1326438997254228,0.3786901933822961,0.2031846432080946,0.0414130885531844
1.5200000000000011,0.4371086395280605,-0.10795881825321517,0.3391176462135709,0.5781369986269814,0.05749272014556962,0.13512499936041422,ok,0.7008920636177962,-0.5492054757028614,-0.865079306502272,-2.4108852967161503,-0.4573584964763866,2.079332450474336,0.8974052311967237,0.8288849403171601,-0.5386147991928684,-0.9135114697725524,-0.033052732660880775,-0.7988270981528164,-0.14459223204330046,0.38810701088519983,0.20211167846622058,0.04142686873863789
1.5300000000000011,0.43690744689151384,-0.10885917190101332,0.3384871716133593,0.576895821629053,0.05739640332406936,0.05425000017567072,ok,0.7091809130209679,-0.5545916236947901,-0.8742144211999976,-2.4112158240427592,-0.46534676745791476,2.077886528153903,0.9012863013055756,0.8302713217312425,-0.5494896195568194,-0.9067783651253922,-0.02647911565656485,-0.8060029295033281,-0.15637762261798052,0.39707825566839255,0.20103222288175143,0.04146357344925135
1.5400000000000011,0.436718330073245,-0.10974247338345978,0.33786651644360477,0.5756681548073539,0.0573138659630571,0.048459000026923604,ok,0.7174836262382803,-0.5600865198903583,-0.8832822048512515,-2.411480615199325,-0.47340679675294806,2.0763227519277234,0.9052570838622596,0.8313233064178444,-0.5599403078416455,-0.8997368615848372,-0.019786730060336648,-0.8126787530114127,-0.16797598756909457,0.4055647988245085,0.19994575876969856,0.04152359464740493
1.5500000000000012,0.43654223774554946,-0.11060915802253071,0.3372550094100324,0.5744519179874246,0.0572452206397296,0.16395900092902593,ok,0.7257968593024587,-0.5656859229687747,-0.8922795734670999,-2.4116784824999282,-0.4815335842830622,2.0746429920520324,0.9093127318505047,0.8319626055322208,-0.5699592980446193,-0.8923349662961665,-0.01301986348440534,-0.8188180094341757,-0.1793623550654517,0.4135288350727439,0.19885182957225794,0.04160713898987338
1.5600000000000012,0.4363799705748358,-0.11145967836341795,0.336651991801023,0.5732451769314462,0.057190559402644295,0.058332998378318734,ok,0.734116485357781,-0.5713855159492209,-0.9012029231300616,-2.4118086811347723,-0.48972176437740395,2.072849368501378,0.9134480202012321,0.8321208808309467,-0.5795385554319649,-0.8845311289333448,-0.006219693383810672,-0.8243888348802269,-0.1905129333782266,0.42093550030649707,0.1977500431120593,0.041714237911203295
1.5700000000000012,0.4362321873585953,-0.11229450870889449,0.3360568213152535,0.5720461368742114,0.05714995159643695,0.11404199904063717,ok,0.7424376941660904,-0.5771809015035406,-0.910048234419395,-2.4118708780686102,-0.4979656527262062,2.070944239167596,0.917657375204297,0.8317364944020489,-0.5886635012102959,-0.8762947349886026,0.000574069295480656,-0.8293606191489066,-0.20139814967450428,0.42774864222640335,0.19664007625005642,0.041844759033215995
1.5800000000000012,0.4360994161655462,-0.11311415483051347,0.33546885837185286,0.570853108994798,0.057123437669915324,0.05562499973166268,ok,0.7507550591101109,-0.5830675365156436,-0.918811181769281,-2.4118651373756554,-0.5062592589176953,2.068930257670851,0.921934861626561,0.8323237126992921,-0.6000160387981872,-0.8668749699760057,0.0043826091876308804,-0.836054794856188,-0.2119204904268261,0.4382871290010829,0.19552166921849828,0.041998416595880786
1.5900000000000012,0.43597718567639426,-0.11390604227831258,0.33488276743592377,0.5696787798378504,0.05711068269598027,0.05004199920222163,ok,0.7590782962371038,-0.5890676969036255,-0.9274799314690411,-2.411821311283779,-0.5146198068662572,2.0668110527665826,0.9263177329165718,0.8346914399625508,-0.6150766456948548,-0.8559468070843346,0.003764407143935695,-0.8457868988474666,-0.2222277180003665,0.45481619073075763,0.19438446730988052,0.04217317774041998
1.6000000000000012,0.43585855692808684,-0.11465107568843276,0.3342910280362961,0.5685431263786076,0.05711125980474377,0.12304200026846956,ok,0.7674252106367293,-0.595218463360574,-0.9360393995398844,-2.41178366721234,-0.5230776758547319,2.064588775586579,0.9308658948238794,0.8372043387950313,-0.630311120287205,-0.844871211459014,0.0028787717817615253,-0.8556379137299884,-0.2326027885212977,0.4716780285246364,0.19321329559015255,0.04236688033116126
1.6100000000000012,0.435743710355907,-0.1153477758770859,0.3336925270022071,0.5674464510099949,0.057125250464308934,0.10145899977942463,ok,0.7757972540246796,-0.6015215745634461,-0.9444881116544745,-2.4117548794945223,-0.5316340549920318,2.062262747701366,0.9355826751091257,0.8398011721851564,-0.6457277544387219,-0.8335990330090478,0.0016956079586551037,-0.8655852333432338,-0.2430541330812711,0.4888552226773,0.19200658619088457,0.04258051106999254
1.6200000000000012,0.4356327101261226,-0.11599463948304423,0.3330861779232052,0.5663892228433123,0.05715272174691208,0.07020799966994673,ok,0.7841952657465312,-0.6079788521078333,-0.952824101984565,-2.4117379234149356,-0.5402899073254641,2.0598322063705536,0.9404712273358987,0.842425427187122,-0.6613326781626504,-0.8220869184872212,0.0001862646793146731,-0.8756065204537747,-0.25358998798060034,0.5063298435317845,0.19076283455389387,0.042815001945182465
1.6300000000000012,0.43552550642343635,-0.11659014372066684,0.33247092177665893,0.5653720712292464,0.05719372245117195,0.0591669995628763,ok,0.7926195200184024,-0.6145921788894598,-0.9610449711694372,-2.4117360607681424,-0.5490459725300019,2.0572963064907475,0.9455345257712165,0.8450252610680695,-0.6771298064391167,-0.8102971227940106,-0.00167626187053019,-0.8856794605195136,-0.26421848577976637,0.5240833705613479,0.18948060491883756,0.0430712352906155
1.6400000000000012,0.4354219379998672,-0.11713275106877577,0.3318457282447574,0.5643957796915641,0.057248279237921314,0.055917000281624496,ok,0.8010697726290831,-0.621363476953851,-0.9691479423973773,-2.4117528233868475,-0.557902767135197,2.0546541216329497,0.95077535947683,0.8475535546443695,-0.6931207855747866,-0.7981974223027368,-0.00391712505827322,-0.8957815800305661,-0.27494770177468736,0.5420966550200351,0.1881585364596775,0.04335004829619428
1.6500000000000012,0.43532173511083355,-0.1176209139123695,0.3312095975099004,0.563461279929588,0.057316392783545986,0.07066699981805868,ok,0.8095453081755267,-0.6282946848095988,-0.9771299166204047,-2.41179199463743,-0.5668605829355027,2.051904644615203,0.9561963260270303,0.8499680774609504,-0.7093049661838355,-0.785761107786632,-0.006559405239906728,-0.9058901356198912,-0.2857856978275935,0.560349943941983,0.1867953496951424,0.04365223710393103
1.6600000000000013,0.4352245229658863,-0.1180530791073899,0.3305615624287694,0.5625696456951111,0.05739803399109173,0.059541998780332506,ok,0.8180449889501362,-0.6353877344714371,-0.984987527698271,-2.4118575886898292,-0.5759194842917016,2.049046787636927,0.9617998254664502,0.8522317576142613,-0.7256793485419151,-0.772967001623242,-0.009623817673514865,-0.9159820015846074,-0.2967405815429001,0.5788229510041577,0.18538985313005057,0.043978560612888754
1.6700000000000013,0.4351298259504274,-0.11842769229947686,0.3299006911552317,0.5617220865077039,0.057493140327374875,0.05375000000640284,ok,0.8265673065262789,-0.6426445279568563,-0.9927171977145034,-2.4119538268665646,-0.5850793043075476,2.0460793818214977,0.9675880549764917,0.8543127327987161,-0.7422384790784846,-0.75979930129685,-0.013128474104291606,-0.9260334561782607,-0.30782051646869635,0.5974948320565991,0.18394095011290734,0.044329743941517105
1.6800000000000013,0.4350370724530505,-0.11874320206766745,0.3292260902552005,0.5609199413417449,0.05760161233083128,0.053249999837134965,ok,0.835110433854266,-0.6500669127476412,-1.0003151907274719,-2.4120851116076074,-0.5943396388693303,2.043001176656811,0.9735630032970577,0.8561841880096502,-0.7589744224469707,-0.7462473259635848,-0.01708877696852246,-0.9360200048231451,-0.31903368873040516,0.6163441016276969,0.18244764577800515,0.044706481216051724
1.6900000000000013,0.43494559987475345,-0.11899806419839468,0.32853690814826836,0.5601646722704343,0.057723310317539564,0.052583000069716945,ok,0.8436722757343624,-0.6576566569721108,-1.0077776639871077,-2.4122559993772925,-0.6036998389175617,2.039810839769507,0.9797264443133347,0.8578243241839176,-0.7758766084123613,-0.7323052907442716,-0.02151719856319503,-0.9459161282696702,-0.3303882597991329,0.6353485704841204,0.1809090546793511,0.045109437665119836
1.7000000000000013,0.4348546602441313,-0.11919074582017147,0.3278323390142859,0.559457858016787,0.0578580513346207,0.06220800059963949,ok,0.8522505189762016,-0.6654154230562345,-1.0151007168945503,-2.4124711713629243,-0.6131590002002585,2.0365069571715155,0.9860799300181758,0.859216427322303,-0.7929318004298513,-0.717972190039631,-0.026423097940929327,-0.9556951994974245,-0.3418923262484603,0.6544853758032996,0.17932440861858479,0.045539250808883644
1.7100000000000013,0.4347634263758415,-0.119319729495593,0.327111626931192,0.5588011871701091,0.05800560640844213,0.1730839994706912,ok,0.8608426832494247,-0.673344741060533,-1.0222804387949467,-2.4127354023423337,-0.6227159521952327,2.033088033909031,0.9926247837762089,0.8603404525712343,-0.8101225427680278,-0.7032464942261037,-0.03181524517136584,-0.9653258925064984,-0.35355214723650874,0.6737267629256619,0.17769306473735386,0.04599653105680977
1.7200000000000013,0.4346709885119228,-0.11938352355488904,0.3263740713487886,0.5581964563028429,0.058165697177579245,0.06658299935224932,ok,0.869446087775137,-0.6814459664882133,-1.0293129037372077,-2.4130535547940473,-0.6323692111202976,2.029552512436666,0.9993620514054655,0.8612053864170776,-0.8274321232875755,-0.6881456606479739,-0.0376909865753518,-0.9747848554217959,-0.3653783927010244,0.6930559848123179,0.17601452231423032,0.046481852826100345
1.7300000000000013,0.4345763910295029,-0.11938064811952052,0.32561902925605485,0.5576455474757114,0.05833799637458809,0.06262500028242357,ok,0.8780581416393077,-0.6897202877210891,-1.0361943603436874,-2.413430464659801,-0.6421170596745156,2.0258987285096555,1.0062926112535886,0.8618008155478121,-0.8448371499870267,-0.6726762683296574,-0.04405215340970786,-0.9840376172222671,-0.3773765852368734,0.7124437911134689,0.17428840771915116,0.046995777221834276
1.7400000000000013,0.4344786105697368,-0.11930965649305444,0.3248459224123817,0.5571504361738312,0.05852212368559069,0.05462499939312693,ok,0.8866761497947858,-0.6981686592209594,-1.042921123026984,-2.413870986193898,-0.6519574358467383,2.0221249626572866,1.0134170491647232,0.8621282914978378,-0.8623119177763224,-0.6568532062287409,-0.050894404093304466,-0.9930506344466524,-0.38955294503846466,0.7318634844836883,0.17251450680302738,0.04753882543446385
1.7500000000000013,0.4343765732061351,-0.11916913401969886,0.3240542417467107,0.5567131783955932,0.05871764511951922,0.05383299867389724,ok,0.8952974327097641,-0.7067917783987226,-1.0494896550892714,-2.4143799302348308,-0.6618879421912048,2.0182294332069017,1.02073568400956,0.8621938495942194,-0.8798273341382109,-0.6406948729076662,-0.05820963734918958,-1.0017884404274062,-0.40191280070746366,0.7512874454798611,0.17069276744447914,0.04811148233112787
1.7600000000000013,0.43426916290774104,-0.1189577021784208,0.32324355234143093,0.5563359021115716,0.058924072129607694,0.05412499922385905,ok,0.9039193712057063,-0.7155900517401047,-1.0558966038183482,-2.4149620266083227,-0.6719058265954789,2.014210305199827,1.0282485584643586,0.8604014622512101,-0.880330800426856,-0.644540308985386,-0.07959010701315516,-1.0125370134430807,-0.37942822402675574,0.7625140242193283,0.16882330921256777,0.048714191881714025
1.7700000000000014,0.43416662440198,-0.11869390123154186,0.32231150366798583,0.5558932436407917,0.059119065251665354,0.05533299918170087,ok,0.9125233858282185,-0.7243933597443732,-1.062342006908202,-2.415757927678454,-0.6820311967299097,2.0104160229595593,1.0358736987065518,0.8565846521537778,-0.875054138223335,-0.6545426010006684,-0.10630603573207165,-1.0238855922432408,-0.34534451215696665,0.7710092487892807,0.16684383953886212,0.04936902291825247
1.7800000000000014,0.4340693209487907,-0.11838208579286759,0.32122402832017993,0.5553489891729311,0.059294765301616294,0.053416999435285106,ok,0.9210892323497563,-0.7331439011266065,-1.0688874329182085,-2.416820988035775,-0.6922700526523422,2.0069625778379896,1.0435837911944446,0.8508972833299558,-0.8688819280156014,-0.6646388516070804,-0.13451410870063163,-1.0351328125227075,-0.3098203739362029,0.7792015622477664,0.16473317995167253,0.05008239755986871
1.7900000000000014,0.4339734975301115,-0.11802027282380652,0.3199771083559442,0.5547058404599138,0.0594495521328587,0.05170899930817541,ok,0.9295982051830558,-0.7418327204067625,-1.0755338214342793,-2.418166129122781,-0.7026213807775693,2.0038643740986277,1.051375806816922,0.8435578468228022,-0.8620171797651556,-0.6747775497997099,-0.16407541747021961,-1.046390620025449,-0.2732153942105842,0.7873548564839004,0.16248852653982016,0.05085400066187035
1.8000000000000014,0.4338751395831457,-0.11760587850447882,0.31856776867138,0.5539683412216375,0.0595819268708953,0.052417000915738754,ok,0.9380337836512839,-0.750452892204414,-1.0822815969322765,-2.4198068832974835,-0.7130852869778238,2.001132220156522,1.059249355381761,0.8347882741481534,-0.8546897057785897,-0.6848455810309924,-0.19482171483428418,-1.057750135911418,-0.23596249532592253,0.7957453711489243,0.16010772481514624,0.05168365451924656
1.8100000000000014,0.4337699641293365,-0.11713566624523114,0.3169942957487397,0.5531431370528351,0.059690557410301666,0.057790999562712386,ok,0.9463816663927654,-0.7589997892621999,-1.0891300527425865,-2.4217551004458264,-0.723662788336938,1.998772595203263,1.0672068090932503,0.8248099672972729,-0.847157011137359,-0.6946579308399075,-0.22654833441680539,-1.0692720699524014,-0.19858005236418028,0.8046547745434084,0.15758944156559318,0.05257124963569504
1.8200000000000014,0.43365341734234447,-0.11660571188316939,0.3152565023807219,0.5522392522895699,0.059774331963007,0.06000000030326191,ok,0.9546297660657381,-0.7674713593735735,-1.0960766320509856,-2.4240205837899946,-0.734355509036462,1.9967867946796212,1.0752533568386844,0.8138420016099752,-0.8397051051909389,-0.7039472393716085,-0.25900389720611317,-1.0809753730133083,-0.16168660324289366,0.814362236712552,0.15493337825667342,0.05351664700597952
1.8300000000000014,0.4335206869069632,-0.1160113904166917,0.3133560477136488,0.5512683786643646,0.05983242309613153,0.20445799964363687,ok,0.9627681860818379,-0.7758684104254828,-1.1031161044447018,-2.426610622762056,-0.745165262766595,1.9951699286471922,1.08339697920581,0.8021004551720141,-0.8326475587753175,-0.7123545843550431,-0.29187814228898884,-1.0928238080223724,-0.12601468970986507,0.8251339438180028,0.15214053018116808,0.05451954867336159
1.8400000000000014,0.43336673837442924,-0.11534739259675861,0.31129681265383036,0.5502451568975044,0.0598643629512821,0.1222909995703958,ok,0.9707891906335581,-0.784194886013236,-1.1102396502882521,-2.4295294041849456,-0.7560935008468187,1.9939097817500935,1.09164831864399,0.791423530680765,-0.8154533306797831,-0.7324141266207335,-0.32155176767475113,-1.0942062207909364,-0.10077078964333581,0.8211706164485125,0.14921349070213175,0.055579334374052936
1.8500000000000014,0.4331620887398243,-0.11464097440029057,0.3090331022940613,0.5491840449935953,0.059866519700899026,0.10775000009743962,ok,0.9787034259403657,-0.7923494193200338,-1.1175637915544594,-2.432744921861693,-0.7670355630547281,1.99290207385366,1.0998600248084751,0.7787097817543067,-0.7908091333520685,-0.767696921690552,-0.3703372527124299,-1.112117263449327,-0.03099636463821609,0.825707609246723,0.1461365516347386,0.05670296768578911
1.8600000000000014,0.43292785693803343,-0.11387729943856864,0.3064884335010403,0.5479642138563129,0.059817105273034944,0.056958000641316175,ok,0.9864905237579088,-0.8002575106535544,-1.1252407607713648,-2.4364482943888177,-0.7781567356892214,1.992592110207278,1.1081171009009423,0.7647621492098833,-0.7648656474704266,-0.8050104363255095,-0.42235422134029804,-1.131925028020366,0.042058673513391744,0.831919367891282,0.14285021483809374,0.057918211247075135
1.8700000000000014,0.43265425013686454,-0.11304813397574588,0.303651462117601,0.5465945690865516,0.05971223835999131,0.13554100041801576,ok,0.9941381452500077,-0.8079061671282587,-1.1332908651346199,-2.440671836602221,-0.789475985969425,1.9930126969424118,1.1164362945798552,0.7497947735930233,-0.7380133437573646,-0.8441144215545693,-0.4777169980070174,-1.1539675579057238,0.11788862622418765,0.8404669630673259,0.13934794834579367,0.05922916450364099
1.8800000000000014,0.432329793589871,-0.1121432880199024,0.3005119649154396,0.5450887542021108,0.059548055834819806,0.1077089982572943,ok,1.0016360929859378,-0.8152863005658323,-1.1417320093501655,-2.445449006582291,-0.8010156615484822,1.9941915832046537,1.1248409642105284,0.7340136732122673,-0.7107810952717661,-0.8844910589170826,-0.5364030249005057,-1.1785076327864819,0.1956201934984852,0.8520740250615831,0.13562484052882312,0.06064025501887807
1.8900000000000015,0.43194119676923975,-0.11115040340489271,0.2970620693677932,0.5434665662281264,0.0593209171992378,0.08737499956623651,ok,1.0089762297180604,-0.8223941115185499,-1.1505769199393363,-2.4508130368312964,-0.8128007378763471,1.9961477851396385,1.1333617044611441,0.7176213017775249,-0.6838698027582727,-0.9252239402352224,-0.5981333891980429,-1.2056492616466203,0.2738430063310887,0.8674978202760891,0.1316787277418271,0.062155836232014205
1.9000000000000015,0.43147339318184597,-0.11005484106761204,0.2932981429924275,0.5417556452266025,0.059027738398435586,0.059750000218627974,ok,1.0161524427358357,-0.8292328095461327,-1.1598291593416885,-2.456794370723277,-0.8248572304928133,1.9988862152029494,1.142036682663905,0.7008298546059718,-0.6581884593125562,-0.96482774830444,-0.6621803427245698,-1.2351991225924162,0.35037161799478217,0.8874680828303271,0.12751180278566948,0.06377952124374098
1.9100000000000015,0.4309099283257693,-0.10883978151989751,0.2892236463516379,0.5399933909635266,0.058666524945062894,0.20170800053165294,ok,1.0231607412818955,-0.8358146941392582,-1.169477436824733,-2.4634161741505225,-0.8372092217187375,2.002389931382897,1.1509113634922084,0.6980262240813391,-0.6137064207360722,-1.0119046053238814,-0.6569221480582089,-1.1308703664858095,0.3309843945979569,0.7810210215774274,0.12313285418449836,0.06551311495406731
1.9200000000000015,0.43018486781048443,-0.10756846414409046,0.2849333858505092,0.5386029341207211,0.05828815913046861,0.12391699965519365,ok,1.030141003522709,-0.841951758346619,-1.1795964828779717,-2.4699853956311046,-0.8485179253835956,2.0056997753288766,1.1587215737079826,0.6946712937312314,-0.5738050120050429,-1.0466275149574338,-0.6491936521987005,-1.028499155673535,0.30558268254864035,0.6821305867885896,0.11867668925254547,0.06727353385102042
1.9300000000000015,0.42930019448806417,-0.1062282354217291,0.2804769295857499,0.5375847615547171,0.057899499838999655,0.13945799946668558,ok,1.0370877164600214,-0.8476898084666694,-1.190062758027546,-2.4764773321530917,-0.858802916940331,2.008755602154363,1.1655428795758684,0.6901830001979021,-0.5406603268949028,-1.066102144582068,-0.6415560798198922,-0.9371599690904726,0.2766404008379012,0.6006495968588965,0.11417227409296772,0.06903649330952674
1.9400000000000015,0.42826527475869003,-0.10480442914180663,0.27591065358944733,0.5369143553214542,0.05750591668181502,0.1351669998257421,ok,1.0439895464620004,-0.8530964117356185,-1.2007237794733667,-2.482892892951291,-0.8681745166312357,2.011522006162742,1.1715493755444575,0.6845155711549119,-0.5154159318184341,-1.0683476171442243,-0.6340083612337756,-0.8610427892844823,0.24371789341971126,0.5417136774656428,0.10964857111413624,0.07078107920641596
1.9500000000000015,0.42709588607194493,-0.10328408440759447,0.2712987817254513,0.5365579986567662,0.05711283260636115,0.09124999996856786,ok,1.0508347021735496,-0.8582505710538028,-1.211407255644809,-2.4892329765636285,-0.8767849445240805,2.0139591850969394,1.176966512319114,0.6776420588859671,-0.49876043504026657,-1.0521167974607935,-0.6265494393369077,-0.8037075188485128,0.2071645727118271,0.5097356105119119,0.10513755141589974,0.07248773248851775
1.9600000000000015,0.4258148823148954,-0.10165640361164498,0.2667107025797441,0.5364755400009195,0.05672539483470013,0.0993329995253589,ok,1.0576111227624092,-0.8632381754042054,-1.221928423619417,-2.4954984709569974,-0.8848220197125657,2.0160308308240578,1.182063868424233,0.6696168778918767,-0.49074119552603407,-1.0173263834521225,-0.6191782694623561,-0.7672591815028935,0.16827817022533428,0.5073155192895127,0.10067247499522418,0.07413875391375335
1.9700000000000015,0.4244519014616924,-0.0999128266938541,0.2622168985416709,0.5366248263712624,0.056348084429596275,0.05858300028194208,ok,1.064307291541328,-0.8681455873594658,-1.2321016874539383,-2.501690253651621,-0.8924946115275946,2.017713612526311,1.1871370236171281,0.6606305824974658,-0.49069166605842274,-0.9653100230419935,-0.6118938192333871,-0.7517325554864858,0.12920874701274487,0.5343735592597829,0.09628584140501097,0.07571891149560162
1.9800000000000015,0.4230418834472255,-0.0980467158679279,0.257884055316691,0.5369669122723274,0.055984354850452465,0.22650000028079376,ok,1.0709135973663026,-0.87305250402005,-1.2417547876843582,-2.507809191843955,-0.9000119370824594,2.0190056999964385,1.192480759209726,0.6510158912412876,-0.4972982293051056,-0.898762720865763,-0.6046950684188767,-0.7549346308291572,0.09256871770203792,0.5878628546375384,0.09200738377740804,0.07721604797340437
1.9900000000000015,0.42162244979827224,-0.09605284666930064,0.2537702911923402,0.537470714412459,0.05563639251325061,0.0687080009811325,ok,1.0774237562787154,-0.8780254863131011,-1.2507424148930157,-2.5138561425281436,-0.907561283390751,2.0199313871734588,1.1983593877561014,0.6412206962133761,-0.5088218939511453,-0.8213557526227281,-0.5975810087904193,-0.7728817140736275,0.06085127241797762,0.6622863556690994,0.08786257169085342,0.07862151163171607
2.0000000000000013,0.42023063160133195,-0.09392690543721922,0.24992154880686507,0.5381158972553663,0.05530506884834355,0.05358399903343525,ok,1.0838359632408492,-0.8831137052526126,-1.258955972419243,-2.5198319526160478,-0.9152901005314873,2.0205398998976385,1.2049822513127924,0.6317416818951486,-0.5233826167127583,-0.7371501178207763,-0.5905506439811203,-0.8006336761619588,0.03589219854705481,0.7507911274665353,0.08387194331735813,0.07993029205673574
2.010000000000001,0.4188996590973792,-0.09166517522849109,0.24636982529809553,0.5388934646400866,0.05499008112054402,0.052833000154350884,ok,1.0901533800598007,-0.8883475314197401,-1.2663274735974508,-2.525737459055859,-0.9232964372931068,2.020898821883109,1.2124901625874578,0.6230377176558383,-0.5392574984665192,-0.649927720222395,-0.5836029893460484,-0.8332545446191428,0.018580706043860976,0.8465120368722552,0.08005136072900983,0.08114078916520207
2.020000000000001,0.4176566438058407,-0.08926433649528188,0.24313364581230199,0.5398044410143965,0.05469024004420308,0.20983300055377185,ok,1.096383757236359,-0.8937401064044053,-1.2728267507996747,-2.5315734889493196,-0.9316289827392983,2.0210846289435476,1.2209552829561803,0.5173025691029136,-0.6084619922443225,-0.5931333692451529,-0.5767370718243301,-0.883129278545808,-0.03806429963019862,0.8207478659273554,0.07641310963443389,0.08225418213050506
2.0300000000000007,0.4163476699589902,-0.08722033640984804,0.24013443869008533,0.5405470970245414,0.05442595044008334,0.13229099931777455,ok,1.1015567829273882,-0.8998247263268485,-1.2787580844921262,-2.537340859667563,-0.9404602755247564,2.0207039859472458,1.229162761615454,0.3182736901950589,-0.7313160767592776,-0.5689785960845495,-0.5699519298028674,-0.9786617832286539,-0.1115046106737936,0.6991845608222595,0.0732589928971218,0.08346651184529466
2.0400000000000005,0.41489027698671127,-0.08602230939227362,0.23730734031553252,0.5407043663531903,0.0542132101110159,0.11074999929405749,ok,1.1047395198293388,-0.9071378870944413,-1.2844478704529718,-2.5430403789655913,-0.9502468933570429,2.019588939840508,1.2361546072236764,0.16108432405983825,-0.8390867611953127,-0.5467452163984178,-0.5632466129816573,-1.0952923510242998,-0.1433251028758396,0.6379309761940242,0.07085677119322738,0.08498746779166344
2.0500000000000003,0.4134180690107296,-0.08549064038631092,0.23466800366195784,0.5402824493856219,0.05403894143586011,0.13212500016379636,ok,1.1063503630699372,-0.9155287547063945,-1.289915322616956,-2.5486728450954077,-0.961199816867286,2.0181556888117496,1.2425339169856167,0.0596691071862295,-0.9218623644896777,-0.5267625913854499,-0.5457924915334964,-1.190223419242811,-0.18549547493638485,0.6014670792249287,0.06906186600737121,0.08679008203574254
2.06,0.41197633569521463,-0.0854305225567863,0.23220065291076156,0.5394356847685686,0.05390227195101124,0.13108299935993273,ok,1.1069470541417994,-0.9247473783512913,-1.2951829485308104,-2.5541307700107425,-0.973102051059714,2.0163007340623857,1.248548587777866,0.05291562521579709,-0.9271207313514218,-0.48406380245473757,-0.5153683271067189,-1.150331337794166,-0.23793300044163176,0.5867560785967243,0.06770190372089774,0.08880470215571265
2.07,0.41057213442139173,-0.08534839607514735,0.22992133729578762,0.5387582152156499,0.0537934977175927,0.09591599882696755,ok,1.1074762103939573,-0.9340185856648056,-1.3000235865553578,-2.5592844532818098,-0.9846053644376557,2.0139214040579696,1.2544161485638332,0.020705963990314803,-0.9162134286296402,-0.4464325737154597,-0.48590596765083405,-1.1018868765223093,-0.27057072281417316,0.540823569360015,0.06647759400335553,0.09074792713004787
2.0799999999999996,0.40919813919578707,-0.0853497717704175,0.22781189058043538,0.5381383111874747,0.05370441874124189,0.06604199916182552,ok,1.1076832700338604,-0.943180719951102,-1.3044879122925124,-2.564143512958318,-0.9956242332028787,2.011215696829828,1.2598243842574333,-0.0048029508300970625,-0.9054344471163506,-0.4131949000607722,-0.4542308130197392,-1.0553237936735889,-0.3016133862306167,0.4968291472606745,0.06542956947784924,0.09261166578666358
2.0899999999999994,0.40786648570677836,-0.08543292958520528,0.22586435125307364,0.5375566065605696,0.05363668779962773,0.11870799971802626,ok,1.1076352405255594,-0.9522350644222655,-1.3086198612931201,-2.5686858210885153,-1.0061774711396145,2.008199562967522,1.26479267573004,-0.024424910245864274,-0.8947822771502758,-0.38403138905698575,-0.42120376815419674,-1.0109345587084064,-0.3306930039831717,0.4550437147770874,0.06453565244035112,0.09440135836578784
2.099999999999999,0.40658665613977657,-0.08559507207923973,0.22406929754018776,0.5369961513838055,0.0535913348516617,0.09133400089922361,ok,1.1073909914231008,-0.9611828871937682,-1.31246017518369,-2.572897858770057,-1.0162868167266985,2.00489263292769,1.269343112877811,-0.038995197247331755,-0.8842554268308611,-0.3585372897140721,-0.387541439307384,-0.9688713408012625,-0.3576020552886693,0.41560863318689484,0.06377415986517757,0.09612244884644186
2.109999999999999,0.40536571561251017,-0.08583268235456616,0.22241658288028504,0.5364425503960594,0.053568870334506066,0.05545800013351254,ok,1.1070010394506276,-0.9700254414620768,-1.3160455480808306,-2.576773273163131,-1.025975530134711,2.0013166123748034,1.27349919920968,-0.04931443957331611,-0.8738524218093213,-0.3362779983754159,-0.35381662539227954,-0.9291818399563432,-0.3822551900863033,0.3785639041390856,0.06312470117762567,0.09778015140328997
2.1199999999999988,0.4042086262520929,-0.08614182413662294,0.22089587365753277,0.5358838773905448,0.05356938799877784,0.05037499977333937,ok,1.1065078950548943,-0.97876396568017,-1.3194083280645847,-2.580311439417054,-1.0352673485342745,1.9974940604739404,1.2772848382510709,-0.05610376370900293,-0.8635718050821529,-0.316826733291243,-0.32047393686107845,-0.8918430418389004,-0.40465315764484655,0.34389021170061396,0.06256865030730976,0.0993793203375681
2.1299999999999986,0.40311858805107875,-0.08651832030095358,0.21949701004176364,0.5353105000008859,0.05359265601997106,0.121749999379972,ok,1.1059468574178044,-0.9873996837309915,-1.3225765953974973,-2.583516178785665,-1.0441857789526634,1.993447528897492,1.280723740368077,-0.04682458467902748,-0.853412136787069,-0.29284747782745435,-0.2904847267176126,-0.8540863084985706,-0.4269413006876515,0.33069482489019353,0.06208933665476565,0.10092439175059836
2.1399999999999983,0.4021038100879058,-0.08688154463927444,0.2182246575604771,0.5347925525923736,0.05363680786846648,0.1258749998669373,ok,1.1054786115710142,-0.9959338050988622,-1.3255050701757718,-2.586421026052841,-1.052726642037649,1.9891781158906154,1.2840306886169788,-0.030516227243464165,-0.8433719940013383,-0.2669669719451449,-0.26279898307412847,-0.8165343218838546,-0.44846892534630495,0.32732076689571493,0.06164244068779923,0.10239911311280259
2.149999999999998,0.4011664633524023,-0.08719648630235287,0.217078665796416,0.5343596883638367,0.05370044634405489,0.0563749999855645,ok,1.1051734492985796,-1.0043675250388755,-1.3281747398952233,-2.589049015883582,-1.0608919852564875,1.9846934266371523,1.287303896285936,-0.012913392516980933,-0.833449970542499,-0.2415734201657933,-0.2364008233715054,-0.7799921675876162,-0.46864624547645023,0.3258383421343923,0.06120718263024569,0.10379675015416623
2.159999999999998,0.40030549036778945,-0.08745936075774689,0.21605438293844548,0.5340117730174293,0.053782689717057054,0.051500001063686796,ok,1.1050443153734097,-1.0127020247443004,-1.3305904740968812,-2.5914130241172972,-1.0686919069323637,1.9800069641823879,1.29056227970728,0.005756931241484503,-0.823644676771411,-0.21655148609710553,-0.21137747772437268,-0.7444339591082947,-0.48754445493015003,0.3262046710789612,0.06077727913928993,0.10511811744386282
2.1699999999999977,0.3995192897034335,-0.08766631419822647,0.2151474454675258,0.5337496374149656,0.05388255942766512,0.11841599916806445,ok,1.1051018846858245,-1.0209384715120144,-1.3327559889578524,-2.593526798894541,-1.0761362465234467,1.9751315196330863,1.2938243264180695,0.025304446382965078,-0.81395473939763,-0.19179688918871615,-0.18778407005177591,-0.7098205023936656,-0.5052456470501103,0.3283711035937506,0.06034787376006433,0.10636397993300101
2.1799999999999975,0.3988058205971625,-0.08781344300590353,0.21435381985110236,0.5335749879831773,0.0539990069958464,0.08237499969254714,ok,1.105354929149654,-1.0290780189059907,-1.3346739578497395,-2.5954046395950585,-1.0832344515473835,1.9700790631625853,1.2971080374540072,0.04556920830425631,-0.80437880128707,-0.16720985927110704,-0.16564803073235482,-0.6760973413204477,-0.5218421311629682,0.33228393378041027,0.05991546761496626,0.1075350458392034
2.1899999999999973,0.39816269151279454,-0.0878968113629536,0.2136698483954239,0.5334903392259368,0.05413093849956051,0.1319170005444903,ok,1.1058106212326966,-1.0371218069188615,-1.3363460564424505,-2.597061119902382,-1.089995424960588,1.9648606418509555,1.3004308767918114,0.06641796377738535,-0.7949155212719275,-0.14269551688796583,-0.14497495172681182,-0.6431984007927722,-0.5374322547942361,0.3378865225956737,0.05947785810732581,0.10863194817664318
2.199999999999997,0.3975872320623984,-0.08791246507177107,0.21309227788789412,0.5334989507902356,0.05427723425090096,0.09187500108964741,ok,1.1064748008704703,-1.0450709621315808,-1.3377730116113302,-2.59851086941965,-1.0964274089685158,1.9594863193030132,1.3038097420177681,0.09142131651633187,-0.7855635739628454,-0.13353675775360827,-0.13145251371669514,-0.6249405269908644,-0.542455186024538,0.3501841861716265,0.05903408105179926,0.10965523136723015
2.209999999999997,0.3970695307451141,-0.08785221232486166,0.2125617973474666,0.5335613354025759,0.05442997561632993,0.180125000042608,ok,1.1073890140356337,-1.0529265978712092,-1.3391083791888663,-2.599825394556817,-1.1026768142384245,1.9540617674427678,1.3073115838794844,0.11652725161248438,-0.7763216495632833,-0.1244590717521051,-0.11935959036527576,-0.6075595467469117,-0.5466664578267544,0.3639474423120796,0.058565227362184155,0.1106433680641766
2.2199999999999966,0.3966065404340826,-0.08771220027847154,0.21207525774945024,0.5336812411573962,0.05458806432807603,0.11549999908311293,ok,1.1085542865517586,-1.0606898143668422,-1.3403529699063874,-2.60101899046047,-1.1087524097058936,1.9485951028645003,1.3109510583026052,0.14163224143138128,-0.7671884536860673,-0.11500113791575697,-0.10848068482213817,-0.5905987732116451,-0.5504149087475086,0.37899715618268925,0.058073011295107155,0.11159738199408145
2.2299999999999964,0.3961954373190576,-0.08748869539114829,0.21163139264570568,0.5338639230028547,0.054750621066618925,0.09604200022295117,ok,1.1099706089660724,-1.0683616989037028,-1.341502981285545,-2.602103797308691,-1.11465839743801,1.9430909537770253,1.314741029864432,0.16675592133244954,-0.7581627071721141,-0.10518998473683064,-0.09878604414133212,-0.5740431058326164,-0.5537361597135726,0.39532031713237176,0.0575603508326263,0.11251721354557304
2.239999999999996,0.3958333842676919,-0.0871779460655198,0.21122901012704018,0.5341147667536976,0.05491676685182102,0.18799999998009298,ok,1.1116381681793968,-1.0759433259754239,-1.3425548811329133,-2.6030916577501046,-1.1203988284963362,1.9375535921798896,1.3186942330357556,0.191918337527128,-0.7492431459112654,-0.0950480664361981,-0.09024511647507497,-0.5578739677613486,-0.5566659959049578,0.41290401683784506,0.05703076387978874,0.11340292292317325
2.249999999999996,0.39551752667594325,-0.08677618374763411,0.21086699959378524,0.5344392998079085,0.0550856262985899,0.12712500029010698,ok,1.113557351554668,-1.0834357574345366,-1.3435053617972752,-2.6039941089148555,-1.1259775681739497,1.93198693222084,1.322823273204134,0.21714084206819564,-0.7404285206652501,-0.08459662846013483,-0.08282791863713956,-0.5420724932072053,-0.5592383054418792,0.4317371508347481,0.05648839428927516,0.11425467782682674
2.259999999999996,0.3952449859346942,-0.08627962249247433,0.2105443261791874,0.5348431936326501,0.05525632910989605,0.10270799975842237,ok,1.1157287599753498,-1.090840042641189,-1.3443513280818766,-2.6048223881012267,-1.1313982931060218,1.9263945491664212,1.3271406447124816,0.24244560657365133,-0.7317175968927185,-0.07385067129521615,-0.07650307916289183,-0.5266149651738893,-0.5614883171379506,0.45180922474608537,0.055938039874445386,0.11507275029963204
2.2699999999999956,0.3950128552038744,-0.08568445828926702,0.21026004421433434,0.535332282731533,0.05542801368670561,0.13258299986773636,ok,1.1181532160410863,-1.0981572186101163,-1.3450898347948288,-2.6055874188928554,-1.1366644427577608,1.9207796659950416,1.3316587369599424,0.23882374295880426,-0.7231091545763336,-0.06316898485770046,-0.08184332756494225,-0.5130982060638958,-0.5583109491883664,0.45244228787648,0.05538518410939433,0.1158575015023037
2.2799999999999954,0.3947705350423959,-0.08505799550574741,0.2099939931495127,0.5358789974285756,0.05559024090339992,0.13337500058696605,ok,1.1205414534706744,-1.1053883101558797,-1.3457215246434058,-2.6064058521685047,-1.1417954248183997,1.915196556503158,1.3361831598387073,0.21656361631890114,-0.7146019880519054,-0.053362021351084254,-0.09363069935488842,-0.5009578646138092,-0.5518293798624376,0.43934668154982764,0.05488668110668275,0.1166227954452694
2.289999999999995,0.39448778943855656,-0.0844489666748419,0.20973332259902225,0.536458098485137,0.05573707373849157,0.08458299998892471,ok,1.1227070896338633,-1.1125343300363988,-1.3462551448569167,-2.607342159162054,-1.1468050034645378,1.9096782627045334,1.3405766266542056,0.19488464187417903,-0.7061949058395309,-0.044445056449268085,-0.10411538513845213,-0.4890100035213957,-0.5456491826358042,0.4254391320829735,0.054476757884579535,0.1173786821165661
2.299999999999995,0.3941676705422735,-0.08386195905573547,0.209478631704991,0.5370625786646308,0.05586953834901267,0.060582999140024185,ok,1.1246559360526052,-1.1195962790947942,-1.3466995954214094,-2.608383313013438,-1.1516951034997518,1.9042217708781755,1.3448310179750353,0.17387311714697387,-0.6978867304767127,-0.03641291220441811,-0.11325777919225166,-0.47727739465727037,-0.5397582646364393,0.41077508687118863,0.0541538456145243,0.118126360293552
2.3099999999999947,0.39381345590385936,-0.08330130750733157,0.20923044312529293,0.5376853450981215,0.055988724941598796,0.05129199962539133,ok,1.126394667224075,-1.1265751463995612,-1.3470637245434536,-2.6095158908053606,-1.1564678774463244,1.898824188231811,1.3489387688437473,0.15361178507465253,-0.6896762983534577,-0.02925112016629645,-0.12103022992935536,-0.46577972210199214,-0.5341456823587797,0.3954200450633166,0.05391561640444027,0.1188669929628165
2.3199999999999945,0.39342861261133555,-0.08277105007603393,0.2089892167775223,0.5383193135053209,0.05609577684642895,0.12850000166508835,ok,1.1279307850748215,-1.1334719093830958,-1.3473562357451165,-2.610726193104654,-1.1611256746673444,1.8934827314082232,1.3528929692943805,0.13417820597987412,-0.6815624595492995,-0.02293933341005035,-0.1274193865758704,-0.454536365843861,-0.528799335085069,0.3794492864809006,0.05375903631933551,0.11960168853628989
2.3299999999999943,0.3930167547354666,-0.0822748886738388,0.20875535037864273,0.5389574920296827,0.05619187685452731,0.10983399988617748,ok,1.1292725671346202,-1.1402875339785887,-1.347585629079217,-2.6120003869704127,-1.1656710383257831,1.8881947380573725,1.3566874621591896,0.11564264267896426,-0.6735440776722484,-0.017452640353211736,-0.1324272036961814,-0.4435670694875719,-0.5237051636407697,0.3629463226355361,0.053680431404451986,0.12016697449549747
2.339999999999994,0.3925815964801474,-0.08181615735988793,0.20852917543134064,0.5395930581790355,0.05627823226143091,0.06499999835796189,ok,1.1304289935614098,-1.1470229747553111,-1.3477601554827492,-2.6133246590073744,-1.170106709020659,1.8829576864209647,1.360316925385545,0.09806600526402251,-0.6656200296996336,-0.012756909157497007,-0.1360687518665873,-0.4328868946376412,-0.5188503341328149,0.34599956010103455,0.0536755693086783,0.12026128216408295
2.349999999999994,0.3921269069419953,-0.08139779958852397,0.20831097233313745,0.5402194443208451,0.056356062080232125,0.05245800093689468,ok,1.13140965361405,-1.1536791750523074,-1.3478877245743242,-2.6146853465260405,-1.1744355779670355,1.8777691830796366,1.3637769209865553,0.08149870898335089,-0.6577892058208148,-0.00881299511573918,-0.13837333891809037,-0.42250928942259025,-0.5142209404457051,0.32870121180637774,0.05373975211880205,0.12035073683242344
2.3599999999999937,0.3916564621854821,-0.08102235362251055,0.20810097152210488,0.5408304047851844,0.056426582634797745,0.12083399997209199,ok,1.1322246407038836,-1.1602570671105157,-1.3479758545254816,-2.6160690799152215,-1.1786606708612615,1.8726269736751795,1.367063933104619,0.06597981207975583,-0.6500505092817463,-0.005577722718560652,-0.13938366231671712,-0.41244606973625764,-0.5098019571428372,0.3111453154622303,0.05386791626635419,0.12043697360634738
2.3699999999999934,0.39117399875173736,-0.080691946291111,0.20789935372199053,0.5414200727139524,0.05649099367310359,0.061791999542037956,ok,1.1328844388246813,-1.1667575722033332,-1.3480316317526673,-2.617462916538389,-1.182785131558624,1.8675289541037512,1.3701753862592414,0.05153618043654675,-0.6424028562313725,-0.003003934876637957,-0.1391542164135716,-0.4027064950594556,-0.5055778577094331,0.293425260325239,0.05405473396223193,0.12052152486401747
2.3799999999999932,0.39068317023621085,-0.0804082959525027,0.20770625320321645,0.5419830078749046,0.05655046580929531,0.052332999985083006,ok,1.1333998006290467,-1.173181600765647,-1.3480616711014337,-2.6188544587025246,-1.1868121965092184,1.8624731755266568,1.3731096388624937,0.0381825486434926,-0.6348451755698268,-0.0010428432568028773,-0.1377502700097421,-0.3932984865529033,-0.5015319145732806,0.275632332254239,0.05429471197744183,0.12060581200001856
2.389999999999993,0.390187507180088,-0.08017272258579712,0.20752175576813775,0.5425142290320447,0.05660612863069114,0.05708299977413844,ok,1.1337816261154816,-1.1795300525213452,-1.3480720995340016,-2.620231961402622,-1.1907451813747474,1.857457856380924,1.3758659621850362,0.02592196883880035,-0.6273764087984172,0.00035674504731774103,-0.13524525543286026,-0.38422698948585077,-0.4976475086293624,0.2578537505798178,0.05458228839046397,0.12069112144766415
2.399999999999993,0.38969038343443146,-0.07998616421780426,0.20734590352255317,0.5430092399702818,0.056659061239721996,0.05020800017518923,ok,1.1340408458038695,-1.1858038166093294,-1.3480685320835284,-2.6215844139569504,-1.194587451269606,1.8524813812946304,1.3784444996908345,0.014745920039999345,-0.6199955098713771,0.0012447169028656682,-0.13172017040706133,-0.37549658362382266,-0.49390656404602357,0.24017146464894612,0.05491192061613587,0.12077863183144762
2.4099999999999926,0.38919498556365384,-0.07984920030188003,0.2071786890533981,0.5434640353039606,0.05671028306682399,0.12070800039509777,ok,1.1341883050042696,-1.1920037717080432,-1.3480560849144998,-2.622901615661021,-1.198342417105844,1.8475423156541702,1.380846214337324,0.004635988451561214,-0.6127014450493603,0.0016717923239973197,-0.12726013766633043,-0.36710876735641795,-0.49029174159565525,0.22266092802025628,0.05527816409846219,0.12086937586492151
2.4199999999999924,0.3887042913446505,-0.07976207746396238,0.20702006156418973,0.543875105886505,0.056760748085484716,0.13616700016427785,ok,1.134234664888785,-1.1981307861585369,-1.3480393669912598,-2.6241742170376843,-1.2020135047794083,1.8426393982382137,1.3830728236175265,-0.004436028265992036,-0.6054931927546624,0.0016853690864726502,-0.12195416906644004,-0.3590652018360901,-0.4867844831010523,0.20539021206632296,0.055675739566136945,0.12096429425565057
2.429999999999992,0.3882210507321845,-0.0797247411791072,0.2068699201155489,0.5442394233081423,0.05681133901954126,0.05441599932964891,ok,1.1341903046061252,-1.2041857180860835,-1.3480225133003951,-2.6253937587283485,-1.205604156797769,1.8377715534072032,1.3851267257381896,-0.012505399449818945,-0.5983697434281371,0.0013321396354189102,-0.11589171366624876,-0.3513648365433984,-0.4833673875032502,0.1884199260459062,0.056099589080308626,0.12106419124315106
2.439999999999992,0.3877477766458067,-0.07973686523224263,0.20672811998935786,0.5445544286774846,0.05686286506760166,0.05062499985797331,ok,1.134065250611627,-1.2101694155203648,-1.348009191904041,-2.626552675865011,-1.209117805163203,1.8329378795321707,1.3870109249986486,-0.0196147002541907,-0.5913300993878058,0.0006550059937444638,-0.10916241051150045,-0.3440064027926195,-0.48002271716731976,0.17180221410588475,0.05654491962091718,0.12116977692657886
2.4499999999999917,0.38728673762958,-0.07979788670272756,0.20659446927574515,0.5448180045281774,0.05691605977033786,0.11745799929485656,ok,1.133869103609085,-1.216082716514243,-1.3480026418441033,-2.6276442999701257,-1.2125578691911292,1.8281376523604975,1.3887289471397075,-0.02581099761127748,-0.5843732746891258,-0.0003059692480984336,-0.10185390636069781,-0.3369873676126902,-0.4767335168628526,0.1555817040490608,0.05700723720228944,0.12128165064001385
2.4599999999999915,0.386839957970134,-0.07990703627061882,0.20646873117424766,0.5450284486569221,0.05697158113391133,0.1033749995258404,ok,1.1336109936329724,-1.2219264492611341,-1.3480057015365843,-2.6286628390337325,-1.2159277428672561,1.823370317191869,1.390284764180198,-0.03114569214882144,-0.5774982949869011,-0.001514160953232388,-0.09405095898695805,-0.3303043555321559,-0.4734834963646571,0.13979475109918402,0.05748236732778941,0.12140034412235774
2.4699999999999913,0.3864092206048385,-0.08006337138555081,0.2063506251504671,0.5451844410358528,0.057030012708708014,0.1291250009671785,ok,1.1332995367114842,-1.2277014322110031,-1.3480208431461167,-2.6296033486236023,-1.2192307864225778,1.8186354822282225,1.3916827116911898,-0.035672269827302656,-0.5707041973988197,-0.0029364029727135385,-0.08583435981331951,-0.3239532292105444,-0.4702572851520232,0.12447071361550534,0.05796646752807394,0.12152628032542014
2.479999999999991,0.3859960747072476,-0.08026580441598032,0.20623982894982512,0.5452850112361753,0.05709186583814119,0.05687500015483238,ok,1.1329428140132112,-1.2334084741849913,-1.3480502071758438,-2.6304616922217354,-1.2224703187146833,1.8139329093767023,1.3929274188273448,-0.039446024688780695,-0.5639900303705985,-0.004543005894632089,-0.07728026926452371,-0.31792916181744535,-0.4670405050993897,0.1096316505895199,0.05845603246760564,0.12165982973690594
2.489999999999991,0.38560184531843933,-0.0805131317062934,0.20613598086715232,0.5453295029544748,0.05715758268960697,0.16820800010464154,ok,1.1325483537663235,-1.2390483744886973,-1.34809563723479,-2.6312344949143807,-1.2256496103328578,1.8092625043257085,1.39402373533324,-0.042522420352704066,-0.5573548535427089,-0.006307877645764443,-0.06845975431492285,-0.3122269532574123,-0.46381976084702353,0.0952935628182964,0.05894789052562881,0.12180129167655103
2.4999999999999907,0.38522764567655204,-0.08080405794490667,0.20603868161325817,0.5453175396438766,0.05722753986841163,0.11604199971770868,ok,1.1321231295627965,-1.2446219230241244,-1.3481587160112478,-2.63191909245753,-1.228771879865432,1.8046243067172383,1.394976670961423,-0.0449566537232821,-0.5507977376186773,-0.008207951648137849,-0.0594382871527771,-0.30684069085543514,-0.4605829409581988,0.08146650457370513,0.0594391957217182,0.12195092238173057
2.5099999999999905,0.3848743910296539,-0.08113721964886461,0.20594749804601684,0.5452489911371892,0.05730205268517158,0.08983299994724803,ok,1.1316735630255637,-1.2501299004003112,-1.3482407955277291,-2.6325134753290578,-1.2318402867739862,1.8000184773076562,1.39579133600716,-0.0467288319660879,-0.544317764234928,-0.01059008718601496,-0.05044107856200082,-0.30211193716488,-0.4570984474633752,0.06832980562478176,0.05992741456373692,0.12210892593730523
2.5199999999999902,0.3845426406315629,-0.08151078047072957,0.20586056579450196,0.5451231711450439,0.05738120315634575,0.0562919994990807,ok,1.1312062747059028,-1.2555730780426606,-1.3483466963995894,-2.633017886114678,-1.2348614061456349,1.7954474928330224,1.396474634063408,-0.04752881050034508,-0.5379140258321637,-0.015383995392597896,-0.04240789348549394,-0.29987844809675396,-0.45218694289877975,0.0567926775662848,0.060410033997090495,0.1222762804915039
2.52999999999999,0.38423185152666955,-0.08192063368912543,0.20576855386039372,0.5449354891984088,0.05746408059524975,0.11249999988649506,ok,1.1307309866008994,-1.2609522183009823,-1.3485005363535154,-2.6334419650495327,-1.2378601906266025,1.7909256234040347,1.3970425608390709,-0.04789633433703391,-0.531585625528256,-0.02012810463332597,-0.0342405495875467,-0.29780082119385765,-0.447331245892886,0.04565688441840235,0.06088343256228827,0.12245834396690107
2.53999999999999,0.3839426092719525,-0.08236556839054442,0.20567151226903174,0.5446865065826144,0.05755094956391275,0.10875000043597538,ok,1.130252023257529,-1.2662680745562649,-1.3487018173998486,-2.633784370545408,-1.240838198838541,1.7864523109451058,1.3974991296832548,-0.04787422633116249,-0.5253316769926292,-0.02479934743906837,-0.02597750764140541,-0.2958620887122688,-0.4425280935718284,0.0349164615471346,0.06134606868355984,0.1226552804048356
2.5499999999999896,0.38367536914688344,-0.08284437130765651,0.20556950649331235,0.5443769428111097,0.05764203618190641,0.1515829990239581,ok,1.1297732809942174,-1.2715213913261911,-1.3489498108742393,-2.634044145621822,-1.2437968197256637,1.7820270300093874,1.3978482942987263,-0.045935259518988567,-0.519151304322128,-0.029975900464858023,-0.018140723122104928,-0.29480580724640576,-0.4373783139107781,0.026528013279154692,0.06179662137197836,0.12286600981269415
2.5599999999999894,0.3834310626320431,-0.0833489453259789,0.20546000719358196,0.5440110185695687,0.057737038295561274,0.057625000408734195,ok,1.1293139283990274,-1.2767129043694123,-1.3492495698788878,-2.634225552853043,-1.2467448777981278,1.7776532468702797,1.3981135744315178,-0.04083156563364644,-0.513043641918338,-0.03614751573870905,-0.011276911287337951,-0.29527624674559705,-0.4315155702988295,0.022207240287284238,0.06223370337255056,0.12309185808698707
2.569999999999989,0.3832108326528385,-0.08386507911890746,0.2053381630154324,0.5435962841784163,0.057835107020436725,0.13945899991085753,ok,1.128905612742691,-1.2818433407885956,-1.3496110450362748,-2.6343383219659167,-1.2496976402655837,1.7733380911672914,1.3983356468343906,-0.03563401822793842,-0.507007834366358,-0.04215959125585165,-0.004475705409760707,-0.29580058643188234,-0.4256999481052305,0.018144491874015196,0.06265641242746486,0.12333479535748186
2.579999999999989,0.3830146192964895,-0.08439188947601885,0.20520413353447986,0.543133810745299,0.05793631298116293,0.13070799832348712,ok,1.1285492725604116,-1.2869134191322593,-1.3500326409488332,-2.6343830790200142,-1.2526556461299025,1.769081091686239,1.3985170917531307,-0.03035281771877734,-0.5010430363149893,-0.048012886689913374,0.0022526822670668385,-0.2963740710110993,-0.41992798855323077,0.014335265391267534,0.0630647392571944,0.12359456047023977
2.5899999999999888,0.38284233115914157,-0.08492850073450664,0.2050580680985673,0.5426246865248421,0.05804071259225487,0.06558300083270296,ok,1.128245744383224,-1.2919238494954093,-1.3505127698157324,-2.6343605521973434,-1.2556193868400136,1.7648818118007066,1.3986604444070434,-0.024997255760384526,-0.4951484123583419,-0.05370903207726763,0.008899515669679857,-0.29699247019978625,-0.41419642375448107,0.010774602796251927,0.06345874558279097,0.12387089579056688
2.5999999999999885,0.3826938497788951,-0.08547404714019623,0.20490010552682522,0.5420700096236899,0.05814834949372929,0.14308400022855494,ok,1.12799577182562,-1.2968753336189927,-1.351049860136505,-2.6342715570406465,-1.2585893115420115,1.7607398475631617,1.398768190435006,-0.019575718144543997,-0.48932313691883184,-0.0592504252377034,0.015457443398502364,-0.2976520487607579,-0.408502177245695,0.007457192564639287,0.06383855645371495,0.12416354967065456
2.6099999999999883,0.382569033817088,-0.0860276747888561,0.20473037390225396,0.5414708814652742,0.05825925592329144,0.10850000035134144,ok,1.1278000146441745,-1.301768564988181,-1.3516423643888822,-2.6341169826066615,-1.261565832029619,1.7566548257907049,1.3988427623606523,-0.014095697113093737,-0.4835663941315517,-0.06464013604514184,0.021920405807478952,-0.29834953649535967,-0.40284236127213635,0.004377460745279144,0.064204356456504,0.1244722786164059
2.619999999999988,0.38246772297912385,-0.08658854318891487,0.2045489904414329,0.5408284009691021,0.05837345401997886,0.053625000873580575,ok,1.1276590576730434,-1.3066042289294966,-1.3522887657493337,-2.6338977785485866,-1.2645493273945727,1.7526264021779836,1.3988865369681052,-0.00856381123522438,-0.477877377730004,-0.06988181778649076,0.028283542269326743,-0.29908209858493323,-0.39721427139288606,0.0015296516931145108,0.06455638185109412,0.12479684917634735
2.629999999999988,0.38238974167164386,-0.08715582648465589,0.20435606142655433,0.540143659396854,0.058490957056017305,0.04983300095773302,ok,1.1275734195606912,-1.3113830027067965,-1.3529875839271985,-2.6336149431258935,-1.267540148380422,1.7486542594640548,1.3989018334850363,-0.0029858312011787104,-0.4722552909331805,-0.07497962567674714,0.03454309992037009,-0.29984730660205183,-0.391615378923732,-0.0010921008720880835,0.06489491693888959,0.1251370395759936
2.6399999999999877,0.38233490239734014,-0.08772871437653082,0.20415168218653074,0.5394177358165084,0.05861177059521018,0.14325000120152254,ok,1.1275435612486795,-1.3161055556161283,-1.353737380183966,-2.63326951212669,-1.2705386214464425,1.7447381056748175,1.3988909124763154,0.0026332899184227845,-0.4666993463339668,-0.07993814246370254,0.04069634490043721,-0.30064311044784164,-0.38604332167370115,-0.0034937117644737187,0.06522028763171543,0.1254926411210046
2.6499999999999875,0.38230300889230046,-0.08830641277255355,0.20393593711541042,0.5386516931357747,0.058735893577473414,0.09250000039173756,ok,1.1275698941478638,-1.320772549079468,-1.354536761608603,-2.6328625486776853,-1.2735450525509209,1.7408776724580806,1.3988559753586707,0.008289383208031905,-0.46120876578886144,-0.08476231095150802,0.04674147686126502,-0.3014678114151999,-0.38049589337279377,-0.005681090435751417,0.06553285927298805,0.12586345939202281
2.6599999999999873,0.38229385901358137,-0.08888814420193235,0.2037088997177185,0.5378465746570777,0.058863319330177175,0.05541700011235662,ok,1.127652787979944,-1.3253846367373565,-1.3553843847181182,-2.6323951339090725,-1.276559730665073,1.7370727135243527,1.3987991644543132,0.013979028318813326,-0.4557827803089924,-0.08945737319448176,0.05267754730973043,-0.30232003652861555,-0.3749710321327492,-0.007660094521649338,0.065833030348085,0.12624931525334604
2.669999999999987,0.38230724738682714,-0.08947314801926778,0.20347063267161886,0.5370034011079305,0.05899403650778261,0.11049999920942355,ok,1.1277925782631322,-1.3299424645404465,-1.356278958450063,-2.6318683584359754,-1.279582931030359,1.7333230032030251,1.3987225635090967,0.019699516672955403,-0.45042062995241583,-0.0940288160568422,0.05850438217746462,-0.3031987142692166,-0.36946680823074707,-0.00943649007926062,0.06612123010989732,0.12665004569662697
2.679999999999987,0.38234296782529215,-0.09006068042484941,0.20322118790194907,0.536123168102641,0.05912802996190872,0.13137499990989454,ok,1.1279895734298617,-1.3344466708399707,-1.3572192466106314,-2.6312833146142007,-1.2826149181730513,1.7296283351207176,1.3986281986083042,0.02544881422755859,-0.4451215637176816,-0.09848232279662922,0.06422250886294424,-0.3041030517580439,-0.36398141145829765,-0.01101591778815793,0.06618909219669343,0.12706550453968446
2.6899999999999866,0.3824008155326708,-0.09065001432388722,0.2029606066562227,0.535206843993704,0.059265281544445214,0.05333400076779071,ok,1.1282440615721374,-1.3388978864771475,-1.3582040698385978,-2.630641089525571,-1.2856559486906318,1.7259885210061345,1.3985180394304226,0.031225524431320362,-0.43988483943865,-0.10282373030967705,0.06983308787288213,-0.30503251344079485,-0.3585131382345306,-0.012403864423112946,0.06595270972343271,0.12749556299931097
2.6999999999999864,0.3824805891027849,-0.09124043904494283,0.2026889195776126,0.5342553680738582,0.059405770846675206,0.0507909990119515,ok,1.1285563168164505,-1.343296734871534,-1.3592323071416945,-2.6299427586468425,-1.2887062738250397,1.7224033896237891,1.3983940007861915,0.03702885188913744,-0.43470972368054833,-0.10705899165899105,0.07533784909333047,-0.3059868012927417,-0.3530603786446413,-0.013605638947914977,0.06570691688983522,0.1279401101557177
2.709999999999986,0.38258209232948853,-0.09183125993540284,0.20240614676974034,0.5332696490925255,0.05954947587760629,0.22970900135987904,ok,1.128926605335342,-1.3476438321083393,-1.3603028970582844,-2.629189380155909,-1.2917661418379671,1.7188727858373427,1.3982579443967122,0.04285856714684387,-0.42959549163724814,-0.11119414351395368,0.08073903264442675,-0.30696583654267867,-0.3476216035303456,-0.014626352625165902,0.06545186272777766,0.128399053325008
2.719999999999986,0.3827051358401938,-0.09242179784958225,0.20211229784879522,0.5322505640531058,0.05969637368484568,0.11104099939984735,ok,1.1293551910068105,-1.3519397870247118,-1.361414838493424,-2.628381989829465,-1.294835800203394,1.7153965698020393,1.3981116808704606,0.04871497291932391,-0.4245414270297508,-0.11523527813005341,0.08603933421312508,-0.3079697428989093,-0.34219535172952203,-0.015470902584102095,0.0651877273826358,0.1288723183548337
2.7299999999999858,0.3828495385662515,-0.09301138854295601,0.20180737197911117,0.5311989572603459,0.05984644092141767,0.09816700003284495,ok,1.1298423407360036,-1.3561852012950093,-1.3625671912747244,-2.627521596487334,-1.297915497632383,1.711974616284744,1.3979569718446196,0.054598872009284476,-0.4195468220058715,-0.11918851951162876,0.09124185471291703,-0.3089988312480061,-0.33678021753650716,-0.016143958335503805,0.06491472003829528,0.12935984985720744
2.7399999999999856,0.38301512906309276,-0.09359938198408957,0.20149135788883588,0.5301156395896711,0.059999654361925385,0.05274999966786709,ok,1.1303883294560966,-1.360380669515068,-1.3637590764698406,-2.626609177940205,-1.301005485944863,1.7086068141093789,1.3977955322612645,0.06051153709972223,-0.4146109770410963,-0.1230600034159103,0.09635005408620193,-0.3100535857877436,-0.33137483843246923,-0.016649950768640395,0.06463307709165624,0.1298612564857738
2.7499999999999853,0.3832017466925717,-0.09418514159408929,0.20116423386275695,0.5290013879529404,0.06015599137140319,0.12595800035342108,ok,1.1309934448270937,-1.364526779285479,-1.3649896765039997,-2.625645677399343,-1.3041060218027405,1.7052930657250542,1.397629032753578,0.06645468254937505,-0.4097332008406131,-0.12685586087522938,0.10136770904135754,-0.31113465154892295,-0.32597788311643905,-0.016993063208869997,0.06434306057027402,0.13037598381604232
2.759999999999985,0.3834092426794081,-0.09476804342177152,0.2008259677096937,0.5278569449375448,0.060315430330125416,0.10270900020259432,ok,1.1316579916525875,-1.368624111293885,-1.366258235112752,-2.6246320003089294,-1.3072173683182298,1.7020332868938899,1.3974591021214893,0.07243043827587521,-0.40491281024248826,-0.13058220493462966,0.10629887450087075,-0.3122428232562066,-0.32058803985164325,-0.017177224155486732,0.06404495678661952,0.13090483235429423
2.769999999999985,0.3836374810530129,-0.09534747526130004,0.200476516702148,0.5266830185980795,0.060477951017510745,0.1356250013486715,ok,1.1323822960353462,-1.37267323939631,-1.3675640571620982,-2.6235690115639207,-1.310339796550792,1.6988274064953734,1.3972873298799344,0.07844132577487517,-0.4001491301219883,-0.13424512032350466,0.11114784852760477,-0.3133790354752815,-0.31520400512845836,-0.01720610135732487,0.0637390752225845,0.1314474042793059
2.7799999999999847,0.38388633948531214,-0.09592283571769428,0.20011582748612575,0.5254802823820315,0.060643534958131955,0.05779100138170179,ok,1.133166709293095,-1.3766747306975298,-1.3689065083653331,-2.6224575330786446,-1.3134735869055447,1.695675366444089,1.3971152688663613,0.08449023629410268,-0.39544149329702355,-0.1378506558017857,0.11591914049206307,-0.31454435399244696,-0.30982447263408874,-0.0170830969181544,0.06342574763824112,0.13200360532712085
2.7899999999999845,0.38415571003451787,-0.096493533224405,0.19974383595920425,0.5242493751729473,0.06081216573267316,0.19708299987541977,ok,1.1340116116560361,-1.3806291456305,-1.370285014923351,-2.621298341673724,-1.3166190304454692,1.692577121717748,1.3969444378971798,0.09058041115770572,-0.39078924043470586,-0.14140481894293705,0.12061744224291797,-0.3157399683725748,-0.3044481225098442,-0.0168113431551382,0.06310532739943596,0.1325733660512151
2.7999999999999843,0.3844454998040807,-0.09705898501604583,0.1993604671150363,0.5229909014364864,0.06098382925651677,0.098165999588673,ok,1.1349174157676132,-1.384537038034847,-1.3716990631127803,-2.6200921672512947,-1.319776430129195,1.6895326404926496,1.3967763244656284,0.09671542421804738,-0.38619171995900364,-0.1449135731374278,0.12524760204559968,-0.31696718564230925,-0.2990736108692812,-0.016393698961463678,0.06277818901955613,0.13315664750642542
2.809999999999984,0.3847556315253716,-0.09761861605834872,0.19896563485255478,0.5217054314565396,0.06115851402846388,0.07920800089777913,ok,1.1358845700097937,-1.388398955234437,-1.3731481988441545,-2.6188396912308387,-1.3229461019856181,1.686541904383957,1.3966123874760137,0.10289916639806734,-0.38164828795948597,-0.14838283662116164,0.1298146010581867,-0.318227425047053,-0.29369955954421884,-0.015832746448784334,0.062444727911683304,0.13375341363025134
2.819999999999984,0.3850860440719365,-0.09817185793649151,0.19855924174816833,0.5203935016502633,0.06133621135191065,0.051791999794659205,ok,1.1369135616737744,-1.3922154381140317,-1.374632027210366,-2.617541545220257,-1.3261283762360887,1.6836049087885148,1.3964540600115258,0.10913583227686914,-0.37715830810113915,-0.15181848335318798,0.1343235321196951,-0.31952221383249496,-0.28832454602058444,-0.01513078766656563,0.062105360348358354,0.13436363798290968
2.8299999999999836,0.385436692912488,-0.0987181477020729,0.19814117878924709,0.5190556149524465,0.061516915530621746,0.1265419996343553,ok,1.1380049199965432,-1.3959870211950431,-1.376150212043898,-2.61619830989906,-1.3293235983744136,1.6807216633283089,1.39630275213486,0.11542990866369075,-0.3727211515352434,-0.1552263455860822,0.13877958063262655,-0.32085318400417207,-0.28294709352192376,-0.014289841213948402,0.061760523627281114,0.13498730360266636
2.8399999999999834,0.3858075505091195,-0.09925692667822092,0.1977113250671511,0.5176922412610714,0.061700624041059235,0.13641599980473984,ok,1.13915921908318,-1.3997142327103955,-1.3777024754997589,-2.6148105140927336,-1.3325321302144553,1.6778921923930896,1.3961598537227207,0.12178616510036643,-0.3683361968112991,-0.15861221799026562,0.14318800732870005,-0.3222220700215544,-0.27756566119512116,-0.013311638575309892,0.061410676442455084,0.13562440286640093
2.849999999999983,0.38619860666656936,-0.09978763922156346,0.1972695474280045,0.5163038179373178,0.061887337683039924,0.05545800013351254,ok,1.1403770807341838,-1.4033975946785084,-1.3792885976796616,-2.6133786340194467,-1.3357543509146708,1.6751165357811384,1.3960267373369675,0.12820964622909986,-0.36400282978999,-0.16198186321042796,0.14755413271385803,-0.32363070738632077,-0.27217863435025946,-0.0121976200239128,0.06105629946155482,0.13627493732560692
2.859999999999983,0.38660986883771714,-0.10030973143908352,0.1968157000793258,0.5148907503545289,0.062077060710314234,0.04987499960407149,ok,1.1416591771964748,-1.4070376229764083,-1.380908416311766,-2.611903092692308,-1.338990657988534,1.6723947494376359,1.3959047611367283,0.1347056659607337,-0.3597204435571664,-0.16534101874799534,0.15188332299551563,-0.32508103208784705,-0.26678431470444175,-0.010948929948667372,0.060697896111622976,0.1369389304497564
2.869999999999983,0.38704136238985143,-0.10082264985719888,0.196349624150519,0.5134534124919203,0.062269800942475945,0.11966700003540609,ok,1.1430062338560822,-1.41063482741198,-1.3825618264992459,-2.6103842594623528,-1.3422414683094124,1.6697269062905915,1.3957952718372417,0.14127980337807056,-0.355488438338847,-0.16869540507826364,0.1561809773014643,-0.32657508087223386,-0.2613809105778109,-0.009566411467588264,0.06033599357660553,0.13761639500450373
2.8799999999999826,0.38749313083563736,-0.10132584003975957,0.1958711472051045,0.5119921475699535,0.0624655698594369,0.09933399996953085,ok,1.144419031889863,-1.4141897117953686,-1.3842487805500285,-2.608822449689338,-1.3455072191181348,1.6671130971848134,1.3956996077225658,0.14793790030887155,-0.35130622141721335,-0.17205073492437517,0.1604525160054421,-0.3281149923044639,-0.2559665269887308,-0.008050600198021566,0.05997114401168023,0.13830736538014038
2.8899999999999824,0.38796523603207717,-0.10181874515100704,0.19538008270241977,0.510507268725461,0.06266438267951742,0.10283299889124464,ok,1.1458984108929517,-1.4177027740095407,-1.3859692878992722,-2.6072179245292837,-1.3487883690411795,1.664553431914926,1.3956191017205857,0.1546860605040836,-0.34717320704759924,-0.17541272362286844,0.16470336997956123,-0.3297030085964355,-0.2505391555942715,-0.006401717058429968,0.05960392598086024,0.1390118843438512
2.899999999999982,0.38845775835015234,-0.10230080445891983,0.1948762294063604,0.5089990597257122,0.06286625842202684,0.050582999392645434,ok,1.1474452714979926,-1.4211745060800167,-1.387723415135501,-2.605570890829488,-1.3520853991271438,1.6620480403589832,1.3955550845500013,0.16153065035757144,-0.34308881637645083,-0.1787871005269193,0.16893897059767346,-0.331341478176547,-0.24509666442149744,-0.004619659979664597,0.05923494612591294,0.13973000901310534
2.909999999999982,0.38897079681721647,-0.1027714517737434,0.19435937073856102,0.5074677757216904,0.06307121995503291,0.13083399971947074,ok,1.1490605780015684,-1.4246053942437813,-1.3895112861407701,-2.6038815011235115,-1.3553988139089093,1.6595970737147683,1.3955088879502047,0.16847830110480322,-0.33905247736025723,-0.18217962140379537,0.17316474031704346,-0.3330328589791898,-0.23963678733484386,-0.00270399440529284,0.05886484107626212,0.14046178631707779
2.9199999999999817,0.3895044692335786,-0.10323011381587294,0.19382927407322242,0.5059136440419659,0.06327929402883672,0.12199999946460593,ok,1.1507453610126164,-1.4279959190173839,-1.391333082354808,-2.602149853720341,-1.3587291424987011,1.6572007058414198,1.3954818480061517,0.17553591243884517,-0.33506362468543044,-0.18559608179232193,0.17738608366795808,-0.33477972243484355,-0.2341571131849159,-0.0006539424609997811,0.058494279611212105,0.14120729563580708
2.9299999999999815,0.3900589122640859,-0.1036762085066311,0.19328568997060458,0.5043368650296334,0.06349051129549081,0.07999999979801942,ok,1.1525007201370048,-1.4313465552642382,-1.3931890431727312,-2.600375992883661,-1.3620769397230497,1.6548591347095707,1.3954753085815417,0.18271065748270887,-0.3311216996891315,-0.18904233129444548,0.18160837848234487,-0.33658475814344824,-0.22865507458445133,0.0015316293274494994,0.058123965087556476,0.1419666062525412
2.9399999999999813,0.3906342815048602,-0.10410914317484507,0.1927283513459973,0.5027376129259048,0.06370490631452004,0.11295799959043507,ok,1.1543278267118318,-1.4346577722611296,-1.3950794664856756,-2.598559909098838,-1.365442787304484,1.6525725839637262,1.3954906248748162,0.19000998905728883,-0.3272261502810238,-0.19252428878199643,0.1858369671929917,-0.338450779215145,-0.2231279362580309,0.003854223889618829,0.05775463814738334,0.14273981295827615
2.949999999999981,0.3912307515246577,-0.10452831267147222,0.19215697257077813,0.5011160368051106,0.06392251754481264,0.08550000165996607,ok,1.1562279266024047,-1.4379300337639398,-1.3970047093734956,-2.596701539426908,-1.3688272950966356,1.650341304601146,1.3955291671137124,0.1974416471841856,-0.32337643086595325,-0.19604795850582307,0.1900771480351949,-0.3403807282634297,-0.21757278291350665,0.006315729163052386,0.057387079722693676,0.14352701216040076
2.959999999999981,0.3918485158796238,-0.10493309738386714,0.1915712485019604,0.49947226156704283,0.06414338732246973,0.05879200034542009,ok,1.1582023430742465,-1.4411637980725993,-1.398965188958554,-2.594800767946556,-1.37223110237927,1.648165576772011,1.395592324405343,0.20501366776185292,-0.31957200226753,-0.19961944709912455,0.19433416598202466,-0.34237768403601476,-0.21198650658499443,0.00891843546934285,0.0570221143552415,0.1443283024677096
2.9699999999999807,0.39248778709945825,-0.10532286114060889,0.190970853436432,0.49780638899383606,0.06436756182420318,0.05045899888500571,ok,1.160252479751865,-1.4443595180952746,-1.4009613834295451,-2.5928574262867357,-1.3756548792196301,1.6460457117061609,1.3956815087600365,0.2127343923525009,-0.3158123316526181,-0.2032449814702697,0.19861320324409532,-0.3444448686681842,-0.20636579340009778,0.011665054842004079,0.056660613851823596,0.14514380657308756
2.9799999999999804,0.39314879664222774,-0.1056969489971236,0.19035543998589322,0.4961184988798785,0.06459509101568162,0.14008400103193708,ok,1.16237982367539,-1.4475176414118007,-1.4029938332442478,-2.5908712942542946,-1.379099327906312,1.64398205377216,1.3957981593084565,0.22061247901544748,-0.31209689245670497,-0.2069309275823145,0.20291936916437375,-0.34658565554204335,-0.2007071097275865,0.014558742436538097,0.05630350129701746,0.14597363842840178
2.9899999999999802,0.3938317948142195,-0.10605468489165111,0.18972463786831975,0.49440865024463665,0.06482602858402328,0.11958299910475034,ok,1.1645859484655445,-1.4506386103363678,-1.4050631425200708,-2.5888421005626507,-1.3825651844617324,1.641974982674884,1.395943746732822,0.22865691412078018,-0.30842516431015543,-0.2106838101168521,0.20725768933922428,-0.3488035777327173,-0.19500668766662219,0.01760312015430913,0.05595175544709276,0.1468179354990054
2.99999999999998,0.39453705065034245,-0.10639536916041316,0.18907805261162028,0.4926768826397316,0.06506043185343313,0.09091700121643953,ok,1.1668725176067523,-1.4537228619794693,-1.4071699806212394,-2.5867695236692585,-1.3860532202390596,1.6400249157982176,1.396119777934365,0.23687702507495595,-0.30479663296533016,-0.21451033301839312,0.21163309379893336,-0.3511023370189851,-0.189260509844686,0.020802302611780996,0.05560641553043731,0.1476768373138459
3.00999999999998,0.3952648517496339,-0.10671827590016245,0.18841526416502896,0.4909232175631424,0.06529836168278229,0.052166000386932865,ok,1.1692412878575018,-1.4567708283091225,-1.4093150839514235,-2.584653192731269,-1.3895642436092495,1.6381323106997707,1.396327800960483,0.24528249388808737,-0.3012107902245617,-0.21841740091205047,0.21605040408534637,-0.35348581343095364,-0.1834642934993046,0.024160925585011237,0.05526858648129705,0.14855050050754143
3.0199999999999796,0.39601550405941666,-0.10702265016562774,0.187735825413678,0.4891476599950376,0.06553988234372317,0.1283330002479488,ok,1.1716941127963827,-1.4597829362113681,-1.4114992579605439,-2.5824926886904156,-1.393099101743559,1.6362976677647776,1.396569410216333,0.25388337151130275,-0.29766713386897853,-0.22241214138164886,0.2205143190721606,-0.35595807530102913,-0.17761347382836823,0.02768417705507402,0.054939444634865595,0.14943907464871464
3.0299999999999794,0.39678933160058266,-0.10730770498874496,0.18703926059175913,0.48735020007144175,0.06578506137773867,0.13791700075671542,ok,1.1742329465114958,-1.462759607550058,-1.4137233793743604,-2.580287545499694,-1.3966586824965692,1.634521533026494,1.3968462519868838,0.26269009287240097,-0.2941651675881671,-0.2265019280871222,0.22502939938593794,-0.35852338977630094,-0.1717031866060337,0.031377830972841254,0.0546202439126736,0.1503427312499333
3.039999999999979,0.3975866761253459,-0.10757261820598642,0.18632506358970113,0.4855308149137167,0.0660339694303353,0.08516599882568698,ok,1.1768598474402199,-1.4657012592259395,-1.4159883986552317,-2.5780372515058345,-1.4002439163943323,1.6328045011604335,1.3971600302966123,0.27171349253995036,-0.2907044009106593,-0.23069440468891092,0.22960005030506678,-0.3611862337404488,-0.16572825007610054,0.03524828385015594,0.054312322527724374,0.1512616531244212
3.049999999999979,0.3984078966976182,-0.10781652907960193,0.18559269615089205,0.4836894706336847,0.06628668006041938,0.05316700116964057,ok,1.1795769823656195,-1.468608303235046,-1.4182953427021208,-2.5757412510027837,-1.4038557787317367,1.6311472186596725,1.3975125131351138,0.28096482095101966,-0.28728434913523987,-0.23499750953269288,0.23423050304149295,-0.36395130508100354,-0.1596831461527373,0.03930259426808351,0.054017110238768415,0.15219602163612234
3.0599999999999787,0.3992533691849336,-0.10803853469819286,0.18484158595366823,0.48182612453608664,0.06654326952274396,0.13324999963515438,ok,1.1823866305751296,-1.4714811467263984,-1.4206453177974476,-2.573398945972369,-1.4074952917825467,1.6295503871981452,1.3979055390777946,0.2904557611472992,-0.28390453326306075,-0.23941950102962786,0.23892479434866765,-0.3668235342231489,-0.15356200098020692,0.043548525370289734,0.05373613618234403,0.15314603804270388
3.0699999999999785,0.40012348564958256,-0.10823768614177762,0.18407112457460836,0.4799407275419727,0.0668038165212024,0.08999999954539817,ok,1.1852911881866026,-1.474320192059029,-1.423039512807744,-2.5710096980288824,-1.4111635271247782,1.6280147671883431,1.3983410243314975,0.29392634394684714,-0.28056447993055406,-0.240825183619787,0.24284346482325536,-0.36679383407090216,-0.14877549830723844,0.042876260087714,0.0534710373095567,0.1541119064322336
3.0799999999999783,0.40100857297645154,-0.10843188116978296,0.18329136224849352,0.478035877952122,0.06706756453011892,0.0987919993349351,ok,1.188230451626071,-1.4771258368583344,-1.4254477646439419,-2.5685812633806497,-1.4148314654654872,1.6265270122052709,1.3987697869323747,0.28771612875207275,-0.27726372134313587,-0.23723190745184092,0.24581124844862165,-0.361959345676364,-0.14632628616847088,0.03397511969962476,0.05322700796343101,0.1550858149047079
3.089999999999978,0.4018936144027553,-0.10865171923592643,0.18251949711696938,0.4761143740217832,0.0673335785501974,0.11124999946332537,ok,1.1911076129135918,-1.4798984740717658,-1.4278200837184603,-2.5661231508961637,-1.4184510589222508,1.6250637493435862,1.399109538129371,0.2821713603460884,-0.27400179520968726,-0.23376191640835098,0.2493022273415488,-0.35723934503688376,-0.14395049747822913,0.025195684122593185,0.05300852342136027,0.1560199659446026
3.099999999999978,0.40278034676978847,-0.10889722849580316,0.18175546181048619,0.474174273856421,0.06760238482252334,0.12929100012115669,ok,1.1939293265170527,-1.4826384920238627,-1.4301577028825438,-2.5636301286227483,-1.4220234523726196,1.6236242443688038,1.399361494970597,0.27727067779214115,-0.27077824467780853,-0.23040871031388027,0.2532748477657216,-0.352633492769385,-0.1416370287882931,0.016558544205866662,0.05281286537966197,0.15608137686577767
3.1099999999999777,0.40367040143079996,-0.10916831747979198,0.18099915244115403,0.4722138272800612,0.0678744680978547,0.05208400034462102,ok,1.1967020332949743,-1.4853462744706407,-1.4324617899856826,-2.561097380145091,-1.4255497873003136,1.622207874080921,1.3995270804126556,0.2729918562771921,-0.2675926182698344,-0.2271659720518096,0.2576895427217033,-0.3481409755910819,-0.1393758646308809,0.008081548640099474,0.05263749452770829,0.15615496822075597
3.1199999999999775,0.40456530655575673,-0.10946478808871196,0.18025043323763446,0.47023146554577,0.06815027338957852,0.049250000301981345,ok,1.199431951857746,-1.488022200653339,-1.4347334497062008,-2.558520484717874,-1.4290311970562244,1.620814115434612,1.3996078958990565,0.269312233732587,-0.26444446981960107,-0.22402761327283868,0.2625089402580273,-0.3437605840216643,-0.13715802329097843,-0.00022000261720117882,0.05248005440364793,0.1562398813282762
3.1299999999999772,0.40546649051597156,-0.10978634775388846,0.17950914081860397,0.4682257903304209,0.06843020795120194,0.20149999909335747,ok,1.202125074195072,-1.490666645351535,-1.4369737258389292,-2.555895395315294,-1.432468802896441,1.6194425352017023,1.3996056958728846,0.26620908585763803,-0.26133335840995886,-0.22098781338812715,0.267698006598495,-0.33949078724552056,-0.13497549386313915,-0.008333148732585628,0.05233837245081631,0.1563352987384674
3.139999999999977,0.40637528613681806,-0.11013262067385465,0.1787750880839996,0.46619556230428716,0.06871464341207714,0.10666600064723752,ok,1.2047871650536484,-1.4932799789356346,-1.4391836039728105,-2.553218415249309,-1.435863710768896,1.618092780263071,1.3995223643855588,0.2636599495490511,-0.258258848311018,-0.21804105162889284,0.27322413217632735,-0.3353298036148391,-0.13282116748629383,-0.016247050208817174,0.052210458756308684,0.1564404446204275
3.149999999999977,0.40729293562375457,-0.11050315807722887,0.178048067716,0.46413968952470436,0.06900391801299778,0.08479200005240273,ok,1.2074237645491388,-1.4958625674187447,-1.4413640144890996,-2.5504861739275455,-1.4392170088050444,1.616764568588208,1.3993598938834706,0.2616428965129985,-0.2552205089191238,-0.21518213230013716,0.2790571688399482,-0.33127566577397494,-0.1306887652304996,-0.023952769432720396,0.05209450292660468,0.15655458462631605
3.1599999999999766,0.4082205959867925,-0.110897447492038,0.17732785529191325,0.46205721586242415,0.06929833889146823,0.049250000301981345,ok,1.2100401935142688,-1.498414772507936,-1.443515835812101,-2.547695602239146,-1.4425297654627842,1.615457680935903,1.3991203661891434,0.26013676011420184,-0.25221791469654586,-0.21240620361252915,0.28516942628840714,-0.32732627980703155,-0.12857276468695533,-0.03144305467004695,0.05198886951852823,0.15667702532314182
3.1699999999999764,0.4091593448098866,-0.11131492102619372,0.176614212019024,0.45994730963082486,0.0695981843744352,0.13054199916950893,ok,1.2126415611154109,-1.5009369516549014,-1.4456398978482263,-2.544843907976262,-1.4458030282608545,1.6141719532890333,1.398805935642443,0.2591213193620257,-0.24925064511188066,-0.20970877065321608,0.29153563531556675,-0.3234794781530339,-0.12646832690888396,-0.0387121313507808,0.051892092401356796,0.15680711327692087
3.179999999999976,0.41011018623325085,-0.11175496268251592,0.1759068871072384,0.45780925255292704,0.06990370624381488,0.11762500071199611,ok,1.2152327743090312,-1.5034294581060201,-1.4477369855547584,-2.5419285516231063,-1.4490378230423848,1.6129072700199445,1.3984188143289351,0.2585774444193957,-0.2463182845811527,-0.20708570316546965,0.29813288478460476,-0.3197330663006212,-0.12437122498055975,-0.04575550338058032,0.05180286838094371,0.1569442338662581
3.189999999999976,0.41107405703745725,-0.1122169147453252,0.17520561979934055,0.4556424291697106,0.07021513194705888,0.05500000042957254,ok,1.2178185487532251,-1.5058926409518316,-1.4498078425864132,-2.5389472227752603,-1.452235153705391,1.6116635577701388,1.3979612592951294,0.2584872082190508,-0.24342042240960982,-0.20453323886139246,0.30494053849576425,-0.31608486347410514,-0.12227777516296981,-0.05256976627551634,0.05172005037181472,0.15708780989426396
3.1999999999999758,0.41205183273770485,-0.11270008328489287,0.17451014108113608,0.4534463167658613,0.07053266673117513,0.047416999223059975,ok,1.2204034208354158,-1.5083268451759277,-1.451853174975027,-2.535897817390303,-1.455396002340132,1.6104407800185092,1.3974355616323741,0.2588339687510991,-0.24055665273420254,-0.20204798300369964,0.31194013731113335,-0.3125327376641936,-0.12018477128115856,-0.05915243314415074,0.05164264036023079,0.157237300059492
3.2099999999999755,0.4130443336144706,-0.11320374283170068,0.17382017509498526,0.4512204758657828,0.07085649568400952,0.2055830009339843,ok,1.2229917605229268,-1.5107324117032697,-1.453873654805064,-2.5327784160171913,-1.4585213297167738,1.6092389323056977,1.3968440373009325,0.25960242640600395,-0.23772657446674153,-0.19962690497296104,0.31911529110564807,-0.309074635449236,-0.11808942278010996,-0.06550177392212174,0.05156978236138711,0.15739219733862525
3.2199999999999753,0.41405233062263463,-0.11372714027518298,0.17313544028047956,0.4489645413333212,0.0711867856711969,0.10179200035054237,ok,1.225587784786987,-1.5131096774479371,-1.4558699238547936,-2.529587263106135,-1.4616120760712663,1.6080580380778966,1.3961890195617113,0.2607786604688082,-0.23492979123772095,-0.19726733249529296,0.32645156435528117,-0.30570860710598474,-0.11598929668074176,-0.07161666778322522,0.05150075553801674,0.1575520273261718
3.229999999999975,0.41507655113506325,-0.11426949804203768,0.17245565026552406,0.44667821409289477,0.07152368716104598,0.09904200123855844,ok,1.228195571391675,-1.5154589753603143,-1.4578425971797466,-2.526322747462582,-1.4646691621423262,1.606898145111089,1.3954728528838791,0.26235014850442634,-0.23216591134080666,-0.19496694415015037,0.3339363584714091,-0.3024328275310642,-0.1138822635115935,-0.07749646828914736,0.051371503886512696,0.15771634656961142
3.239999999999975,0.41611768448851455,-0.11483001660782331,0.17178051453005438,0.44436125347726185,0.07186733593276932,0.10233300054096617,ok,1.2308190728767192,-1.5177806344737224,-1.4597922666212482,-2.522983383877868,-1.4676934904176369,1.6057593224759732,1.3946978882009877,0.2643057719828473,-0.22943454767797364,-0.19272376071497505,0.341558793356801,-0.29924561349330236,-0.11176644717019717,-0.0831408805791524,0.05124257130081675,0.15788474093235233
3.2499999999999747,0.4171763873097452,-0.11540787639288895,0.17110973886318914,0.4420134701975831,0.07221785466600103,0.11991700012004003,ok,1.2334621305965476,-1.520074979950502,-1.461719504228398,-2.5195677959443,-1.47068594655257,1.6046416580042713,1.3938664793951963,0.26663581109066503,-0.22673531770529168,-0.19053613583767892,0.3493095900975962,-0.29614543771906604,-0.10964017857644211,-0.08854984972236217,0.05112255230311319,0.15805682401154258
3.2599999999999745,0.41825328860793765,-0.11600223909006947,0.17044302563296193,0.43963471992441283,0.07257535441148995,0.060416999986045994,ok,1.2361284887074542,-1.522342333127555,-1.4636248655867747,-2.5160747000433243,-1.4736474009297607,1.6035452562185069,1.3929809808979727,0.2693319312791883,-0.22406784337934704,-0.18840274646284783,0.3571809562174627,-0.29313094028307096,-0.10750195291340443,-0.09372345924344587,0.05101117765954563,0.15823223563323735
3.2699999999999743,0.41934899462622727,-0.11661224846735674,0.1697800738859554,0.43722489746335697,0.07293993594433341,0.049666999984765425,ok,1.238821808020246,-1.5245830115613483,-1.4655088930514033,-2.5125028904811497,-1.4765787103325914,1.6024702366893728,1.3920437463055382,0.2723871637208324,-0.221431751104296,-0.1863225833754504,0.365166474501086,-0.29020093773994404,-0.10535039020491203,-0.09866183877248352,0.050908301017549035,0.15841064044362674
3.279999999999974,0.4204640934503419,-0.11723703068414361,0.16912057929230395,0.4347839315061046,0.07331169100215601,0.04845800140174106,ok,1.2415456796574542,-1.5267973290723913,-1.4673721188851578,-2.508851225736139,-1.4794807197099908,1.6014167327873237,1.3910571279178134,0.27579588149190887,-0.2188266716795396,-0.18429494216828612,0.3732609960389173,-0.287354430390203,-0.10318419894953701,-0.10336507974965213,0.05081389524113053,0.1585917266119347
3.289999999999974,0.4215991593763496,-0.11787569415485535,0.16846423394965732,0.4323117799359899,0.0736907034113231,0.05008300104236696,ok,1.2443036384723734,-1.5289855957891867,-1.4692150683068408,-2.50511861577575,-1.482354264013893,1.6003848907978282,1.3900234771203168,0.2795537729749714,-0.21625224024801554,-0.1823194148872205,0.38146053784696576,-0.28459060803082487,-0.10100214251419419,-0.10783315812488181,0.05072804980392749,0.15877520465815986
3.2999999999999736,0.4227547570423992,-0.11852732898894262,0.1678107260578911,0.4298084256669902,0.07407705010466556,0.23012500059849117,ok,1.247099176202123,-1.5311481181916669,-1.471038262455713,-2.50130401039728,-1.4852001700942012,1.5993748693726864,1.388945145539068,0.28365781367879705,-0.21370809624509776,-0.1803958825616676,0.3897621851673481,-0.28190885449657915,-0.09880300798450628,-0.11206586302393687,0.05065096860489435,0.158960806416986
3.3099999999999734,0.42393144533128135,-0.11919100603145098,0.16715973947461277,0.42727387299581093,0.0744708020343197,0.13874999967811164,ok,1.2499357543389111,-1.5332851991541179,-1.4728422212813297,-2.4974063885456066,-1.488019258639167,1.5983868392928413,1.3878244869088285,0.28810623740814373,-0.21119388334809655,-0.17852450878678422,0.3981639983501367,-0.27930875125523014,-0.09658557717070375,-0.11606273039857645,0.050582968578059176,0.15914828414789622
3.319999999999973,0.42512978105176435,-0.11986577552376033,0.16651095315989084,0.42470814444832267,0.0748720249832159,0.05725000119127799,ok,1.2528168167129925,-1.5353971379875988,-1.4746274663691976,-2.4934247485621053,-1.4908123461517193,1.5974209835211344,1.3866638596048428,0.2928985074769447,-0.20870924942635427,-0.1767057344879785,0.40666492404836624,-0.2767900802779283,-0.09434859947569356,-0.11982298073533564,0.05052447886917957,0.15933740980071243
3.329999999999973,0.4263503224070784,-0.12055066539966494,0.16586404051712977,0.42211127810389587,0.07528078027850314,0.1965830015251413,ok,1.2557458017877619,-1.5374842304818623,-1.4763945237140774,-2.4893580993216218,-1.4935802469544985,1.5964774975263774,1.3854656297974894,0.2980352884448373,-0.2062538464919266,-0.1749402739671185,0.4152647103197137,-0.274352826366075,-0.09209076634416927,-0.12334545996099776,0.05047604095878719,0.15952797444542133
3.3399999999999728,0.427593632258736,-0.12124467922779344,0.16521866863564047,0.4194833253840071,0.07569712540981002,0.13816700084134936,ok,1.2587261546722102,-1.5395467689467817,-1.4781439264537486,-2.4852054522184246,-1.4963237752181593,1.5955565898629356,1.3842321751978794,0.3035184186648717,-0.20382733065084502,-0.17322911230252722,0.4239638251151945,-0.27199717907766363,-0.08981068702737875,-0.12662858275122443,0.050438308835405926,0.15971978787517588
3.3499999999999726,0.4288602811931569,-0.12194679380745917,0.16457449743922345,0.4168243492947741,0.076121114554762,0.13570900046033785,ok,1.2617613388588589,-1.5415850422532902,-1.479876217576774,-2.4809658139672726,-1.499043747008936,1.5946584829926618,1.3829658893703671,0.30935088375678765,-0.20142936205495265,-0.17157350415066921,0.43276337754287164,-0.26972353435931523,-0.08750686541666496,-0.12967027752026425,0.05041205083724716,0.15991267839175127
3.3599999999999723,0.4301508503973837,-0.12265595642142546,0.16393117874399651,0.41413442311670395,0.07655279901357853,0.05879200034542009,ok,1.2648548476964268,-1.5435993358738398,-1.4815919526182806,-2.476638180191844,-1.5017409823525292,1.593783414338495,1.3816691865951645,0.3155367909623794,-0.19905960485430604,-0.16997497397567637,0.44166504121964334,-0.26753249595478523,-0.08517767771957938,-0.13246793244391541,0.050398151548100956,0.16010649278343803
3.369999999999972,0.4314659343485766,-0.12337108174577989,0.1632883552277516,0.4114136295388503,0.0769922275539417,0.049666999984765425,ok,1.2680102156060507,-1.545589931922383,-1.4832917023580374,-2.4722215297796475,-1.504416307312077,1.5929316375612992,1.3803445072707252,0.32208134419426504,-0.19671772715013766,-0.1684353177124852,0.45067097896417907,-0.265424876626038,-0.08282135077518125,-0.13501834194520332,0.05035429349230368,0.16030109650635288
3.379999999999972,0.4328061433200068,-0.1240910484141677,0.1626456593123436,0.40866206023870444,0.07743944666662303,0.04850000004807953,ok,1.2712310290479933,-1.5475571091938842,-1.4849760555351623,-2.4677148199900056,-1.5070705560783375,1.5921034240535474,1.3789943238512732,0.32899081945470016,-0.1944034009483714,-0.16695660584972868,0.4597837680375503,-0.26340169918875833,-0.08043594082999504,-0.13731765315314765,0.05028324052658682,0.16049637408139444
3.3899999999999717,0.43417210570395887,-0.12481469523106567,0.16200271195998744,0.4058798159134391,0.07789450073163114,0.049040998419513926,ok,1.2745209372425403,-1.5495011432033678,-1.4866456215936596,-2.46311698230963,-1.509704573070225,1.5912990646452474,1.3776211473197417,0.33627254017492864,-0.1921163021136848,-0.16554118789860955,0.4690063251047222,-0.2614641973297771,-0.07801931262328174,-0.13936131193103768,0.050220089943439725,0.16069222972055064
3.3999999999999715,0.4355644701493318,-0.1255408170266142,0.1613591213838756,0.40306700677251256,0.07835743209390165,0.049500000386615284,ok,1.2778836626442895,-1.5514223062245047,-1.4883010334726456,-2.458426919058583,-1.5123192150435227,1.5905188715190146,1.3762275342004313,0.34349582775273396,-0.18441574111190467,-0.16510794117932223,0.47828531358662496,-0.25689278631122814,-0.07077916825453782,-0.14135660998373295,0.05016598945778315,0.16088858819793656
3.4099999999999713,0.43698393492396015,-0.12626815940120714,0.16071477281602037,0.4002239665531573,0.07882809107172549,0.04891699973086361,ok,1.2813186209218168,-1.5532664636356237,-1.4899521128844389,-2.4536440659227163,-1.514888142906635,1.5898110798364693,1.374813968100594,0.35101558011756373,-0.17518774965144096,-0.16506413357410973,0.4876747858981676,-0.25160255271777693,-0.06214402699130838,-0.14311259411477545,0.05012221509336985,0.16107055001941495
3.419999999999971,0.4384312066453975,-0.12699542405280395,0.16006934546144774,0.3973508909459052,0.07930649769218429,0.0641250007902272,ok,1.2848287767229924,-1.555018341132138,-1.49160275422018,-2.4487673180637346,-1.5174041684338127,1.5891896395665561,1.3733828421594463,0.35901084447117754,-0.1664757104036428,-0.16507721735021386,0.4972004628955329,-0.24661169295992713,-0.053912345196622226,-0.14453920305429793,0.05009015346896019,0.16123381392364228
3.429999999999971,0.43990700762786644,-0.12772125421965722,0.1594223955751946,0.3944479122527133,0.0797927432572084,0.1405000002705492,ok,1.2884188851677043,-1.5566830982361746,-1.4932535263936821,-2.443795313434779,-1.5198702853634118,1.5886505161145899,1.3719374501289032,0.3674875369924654,-0.15825813707419287,-0.16514989790224036,0.5068642187038676,-0.2419128344683784,-0.046061764390553275,-0.14563367352718662,0.05007132302830182,0.1613796818158672
3.4399999999999706,0.4414120866670209,-0.12844422727801375,0.1587734605609577,0.3915151809972197,0.08028690975833157,0.06237500019778963,ok,1.292093760537629,-1.5582656796069165,-1.4949050253727045,-2.4387266712477405,-1.5222894137080956,1.5881898984706844,1.3704811133936314,0.37645280657985275,-0.15051447822866243,-0.16528524876935796,0.5166679889733146,-0.23749931153270756,-0.03857046133278025,-0.14639184839296313,0.050067388107464014,0.1615094336938766
3.4499999999999704,0.44294722012317017,-0.1291628488192445,0.15812205731754078,0.3885528689125012,0.08078907010270958,0.05054199937148951,ok,1.2958582886034276,-1.5597708243892032,-1.496557877860398,-2.4335599913580075,-1.5246644068234227,1.5878041938573566,1.3690171949097019,0.38591498148651965,-0.14322512400222145,-0.16548670312423763,0.5266136679754376,-0.23336515914383882,-0.03141713554155176,-0.1468081460548948,0.050080168494370844,0.16162433188887915
3.45999999999997,0.4445132127399446,-0.12987554628970965,0.15746768049223978,0.38556117254388933,0.08129928817128339,0.16654200044285972,ok,1.2997174384182928,-1.5612030756292254,-1.4982127448916405,-2.428293854678253,-1.526998058414861,1.587490022501941,1.3675491134491529,0.39588350978724096,-0.13637140977813172,-0.1657580462171451,0.5367030005813964,-0.22950510565179777,-0.024580993963525467,-0.14687552830088385,0.050111649844944525,0.16172562578213412
3.46999999999997,0.44611089817070854,-0.13058066218947464,0.1568098006456026,0.38254031750436807,0.08181761870868302,0.06504200064227916,ok,1.303676273516165,-1.5625667897270068,-1.499870325353812,-2.422926824672439,-1.529293109471379,1.5872442125623059,1.366080358166144,0.40636889269401144,-0.12993561737973325,-0.16610340822707853,0.5469374688803157,-0.22591456409120117,-0.018041733525547433,-0.14658546740787237,0.05016399493096009,0.16181455701441205
3.47999999999997,0.4477411391816691,-0.13127644682986853,0.15614786233331704,0.3794905634212122,0.0823441070444331,0.05229099951975513,ok,1.3077399624431052,-1.563866145900804,-1.5015313594360826,-2.417457449983636,-1.531552255112291,1.5870637952270503,1.3646145034920654,0.4173826097636766,-0.12390097419827172,-0.1665272569516429,0.5573181734714981,-0.22258962193717272,-0.0117795222587318,-0.14592791358739848,0.05023955567741094,0.1618923652086966
3.4899999999999696,0.4494048274976045,-0.131961050655083,0.15548128211265624,0.37641220961243615,0.08287878864532022,0.04812499901163392,ok,1.311913788540742,-1.5651051556427868,-1.503196632005599,-2.411884268248921,-1.5337781513316628,1.586946000004463,1.3631552243561913,0.42893703513156706,-0.11825165056289695,-0.1670343897442804,0.5678457098272373,-0.21952702896741813,-0.005774979657086832,-0.1448912641196886,0.050340885925785575,0.16196029422902308
3.4999999999999694,0.4511028832536561,-0.1326325161396991,0.1548094464829669,0.3733056015298857,0.0834216884994788,0.04679199992096983,ok,1.3162031588920575,-1.5662876721484158,-1.5048669759030417,-2.406205811150649,-1.535973421621337,1.5868882502078923,1.3617063117149943,0.43358167041624784,-0.11335278472722554,-0.16664191120959107,0.5719571490419768,-0.21605517565693907,-0.00036678943988641886,-0.1442046268791967,0.05047075483370646,0.16201959899982382
3.509999999999969,0.4528139260461082,-0.13329275724067177,0.1541345789549347,0.37019347993954377,0.08396659754298395,0.11695800094457809,ok,1.32053897559622,-1.567421199995688,-1.5065333950151376,-2.400486239660229,-1.5381339733779065,1.5868845823134934,1.3602642654462023,0.4282572895230151,-0.1092499811316623,-0.16494955058022762,0.5671622309300105,-0.21183637509524764,0.004309665414609746,-0.1443733471483612,0.05064155440907454,0.1620813280222413
3.519999999999969,0.45450778497873795,-0.13394659147506616,0.15346044116596347,0.3671064755154003,0.08450502193558197,0.20008300089102704,ok,1.32482154849145,-1.5685136998070046,-1.5081828905209398,-2.394814617350929,-1.540252337128859,1.5869276789676394,1.3588205319747186,0.42302284810648044,-0.10534717018794859,-0.16330285315271845,0.5623839799984671,-0.2077363549592133,0.008764469619651482,-0.14447526201222258,0.05086672584584455,0.16215963184383914
3.5299999999999687,0.45618452680314825,-0.13459406197253637,0.1527871067035383,0.36404454113421697,0.08503698061768653,0.06995799958531279,ok,1.329051776972515,-1.5695671715088841,-1.509815919052467,-2.3891907775509442,-1.542329700678451,1.587015323663836,1.3573757793545964,0.41787546179532525,-0.10163688127665738,-0.16169860318113893,0.5576229067954839,-0.20375221950071104,0.013005654505705849,-0.1445139598794292,0.05114541653491632,0.16225485379134452
3.5399999999999685,0.45784422272627245,-0.13523521210465977,0.15211464679669334,0.3610076227735231,0.08556249408769842,0.05062499985797331,ok,1.3332305315904682,-1.5705835403216508,-1.5114329050842783,-2.3836145484829894,-1.5443672228734582,1.587145380208893,1.3559306397558022,0.412812365495402,-0.09811164705954965,-0.16013384365144828,0.5528795129864741,-0.19988102247192413,0.017041198151801263,-0.1444928577182499,0.05147672101261881,0.1623673162093564
3.5499999999999683,0.45948694817339414,-0.13587008548397075,0.15144313039011595,0.35799565982339226,0.0860815843978327,0.04829200042877346,ok,1.3373586552454222,-1.5715646567922463,-1.5130342435207929,-2.3780857533531248,-1.5463660330981774,1.587315792190411,1.3544857111786197,0.40783091148934697,-0.09476403955729268,-0.1586058601116182,0.5481542917273636,-0.1961197830144092,0.020878995009684424,-0.14441520715106468,0.05185968548857843,0.1624973200726444
3.559999999999968,0.4611127825610965,-0.13649872596171533,0.15077262421387103,0.35500858538509944,0.08659427514683837,0.051417000577203,ok,1.3414369643603157,-1.5725122971878192,-1.5146203021219091,-2.3726042104358513,-1.5483272309283216,1.587524582140508,1.353041559107109,0.40292856708288943,-0.09158670180395448,-0.1571121649314455,0.5434477278833689,-0.19246550011605307,0.0245268294833176,-0.1442841007254217,0.052293312502417685,0.1626451447371069
3.569999999999968,0.4627218090796635,-0.13712117762436946,0.1501031928491076,0.3520463265574683,0.0871005914693871,0.17020799896272365,ok,1.3454662500311445,-1.5734281642058587,-1.5161914237712235,-2.367169733157018,-1.550251885929482,1.587769850435341,1.3515987180998548,0.39810291187278346,-0.088572375404733,-0.1556504820602702,0.538760298119139,-0.18891516570123,0.02799235315932126,-0.14410247828615097,0.05277656565915721,0.1628110478170589
3.5799999999999677,0.4643141144844793,-0.13773748478897177,0.14943489879008764,0.34910880471165257,0.0876005600220107,0.05612499990093056,ok,1.3494472791498724,-1.5743138879599061,-1.5177479285918263,-2.3617821301758264,-1.5521410375864944,1.5880497739669341,1.3501576933169932,0.3933516347039808,-0.08571392431370975,-0.15421873233638606,0.5340924708832803,-0.18546577642192533,0.03128306539429073,-0.14387313338386737,0.05330837439470186,0.16299526517706292
3.5899999999999674,0.4658897888960003,-0.13834769199733296,0.1487678025028517,0.3461959357550415,0.08809420896555308,0.04999999873689376,ok,1.3533807954969121,-1.5751710272030433,-1.5192901159151901,-2.3564412054669934,-1.5539956953507137,1.588362604620877,1.3487189619831546,0.3886725303768437,-0.08300435513746153,-0.15281501938904452,0.5294447063077665,-0.1821143442193937,0.034406296976317766,-0.14359871966506144,0.053887638725153855,0.163198011027072
3.5999999999999672,0.4674489256078869,-0.13895184400918623,0.1481019624808173,0.343307630384928,0.08858156794417962,0.050333999752183445,ok,1.3572675208006806,-1.5760010707544179,-1.5208182661090806,-2.3511467584039156,-1.5558168387929077,1.58870666759064,1.3472829747865038,0.3840634961588737,-0.08043683425764536,-0.15143761616273563,0.5248174560403023,-0.17885790572674112,0.03736919659083672,-0.14328175719768174,0.05451323393678682,0.16341947811023777
3.609999999999967,0.46899162090291924,-0.139549985794351,0.14743743529757494,0.34044379433251826,0.08906266806103796,0.05000000055588316,ok,1.3611081557622693,-1.5768054390969943,-1.522332642270708,-2.3458985838435127,-1.557605417850175,1.5890803595565484,1.345850157214527,0.37952252814949544,-0.07800470205235156,-0.15008495208354078,0.5202111630254705,-0.17569353058304601,0.040178719834187214,-0.142924638693994,0.05518401517718781,0.1636598379733245
3.619999999999967,0.4705179738763294,-0.1401421625239835,0.1467742756571377,0.33760432859782413,0.08953754185071872,0.04954100040777121,ok,1.3649033810437643,-1.5775854861175178,-1.5238334917915435,-2.340696472213258,-1.5593623531560055,1.5894821467548903,1.344420910827587,0.37504771754100064,-0.07570148448175362,-0.1487556008788543,0.5156262612484731,-0.17261832872918806,0.04284162053226956,-0.1425296355994607,0.05589882191219463,0.1639192413102573
3.6299999999999666,0.47202808626621456,-0.14072841956099014,0.14611253644186845,0.334789129675931,0.09000622324869442,0.06670800030406099,ok,1.3686538582191743,-1.5783425009623353,-1.525321047800332,-2.3355402096007736,-1.5610885364432974,1.589910562960213,1.3429956144715924,0.37063724681369636,-0.07352090228909858,-0.1474482690543742,0.5110631754533783,-0.16962945675464242,0.04536444413569823,-0.14209890402249464,0.05665648221767573,0.16419781836992797
3.6399999999999664,0.4735220622907086,-0.14130880244967936,0.14545226875829648,0.33199808977509165,0.09046874755794508,0.13383300029090606,ok,1.3723602306873113,-1.5790777099852262,-1.5267955304908758,-2.33042957784624,-1.5627848310108439,1.59036420740157,1.3415746254313674,0.3662893858986776,-0.07145687805318011,-0.14616178502604488,0.5065223208461199,-0.16672412336301648,0.047753522977210215,-0.1416344904853296,0.057455816879787555,0.16449567941995746
3.649999999999966,0.4750000084916115,-0.14188335690473108,0.14479352198101586,0.32923109702706393,0.09092515141299425,0.06279099943640176,ok,1.3760231245462982,-1.5797922787657581,-1.5282571483411362,-2.3253643546377787,-1.5644520722444741,1.5908417426313421,1.3401582805265142,0.3620024883373324,-0.06950354131375225,-0.14489508889928515,0.5020041027909027,-0.16389959402239027,0.050014973191096636,-0.14113833748096846,0.05829564328196733,0.16481291525868563
3.659999999999966,0.47646203358419664,-0.1424521287995572,0.1441363437948382,0.32648803569006973,0.0913754727415978,0.050459000703995116,ok,1.3796431494296715,-1.5804873141788955,-1.529706099230129,-2.3203443136098696,-1.566091068184698,1.5913418923632532,1.3387468971517045,0.35777498746285125,-0.06765523197658081,-0.14364722288344506,0.49750891650736634,-0.16115319486436083,0.05215469310840175,-0.14061228882523424,0.059174779061475904,0.1651495977682137
3.6699999999999657,0.4779082483129244,-0.14301516415412735,0.14348078023536048,0.3237687863447304,0.09181975072432544,0.049250000301981345,ok,1.3832208993043,-1.5811638664986614,-1.5311425714589635,-2.315369224444796,-1.5677026001333416,1.5918634392943372,1.3373407742634522,0.3536053926253851,-0.06590650219047098,-0.14241732232577078,0.49303714677455784,-0.15848231589335743,0.054178362955196784,-0.14005809479642115,0.06009204552269841,0.16550578050186354
3.6799999999999655,0.479338765312818,-0.143572509122335,0.14282687572809177,0.3210732260832951,0.09225802575228505,0.04858299871557392,ok,1.386756953230554,-1.581822931520566,-1.532566744682221,-2.3104388529770503,-1.569287423292275,1.5924052229238892,1.335940193315488,0.3494922854793386,-0.06425211687460083,-0.14120460734620502,0.48858916764672977,-0.15588441356526367,0.0560914456943086,-0.13947741705814062,0.061046270798542565,0.16588149929993246
3.6899999999999653,0.48075369897626086,-0.14412420997896686,0.1421746731262653,0.3184012286924627,0.09269033938323334,0.04850000004807953,ok,1.3902518760853473,-1.582465452689312,-1.5339787907556832,-2.305552961300583,-1.5708462674279278,1.5929661373808324,1.3345454191449067,0.3454343163482647,-0.06268705306076873,-0.14000837505204708,0.4841653421849756,-0.1533570127915704,0.05789918886376728,-0.1388718333634223,0.06203629275512883,0.16627677292812543
3.699999999999965,0.48215316532499963,-0.1446703131063515,0.14152421374745827,0.31575266483006087,0.09311673429631336,0.21724999896832742,ok,1.3937062192488299,-1.5830923232199197,-1.5353788745062036,-2.3007113078787333,-1.5723798375558435,1.59354512926947,1.3331567008112724,0.34143020068026164,-0.06120649820226239,-0.1388279923096654,0.47976602220786974,-0.1508977084226303,0.059606627277105445,-0.13824284204030324,0.06306096163843429,0.16669160373351644
3.709999999999965,0.4835372818871361,-0.14521086498074098,0.14087553740911907,0.3131274021958475,0.0935372542456502,0.06212500011315569,ok,1.3971205212556326,-1.5837043882019424,-1.5367671544293002,-2.2959136476566546,-1.5738888146400698,1.594141195542241,1.3317742723908694,0.337478715604361,-0.05980584758835041,-0.13766288904918467,0.47539154806359013,-0.14850416626049806,0.061218586462478894,-0.13759186626098874,0.06411914246468049,0.1671259783133482
3.7199999999999647,0.48490616757891924,-0.1457459121584937,0.1402286824631001,0.31052530569664893,0.09395194401302848,0.048208999942289665,ok,1.4004953084116762,-1.584302446677826,-1.5381437833197922,-2.291159732176019,-1.5753738563026747,1.594753381406866,1.3303983537282595,0.3335786965962446,-0.05848070099169374,-0.13651255207712337,0.47104224842526765,-0.1461741236491603,0.06273968672827754,-0.13692025809802738,0.06520971715895167,0.16757986819240578
3.7299999999999645,0.4862599425911465,-0.14627550126210953,0.13958368582927758,0.30794623760606443,0.09436084935986545,0.0468340003862977,ok,1.4038310953776387,-1.584887253687743,-1.5395089088405634,-2.286449309691766,-1.5768355975391664,1.5953807782741487,1.3290291511472794,0.329729034259787,-0.057226858664350753,-0.13537651937149459,0.4667184401108418,-0.14390538968678326,0.06417434775358712,-0.13622930237228545,0.06633158644886288,0.16805323050510668
3.7399999999999642,0.48759872827999884,-0.1467996789661735,0.13894058302833373,0.305390057718927,0.09476401697867862,0.04741600059787743,ok,1.4071283857202366,-1.5854595222743866,-1.5408626740342783,-2.2817821252906576,-1.5782746514360342,1.5960225217516846,1.3276668581235564,0.32592867122919206,-0.05604031678778456,-0.13425437483355027,0.46242042792818205,-0.1416958451019607,0.06552679361122195,-0.13552022029831526,0.06748367152202116,0.16854600867883512
3.749999999999964,0.4889226470621447,-0.14731849198325664,0.13829940821376768,0.3028566235007091,0.09516149444423781,0.11516700033098459,ok,1.4103876724325286,-1.5860199254422644,-1.5422052177826138,-2.277157921011376,-1.5796916098870537,1.5966777896877968,1.3263116559205732,0.3221765991950154,-0.05491726247186265,-0.13314574347048252,0.4581485045458298,-0.13954344183289366,0.0668010581405066,-0.1347941729335718,0.06866491545758548,0.16905813311540308
3.759999999999964,0.49023182231395457,-0.14783198704982087,0.13766019420319367,0.3003457902320425,0.09555333016457608,0.121749999379972,ok,1.4136094384244788,-1.586569098066983,-1.5435366752173185,-2.2725764359659175,-1.5810870443053826,1.5973458002692018,1.3249637141912376,0.31847185605607475,-0.05385406838872492,-0.13205028698357915,0.4539029503893837,-0.13744620234581176,0.06800099059528443,-0.1340522644384473,0.06987428444344397,0.16958952186786236
3.7699999999999636,0.4915263782746762,-0.14834021091216912,0.1370229725089774,0.2978574111485173,0.0959395733320231,0.07795800047460943,ok,1.4167941569850395,-1.5871076387508702,-1.5448571780871543,-2.2680374064620237,-1.5824615063288408,1.5980258101751545,1.323623191546853,0.31481352319810724,-0.052847287118388174,-0.1309676997368269,0.4496840335632843,-0.13540221872608438,0.06913026150069751,-0.13329554515446085,0.07111076879142057,0.17014008131020292
3.7799999999999634,0.4928064399534285,-0.14884321031248077,0.13638777336825575,0.29539133757590813,0.09632027387441233,0.07829199967090972,ok,1.4199422922170206,-1.587636111622054,-1.5461668550845225,-2.263540566126391,-1.5838155285161015,1.5987171127901616,1.3222902360953084,0.3112007228990358,-0.05189364527505924,-0.12989770508148296,0.4454920097974916,-0.13340965157303997,0.07019236865945963,-0.13252501450831217,0.07237338376352433,0.17070970679776798
3.789999999999963,0.4940721330398797,-0.1493410319749697,0.1357546257723797,0.2929474190609678,0.09669548240659617,0.06441699952119961,ok,1.423054299446011,-1.5881550480748048,-1.5474658321353372,-2.259085646028416,-1.585149625031832,1.5994190364767562,1.3209649859502253,0.30763261585988133,-0.05099003747522158,-0.1288400520129472,0.44132712241836336,-0.1314667287267933,0.07119064325535823,-0.13174162374954373,0.07366117022259956,0.17129828331648733
3.799999999999963,0.49532358381847913,-0.1498337225921937,0.13512355749581417,0.29052550349792833,0.09706525018239849,0.06179200136102736,ok,1.4261306256046098,-1.588664948449557,-1.5487542326554666,-2.2546723748042323,-1.5864642923191,1.6001309429093098,1.31964756971273,0.30410839885962476,-0.05013352020201167,-0.1277945121369524,0.4371896023429212,-0.12957174385324755,0.07212825600763373,-0.1309462785297063,0.07497319512086086,0.17190568611928048
3.8099999999999627,0.4965609190861232,-0.15032132881155016,0.13449459512452405,0.2881254372508252,0.09742962904711357,0.0480840008094674,ok,1.429171709593206,-1.5891662836515772,-1.5500321777768362,-2.250300478780803,-1.5877600097576323,1.6008522254693862,1.318338106927433,0.30062730253172354,-0.04932130561344881,-0.12676087692312907,0.4330796680955257,-0.12772305491084562,0.07300822333600912,-0.13013984133087597,0.07630855183971706,0.17253178134821928
3.8199999999999625,0.4977842660731335,-0.15080389722198054,0.1338677640838724,0.2857470652717733,0.0977886713906565,0.046875000407453626,ok,1.4321779826185232,-1.5896594967077118,-1.5512997865460676,-2.245969682099848,-1.5890372403067408,1.6015823077027462,1.3170367085141241,0.2971885892594608,-0.04855075533665807,-0.12573895522480952,0.42899752584591505,-0.1259190825207816,0.07383341350101977,-0.12932313375124713,0.07766636039406417,0.1731764266412445
3.8299999999999623,0.49899375236743887,-0.1512814743409087,0.13324308866605233,0.2833902312153071,0.09814243010145435,0.04670799899031408,ok,1.435149868511118,-1.5901450042610783,-1.5525571760983157,-2.2416797068413885,-1.5902964311319485,1.6023206418377565,1.3157434771766117,0.29379155118695166,-0.047819374284437506,-0.12472857104502026,0.42494336946752836,-0.12415830826011663,0.07460655268933762,-0.12849693865545933,0.0790457675138556,0.17383947172243747
3.839999999999962,0.5001895058418533,-0.15175410660143518,0.1326205920570701,0.2810547775488853,0.09849095852116094,0.04641699888452422,ok,1.4380877840229875,-1.5906231980039227,-1.5538044618087659,-2.237430273146713,-1.5915380142145497,1.6030667073646498,1.314458507790057,0.29043550834220666,-0.047124804525834466,-0.12372956152955132,0.42091738061490225,-0.12243927289546655,0.07533023101796599,-0.12766200219705406,0.0804459466152861,0.17452075897502023
3.849999999999962,0.5013716545843426,-0.15222184033980543,0.1320002963632969,0.2787405456596773,0.09883431040026187,0.10983300126099493,ok,1.4409921391064096,-1.5910944460491812,-1.5550417574240614,-2.233221099340564,-1.5927624069435042,1.6038200096748294,1.3131818877680865,0.28711980686850835,-0.046464819237801415,-0.12274177516903823,0.4169197288190125,-0.12076057457308094,0.07600690843518035,-0.12681903572029177,0.08186609767337553,0.17522012399642356
3.8599999999999617,0.5025403268311885,-0.1526847217831688,0.13138222263760005,0.2764473759577145,0.09917253985463835,0.08066599912126549,ok,1.4438633371750946,-1.5915590942415592,-1.5562691751757518,-2.229051902052374,-1.593970012689235,1.6045800787591813,1.3119136974108836,0.2838438173600564,-0.04583731676089538,-0.12176507019301237,0.4129505715993342,-0.11912086697942084,0.0766389204996735,-0.125968717548301,0.08330544700711982,0.17593739613491366
3.8699999999999615,0.5036956509029469,-0.15314279703764078,0.13076639090506617,0.27417510797551814,0.09950570132313698,0.07504200038965791,ok,1.4467017753486953,-1.592017467409168,-1.557486825877682,-2.2249223963363804,-1.5951612213590294,1.605346467964178,1.3106540102354005,0.28060693329777175,-0.04524031477842278,-0.12079931313986167,0.40901005459144146,-0.11751885748485824,0.07722848402249623,-0.12511169466424477,0.08476324698772501,0.1766723990074004
3.8799999999999613,0.5048377551431138,-0.15359611207668428,0.1301528201883244,0.27192358046428317,0.09983384952619483,0.0637499997537816,ok,1.449507844681673,-1.5924698705569522,-1.5586948190090806,-2.220832295790466,-1.596336409933878,1.606118752804403,1.309402893288758,0.2774085695810426,-0.0446719446350171,-0.11984437758764577,0.4050983116889717,-0.11595330528160787,0.07777770255928576,-0.12424858429195305,0.08623877567975459,0.17742495099817285
3.889999999999961,0.5059667678594105,-0.15404471272981515,0.12954152853247627,0.26969263148671385,0.10015703942555602,0.1264160000573611,ok,1.4522819303774834,-1.5929165900033024,-1.559893262784957,-2.2167813126735765,-1.597495942986694,1.6068965298299958,1.3081604074458384,0.2742481611511253,-0.04413044580774158,-0.11890014303167487,0.4012154651987824,-0.11442301952571264,0.0782885717428436,-0.12337997538213963,0.08773133642433527,0.17819486573841892
3.899999999999961,0.5070828172676013,-0.1544886446716457,0.1289325330296405,0.26748209850659127,0.10047532618511464,0.10037500032922253,ok,1.4550244119889948,-1.5933578944613798,-1.5610822642152737,-2.2127691580215885,-1.598640173181951,1.607679415547424,1.306926607692017,0.2711251617019615,-0.04361416054010356,-0.1179664938956942,0.3973616260081854,-0.11292685749163371,0.07876298444837701,-0.12250643001005443,0.08924025737286585,0.17898195256648108
3.9099999999999606,0.5081860314377606,-0.15492795341126733,0.12832584984311246,0.2652918184751658,0.10078876513290302,0.05945900011283811,ok,1.4577356636060144,-1.5937940360667808,-1.5622619291542308,-2.2087955417615066,-1.5997694417568673,1.6084670453919079,1.3057015433919164,0.2680390424741319,-0.04312152864701723,-0.11704331866443204,0.393536893763165,-0.11146372274688626,0.07920273578578019,-0.12162848469014628,0.09076489097900374,0.17978601696889207
3.9199999999999604,0.5092765382429163,-0.1553626842819843,0.12772149423114876,0.2631216279144419,0.10109741172425032,0.04766600068251137,ok,1.4604160540307556,-1.594225251353251,-1.563432362340875,-2.204860172823875,-1.6008840789843362,1.6092590727497658,1.3044852585450148,0.2649892911277691,-0.04265108249673669,-0.11613050912610975,0.3897413570564882,-0.11003256335316554,0.07960952791500676,-0.12074665161295829,0.09230461345602674,0.18060686100230744
3.92999999999996,0.5103544653099841,-0.15579288243139355,0.12711948057037264,0.2609713629974468,0.1014013215061258,0.2176669986511115,ok,1.4630659469420333,-1.5946517621782186,-1.5645936674321361,-2.20096275925331,-1.6019844046178677,1.610055168028916,1.3032777920288852,0.2619754106903001,-0.04220144217373796,-0.11522795971440213,0.38597509362474597,-0.1086323700993472,0.07998497468234175,-0.11986141980926844,0.09385882420604423,0.1814442836965237
3.93999999999996,0.5114199399729257,-0.15621859281182454,0.1265198223788071,0.25884085962555065,0.10170055008266847,0.09745900024427101,ok,1.4656857010489364,-1.5950737765999559,-1.56574594702928,-2.197103008317063,-1.6030707283188612,1.6108550177757393,1.3020791778307925,0.2589969185749952,-0.041771310825178584,-0.1143355669400475,0.38223817055330345,-0.10726217477105804,0.08033060607648285,-0.11897325624616917,0.0954269452269003,0.18229808143882964
3.9499999999999598,0.5124730892280562,-0.1566398601711283,0.12592253233853512,0.256729953502918,0.10199515308191949,0.07550000009359792,ok,1.4682756702346864,-1.5954914897082078,-1.5668893026986805,-2.19328062661153,-1.6041433500665718,1.611658323836504,1.3008894452683308,0.25605334566638766,-0.041359470191873235,-0.11345322890314946,0.3785306444882462,-0.10592104846058104,0.08064787250478629,-0.11808260685947036,0.09700842050205362,0.18316804833999129
3.9599999999999596,0.5135140396914304,-0.1570567290438257,0.1253276223179891,0.2546384802081623,0.10228518612374862,0.06237500019778963,ok,1.4708362036913503,-1.5959050844101266,-1.568023834987712,-2.1894953201666474,-1.6052025605511777,1.612464802561552,1.2997086191997362,0.2531442354687843,-0.040964776323709116,-0.11258084487784771,0.3748525618544595,-0.10460809992025641,0.0809381488908363,-0.11718989752664556,0.09860271537815167,0.18405397658221373
3.9699999999999593,0.5145429175582431,-0.15746924374260865,0.1247351033938688,0.2525662752632736,0.10257070478897834,0.11954100045841187,ok,1.473367646046038,-1.5963147321733637,-1.5691496434364904,-2.185746794548103,-1.6062486415503803,1.6132741840504603,1.2985367202244698,0.2502691433141625,-0.040586155478223016,-0.11171831496176014,0.3712039590789642,-0.10332247396187157,0.08120273859551441,-0.11629553498417154,0.10020931593452052,0.1849556567494664
3.979999999999959,0.5155598485641756,-0.15787744835019527,0.12414498587269035,0.2505131741998911,0.10285176458969549,0.14241700046113692,ok,1.4758703374791797,-1.596720593728146,-1.570266826586108,-2.1820347549573134,-1.607281866289999,1.6140862114364154,1.297373764874628,0.24742763562594525,-0.040222600200238635,-0.11086553978320562,0.36758486281875963,-0.10206334990397549,0.08144287716439341,-0.11539990769296622,0.1018277283483054,0.18587287814058512
3.989999999999959,0.5165649579486261,-0.15828138671153635,0.1235572793119646,0.24847901262298872,0.10312842094074604,0.11433300096541643,ok,1.4783446138354392,-1.5971228197301484,-1.57137548198394,-2.1783589063291258,-1.6083024997890387,1.6149006402080592,1.2962197657976984,0.24461928923524823,-0.03987316557967025,-0.11002242025980288,0.36399529019240107,-0.10082994006856423,0.0816597359049088,-0.11450338665529679,0.10345747825856196,0.18680542906559622
3.9999999999999587,0.5175583704197635,-0.15868110242636815,0.12297199254100809,0.2464636262720416,0.10340072913239721,0.05558399971050676,ok,1.4807908067277917,-1.597521551385945,-1.572475706186538,-2.1747189534272016,-1.6093107991897244,1.6157172375671083,1.2950747319311453,0.24184369074633513,-0.0395369656839095,-0.10918885740263848,0.3604352490146292,-0.09962148832810098,0.0818544252973503,-0.11360632618644997,0.10509811013218974,0.1877530971257264
4.009999999999959,0.5185402101213413,-0.15907663884211076,0.12238913368138209,0.24446685107973498,0.10366874430415783,0.04929200076730922,ok,1.483209243635255,-1.5979169210427842,-1.5735675947605643,-2.1711146009370554,-1.6103070140730054,1.6165357818200818,1.2939386686692809,0.23910043594819974,-0.039213170160739975,-0.10836475216065891,0.3569047380333812,-0.0984372687034687,0.08202799824400617,-0.11270906464405567,0.10674918663422599,0.18871566947758334
4.019999999999959,0.5195106006012181,-0.15946803904710602,0.12180871016696627,0.24248852322828865,0.10393252141973754,0.12070799857610837,ok,1.485600247994737,-1.5983090527443915,-1.5746512422821708,-2.167545553556722,-1.61129138676004,1.617356061802522,1.2928115780228404,0.23638912926928837,-0.038901001007303274,-0.10755000530045582,0.35340374716858414,-0.0972765840131375,0.08218145316119516,-0.11181192511795444,0.10841028800467638,0.18969293308200158
4.0299999999999585,0.5204696647815246,-0.15985534586419003,0.12123072876366255,0.24052847920345033,0.10419211524312981,0.07962500058056321,ok,1.4879641392874299,-1.5986980627544645,-1.5757267423351753,-2.164011516085036,-1.6122641526001713,1.618177876334134,1.2916934587716609,0.23370938327258242,-0.03859972950019803,-0.10674451731706248,0.3499322577521554,-0.0961387645734285,0.08231573691917667,-0.11091521608312711,0.11008101144375455,0.19068467493806057
4.039999999999958,0.5214175249304238,-0.1602386018445959,0.12065519558873171,0.23858655584622898,0.10444758031579825,0.09291600144933909,ok,1.4903012331201557,-1.5990840600494665,-1.576794187508346,-2.1605121935075142,-1.6132255402459057,1.6190010337033256,1.2905843066108296,0.23106081818831856,-0.038308673281625544,-0.10594818837178478,0.3464902427686647,-0.09502316694959875,0.08243174763508952,-0.11001923201820075,0.11154265760167523,0.19169068230278863
4.049999999999958,0.5223543026354103,-0.1606178492621803,0.12008211612976351,0.23666259040242488,0.1046989709349479,0.04812500083062332,ok,1.4926118413020388,-1.5994671467822827,-1.5778536693920637,-2.1570472910798277,-1.6141757719154017,1.6198253511796765,1.2894841142906475,0.2284430614818846,-0.038027193596264865,-0.10516091825346893,0.3430776670961919,-0.09392917275719023,0.08253033732420212,-0.10912425399171598,0.11270099387762847,0.19271074289706835
4.059999999999958,0.5232801187780988,-0.1609931301079698,0.11951149526328068,0.23475642057001309,0.10494634113285724,0.046082999688223936,ok,1.4948962719168577,-1.5998474187182454,-1.5789052785745985,-2.1536165144088657,-1.6151150636429736,1.6206506545529185,1.2883928717507303,0.22585574745443066,-0.03775469267339882,-0.10438260635997691,0.3396944877468926,-0.0928561875128798,0.0826123144148481,-0.10823055021830814,0.11387922359307093,0.19374464509826045
4.069999999999958,0.5241950935104477,-0.16136448608501697,0.11894333727297822,0.23286788454445004,0.10518974465725034,0.10108300011779647,ok,1.497154829391402,-1.6002249656449794,-1.5799491046381984,-2.1502195695313966,-1.6160436255181025,1.6214767776970669,1.2873105662485471,0.22329851687398408,-0.03749061124873911,-0.10361315169696679,0.3363406541068634,-0.09180363953394632,0.08267844613246568,-0.10733837658671386,0.11507687143164075,0.19479217812006372
4.079999999999957,0.5250993462323724,-0.16173195860356346,0.1183776458675995,0.23099682106194896,0.10542923495268625,0.14004100012243725,ok,1.499387814560142,-1.6005998717574668,-1.580985236155168,-2.146856162990328,-1.616961661913442,1.6223035621583914,1.28623718248268,0.22077101663492327,-0.03723442622040332,-0.10285245289134737,0.33301610817494137,-0.09077097888529714,0.08272946075810038,-0.1064479771614831,0.11629347024956929,0.1958531321801223
4.089999999999957,0.5259929955706972,-0.1620955887765025,0.11781442419844984,0.22914306944079005,0.10566486514293835,0.1032919990393566,ok,1.5015955247264912,-1.6009722160196709,-1.5820137606840814,-2.1435260019085787,-1.617869371702295,1.6231308567659724,1.285172702711065,0.21827289944379313,-0.03698564843342579,-0.10210040821709317,0.32972078480002415,-0.08975767637290763,0.0827660497667767,-0.1055595846600021,0.11752856121292624,0.19692729865588837
4.099999999999957,0.5268761593594046,-0.16245541741513117,0.11725367487655007,0.22730646962071324,0.1058966880143435,0.05333300032361876,ok,1.503778253720929,-1.601342072504005,-1.5830347647662524,-2.1402287940605786,-1.618766948466024,1.6239585172636402,1.284117106864465,0.21580382352959374,-0.03674382058729161,-0.10135691563131417,0.3264546119166359,-0.08876322258242246,0.08278886985097814,-0.10467342090646013,0.11878169391000862,0.1980144702292409
4.109999999999957,0.527748954621128,-0.16281148502518972,0.11669539998943265,0.22548686220045927,0.10612475600009107,0.10045800081570633,ok,1.505936291956225,-1.601709510709878,-1.5840483339225655,-2.136964247941412,-1.6196545806918483,1.62478640596215,1.2830703726554005,0.2133634523767703,-0.036508515260939,-0.10062187281876188,0.3232175107784211,-0.08778712696156497,0.08279854483453788,-0.10378969726418659,0.120052426440274,0.1991144410203528
4.119999999999957,0.528611497549854,-0.16316383180317762,0.11613960111757984,0.22368408847350166,0.10634912116543198,0.07608299893036019,ok,1.5080699264799926,-1.6020745958624873,-1.5850545526507531,-2.1337320728336278,-1.620532451961464,1.6256143914104952,1.2820324756827586,0.21095145447924787,-0.03627933304996421,-0.09989517724306872,0.32000939618929086,-0.08682891694505525,0.08279566748190338,-0.10290861504770428,0.12134032548120877,0.20022700671129046
4.129999999999956,0.5294639034947837,-0.16351249763294007,0.11558627935051045,0.22189799046202877,0.10656983519377632,0.0866249993123347,ok,1.510179441024785,-1.602437389192987,-1.5860535044231838,-2.1305319788717347,-1.6214007411309144,1.6264423480853143,1.2810033895322814,0.20856750311393485,-0.036055900810571466,-0.0991767262033467,0.31683017673197617,-0.08588813712051274,0.0827808012079285,-0.1020303659157572,0.12264496633450889,0.20135196465981753
4.139999999999956,0.5303062869453159,-0.16385752208251866,0.11503543530251362,0.22012841094922678,0.1067869493736575,0.11529099901963491,ok,1.5122651160559244,-1.6027979482010928,-1.5870452716852173,-2.127363677104415,-1.6222596225021195,1.6272701560973937,1.2799830858731238,0.2062112761322627,-0.03583787000528265,-0.09846641689478453,0.31367975499376194,-0.0849643484340069,0.08275448169285911,-0.10115513224648263,0.12396593295292302,0.20248911400386582
4.149999999999956,0.5311387615171096,-0.16419894440125662,0.11448706912803519,0.21837519350991302,0.10700051458653716,0.04887500108452514,ok,1.5143272288172471,-1.6031563269011455,-1.5880299358541652,-2.1242268795544774,-1.6231092659864597,1.6280977009143223,1.278971534550659,0.20388245576841096,-0.0356249151452494,-0.09776414647218237,0.3105580277892299,-0.08405712743371366,0.08271721840735839,-0.10028308749579047,0.12530281794908332,0.2036382557571234
4.159999999999956,0.5319614399391871,-0.16453680351715425,0.11394118053671957,0.2166381825395725,0.107210581295421,0.17799999841372482,ok,1.5163660533749312,-1.6035125760525981,-1.589007577318887,-2.1211212992765853,-1.6239498372607968,1.6289248730983958,1.277968703675701,0.2015807284629139,-0.0354167323243477,-0.09706981211542197,0.30746488637977576,-0.08316606555025169,0.08266949605204348,-0.09941439653994638,0.12665522258760922,0.20479919289617649
4.1699999999999555,0.5327744340420392,-0.16487113803446377,0.11339776880810845,0.2149172232818432,0.10741719953426478,0.1324580007349141,ok,1.5183818606595605,-1.6038667433758416,-1.5899782754400411,-2.1180466504127877,-1.6247814979162993,1.6297515680589163,1.2769745597103015,0.19930578470049706,-0.03521303784040228,-0.09638331109599452,0.304400216689798,-0.08229076841226263,0.08261177591589067,-0.09854921600331731,0.12802275676173774,0.20597173043963174
4.179999999999955,0.5335778547466964,-0.16520198623152058,0.11285683280600121,0.21321216185449943,0.10762041889814361,0.05587499981629662,ok,1.5203749185065654,-1.6042188737542455,-1.5909421085510012,-2.11500264824589,-1.625604405600422,1.6305776858180752,1.2759890675502683,0.19705731886101288,-0.03501356689887461,-0.09570454084389804,0.3013638995193739,-0.08143085519573803,0.0825444971578242,-0.09768769457209117,0.1294050389556827,0.2071556755196302
4.189999999999955,0.5343718120547287,-0.16552938605879836,0.11231837099248189,0.21152284527398066,0.10782028853415586,0.18908299898612313,ok,1.5223454916951755,-1.6045690094232343,-1.59189915395944,-2.111989009250696,-1.6264187141523794,1.6314031307896535,1.2750121906045473,0.19483502908248612,-0.03481807239470328,-0.0950333990142444,0.29835581075333295,-0.08058595800568047,0.08246807801548685,-0.09682997329481097,0.13080169619389062,0.20835083744615018
4.199999999999955,0.5351564150391387,-0.16585337513718654,0.11178238144161315,0.20984912147851306,0.10801685713303805,0.10979100079566706,ok,1.5242938419860004,-1.6049171901471813,-1.5928494879495825,-2.1090054511431626,-1.6272245737324362,1.6322278115698083,1.2740438908715992,0.19263861713525768,-0.03462632376809263,-0.09436978355303373,0.29537582156658415,-0.07975572128872123,0.08238291694508337,-0.09597618587044653,0.13221236397830446,0.2095570277644866
4.209999999999955,0.5359317718361141,-0.16617399075647774,0.1112488618528045,0.20819083934986587,0.10821017292147088,0.08875000094121788,ok,1.526220228157353,-1.6052634533848622,-1.5937931857851129,-2.1060516929274966,-1.6280221309453236,1.6330516407392592,1.2730841290128947,0.19046778830639705,-0.03443810593018081,-0.09371359276165356,0.2924237986256409,-0.07893980127528599,0.08228939369605193,-0.09512645892468548,0.13363668621470529,0.21077406030627677
4.2199999999999545,0.5366979896376088,-0.1664912698740621,0.11071780956385653,0.20654784873378765,0.10840028365504226,0.07408300007227808,ok,1.528124906040417,-1.605607834444164,-1.5947303217127293,-2.10312745494124,-1.6288115289580765,1.6338745346762198,1.2721328644236478,0.18832225129350535,-0.03425321825472575,-0.0930647253597174,0.28949960428623644,-0.07813786544996651,0.08218787032411817,-0.09428091227510478,0.13507431512914664,0.21200175123442982
4.229999999999954,0.5374551746847156,-0.1668052491138198,0.11018922156368689,0.20492000045916733,0.10858723661185357,0.049416999900131486,ok,1.530008128553352,-1.6059503666267112,-1.5956609689663266,-2.1002324588983776,-1.6295929076125761,1.634696413379461,1.2711900553008968,0.18620171810718153,-0.034071473632148075,-0.09242308054591646,0.2866030967869772,-0.07734959204882719,0.08207869214611177,-0.09343965918579115,0.13652491117545018,0.21323991908230677
4.239999999999954,0.5382034322618037,-0.16711596476520357,0.10966309450474218,0.20330714635596187,0.10877107858673489,0.13249999938125256,ok,1.5318701457344237,-1.6062910813630327,-1.5965851997717857,-2.097366427930508,-1.6303664035330645,1.6355172003009222,1.2702556587090388,0.18410590398141308,-0.03389269758232007,-0.09178855805666017,0.28373413043897217,-0.07657466958231084,0.08196218863985728,-0.09260280661197755,0.1379881429346802,0.21448838478747945
4.249999999999954,0.5389428666913877,-0.1674234527825076,0.1091394247150986,0.20170913927192888,0.10895185588605448,0.11141700088046491,ok,1.5337112047742378,-1.6066300083388558,-1.5975030853523522,-2.0945290866261184,-1.6311321502288876,1.6363368221873207,1.269329630642919,0.18203452729124986,-0.03371672742282285,-0.09116105822226263,0.28089255581142086,-0.0758127963825628,0.08183867429213741,-0.09177045543522899,0.13946368700746217,0.21574697172038848
4.259999999999954,0.5396735813297004,-0.1677277487843134,0.10861820821025837,0.20012583308820858,0.10912961432309562,0.09958299960999284,ok,1.5355315500471503,-1.606967175613084,-1.5984146959345749,-2.0917201610680043,-1.6318902781927132,1.6371552089302421,1.2684119260885667,0.179987309477147,-0.03354341148944439,-0.09054048202053487,0.27807821991307446,-0.07506368017398846,0.0817084493977258,-0.09094270068959465,0.14095122789996367,0.21701550570820338
4.269999999999953,0.5403956785629388,-0.1680288880531072,0.10809944070464504,0.19855708273379255,0.10930439921397614,0.049416999900131486,ok,1.5373314231419217,-1.6073026097279786,-1.5993201007547801,-2.0889393788688735,-1.632640914994453,1.6379722934242193,1.2675024990816708,0.17796397497539576,-0.033372608405784286,-0.0899267311276939,0.2752909663696107,-0.07432703766582276,0.08157180081231262,-0.09011963177924792,0.1424504579043076,0.21829381505417794
4.279999999999953,0.5411092598041582,-0.16832690553506205,0.10758311762280261,0.19700274419891756,0.1094762553740954,0.11508299940032884,ok,1.5391110628916758,-1.6076363358120365,-1.600219368066057,-2.0861864692051775,-1.6333841853711113,1.6387880114323425,1.2666013027638783,0.17596425115414657,-0.03320418639924712,-0.08931970796643868,0.2725306355968696,-0.07360259416572336,0.08142900266185536,-0.08930133268798998,0.14396107697413726,0.21958173055277896
4.289999999999953,0.5418144254907848,-0.16862183583997925,0.10706923411030358,0.19546267454742247,0.10964522711507833,0.08191699998860713,ok,1.5408707054032171,-1.607968377676029,-1.6011125651457214,-2.0834611628492086,-1.6341202113127686,1.6396023014589611,1.2657082894369984,0.1739878682545231,-0.03303802266049768,-0.08871931575121414,0.2697970649699474,-0.07289008321320875,0.0812803170110026,-0.08848788218099433,0.14548279259600919,0.22087908550085694
4.299999999999953,0.5425112750827217,-0.16891371324138105,0.10655778504437154,0.19393673192810673,0.10981135824220317,0.08574999992561061,ok,1.5426105840857625,-1.608298757902634,-1.6019997583032335,-2.080763192199509,-1.6348491121449007,1.6404151046290711,1.2648234106151885,0.17203455933637748,-0.03287400274388965,-0.08812545853059467,0.2670900889881684,-0.07218924623200126,0.08112599449288292,-0.08767935399919098,0.14701531965724451,0.22218571570511247
4.3099999999999525,0.5431999070610228,-0.16920257167675037,0.10604876504422044,0.19242477558512228,0.10997469205228748,0.04945799992128741,ok,1.5443309296791263,-1.608627497930073,-1.6028810128885393,-2.0780922913096274,-1.6355710046072207,1.641226364574,1.2639466170751967,0.1701040602282964,-0.032712020006368865,-0.08753804122679651,0.2644095394359271,-0.07149983220026263,0.08096627490254503,-0.08687581704659672,0.14855838031082416,0.22350145948610245
4.319999999999952,0.5438804189271127,-0.1694884447479114,0.10554216848111958,0.19092666586743626,0.11013527133201495,0.04616600017470773,ok,1.5460319702814094,-1.6089546181301366,-1.6037563933008072,-2.075448195915268,-1.6362860029292234,1.6420360273230254,1.2630778589047307,0.1681961094814516,-0.032551975082494425,-0.0869569696723494,0.2617552455394205,-0.07082159733778404,0.08080138775618406,-0.08607733557091392,0.150111703837873,0.2248261576790178
4.329999999999952,0.5445529072025213,-0.16977136572154303,0.10503798948818616,0.18944226423740168,0.11029313835668116,0.13137499990989454,ok,1.5477139313762238,-1.6092801378809616,-1.6046259629975308,-2.072830643459874,-1.6369942189026012,1.6428440412005874,1.2622170855490216,0.16631044832696995,-0.03239377539341984,-0.08638215064394292,0.2591270341193094,-0.07015430480925917,0.08063155281814827,-0.08528396933773355,0.15167502650823986,0.22615965363145368
4.339999999999952,0.5452174674291197,-0.1700513675298228,0.10453622196991219,0.18797143327846225,0.11044833488934204,0.09491700075159315,ok,1.5493770358594936,-1.6096040756348957,-1.6054897845039702,-2.070239373118681,-1.6376957619506938,1.6436503567287688,1.2613642458556442,0.16444682063647456,-0.03223733468773604,-0.08581349189350494,0.2565247297392927,-0.06949772444278636,0.08045698059763369,-0.08449577379854736,0.15324809143963705,0.22750179319838204
4.349999999999952,0.5458741941698276,-0.17032848277119342,0.10403685961142912,0.18651403670203026,0.11060090218034399,0.0869169998622965,ok,1.5510215040658584,-1.609926448981773,-1.6063479194229051,-2.067674125821288,-1.6383907391951216,1.6444549265347452,1.2605192881176588,0.1626049728855231,-0.03208257261216674,-0.0852509021765875,0.2539481548506864,-0.06885163246274131,0.08027787281689795,-0.08371280025292281,0.1548306484557709,0.2288524247345276
4.3599999999999515,0.5465231810097745,-0.17060274371124728,0.10353989588751669,0.18506993935356328,0.11075088096722,0.049415999455959536,ok,1.5526475537947135,-1.6102472747078946,-1.607200428444671,-2.065134644272781,-1.639079255519749,1.6452577052629143,1.2596821601151296,0.16078465411966633,-0.03192941431032137,-0.08469429127810818,0.2513971299329826,-0.06821581123631036,0.08009442285262702,-0.08293509600497262,0.15642245394385887,0.23021139908433624
4.369999999999951,0.5471645205578904,-0.17087418228372386,0.10304532407136197,0.18363900721787813,0.11089831147493026,0.22112500118964817,ok,1.5542554003359101,-1.6105665688509978,-1.6080473713574521,-2.062620672973451,-1.6397614136321121,1.6460586494914404,1.25885280915508,0.1589856159228495,-0.03177779004772694,-0.08414357003554344,0.24887147363047507,-0.06759004903289853,0.07990681615211537,-0.0821627045144812,0.1580232707118935,0.23157856956971534
4.379999999999951,0.5477983044489114,-0.1711428300916144,0.10255313724307048,0.18222110742372172,0.11104323341643586,0.05249999958323315,ok,1.5558452564951386,-1.610884346751475,-1.6088888070578076,-2.0601319582371462,-1.640437314122441,1.6468577176529615,1.258031182109935,0.15720761238796838,-0.03162763486149134,-0.08359865035964974,0.24637100288496408,-0.06697413979574215,0.07971523062571405,-0.08139566554278517,0.1596328678459875,0.2329537919757192
4.389999999999951,0.5484246233457731,-0.1714087184083691,0.10206332829793707,0.18081610824763725,0.11118568599358564,0.04641600025934167,ok,1.5574173326190184,-1.61120062310009,-1.609724793561404,-2.0576682482082966,-1.6411070555203986,1.6476548699592186,1.257217225454507,0.15545040008933908,-0.03147888823307753,-0.08305944525279528,0.24389553306461675,-0.06636788292504524,0.07951983701697533,-0.08063401529370841,0.16125102056809684,0.23433692453433924
4.399999999999951,0.5490435669423791,-0.17167187817920262,0.10157588995448105,0.1794238791171486,0.11132570789829978,0.04545800038613379,ok,1.5589718366199117,-1.6115154119824207,-1.610555388013932,-2.0552292928776503,-1.641770734349649,1.6484500683293883,1.25641088530157,0.15371373805689217,-0.03133149378264997,-0.08252586882503118,0.2414448780890001,-0.06577108307199177,0.079320799251889,-0.07987778654966868,0.16287751009440007,0.23572782790655444
4.40999999999995,0.5496552239667223,-0.1719323400224913,0.10109081476225011,0.17804429061329172,0.11146333731403663,0.045250000766827725,ok,1.5605089740004805,-1.6118287269202471,-1.6113806467021823,-2.05281484409676,-1.642428445180369,1.6492432763219071,1.2556121074360733,0.15199738775192803,-0.031185398983697123,-0.08199783630795958,0.23901885055036529,-0.06518354994306132,0.07911827476838215,-0.07912700880319655,0.16451212349457964,0.2371263651627855
4.41999999999995,0.5502596821843443,-0.17219013423125987,0.10060809510939843,0.17667721447252074,0.11159861191752657,0.13529200077755377,ok,1.5620289478779998,-1.6121405809100842,-1.6122006250652618,-2.0504246555912564,-1.6430802806797997,1.650034459069591,1.2548208373480414,0.1503011130442452,-0.031040554896669795,-0.08147526406648838,0.23661726183122994,-0.06460509811409976,0.07891241482727059,-0.07838170838400936,0.1661546535522264,0.23853240176189067
4.42999999999995,0.5508570284021124,-0.1724452907747523,0.10012772323004329,0.17532252358801176,0.11173156888075993,0.08416699893132318,ok,1.5635319590084422,-1.6124509864590508,-1.6130153777059266,-2.048058482972944,-1.6437263316609407,1.6508235832178637,1.2540370202642013,0.148624680190517,-0.030896915920276623,-0.08095806960863144,0.23423992221830586,-0.06403554685353766,0.07870336480587574,-0.07764190858182277,0.16780489862657041,0.23994580552883266
4.43999999999995,0.5514473484723007,-0.17269783930008034,0.09964969121140645,0.17398009201039444,0.11186224487321153,0.07550000009359792,ok,1.5650182058103475,-1.6127599556182537,-1.613824958402013,-2.045716083750761,-1.6443666871294762,1.6516106168659224,1.2532606011783831,0.1469678578137751,-0.030754439559404337,-0.08044617159340792,0.2318866410128484,-0.06347471995427556,0.07849126447526296,-0.07690762976503228,0.16946266251571643,0.24136644663114065
4.4499999999999496,0.5520307272969582,-0.17294780913395022,0.0991739910007434,0.17264979494792929,0.11199067606429486,0.04945900036545936,ok,1.5664878843884853,-1.6130675000138477,-1.6146294201179472,-2.0433972173406327,-1.645001434329019,1.652395529510675,1.252491524880733,0.14533041688386109,-0.0306130862086488,-0.07993948983690859,0.22955722663747746,-0.0629224455738284,0.07827624826203818,-0.07617888949542691,0.1711277543215403,0.24279419755427883
4.459999999999949,0.5526072488325461,-0.1731952292844582,0.09870061441206708,0.1713315087661625,0.11211689812602361,0.19829199845844414,ok,1.567941188557324,-1.613373630875934,-1.6154288150163163,-2.041101645074258,-1.6456306587847571,1.6531782919932954,1.2517297359857786,0.14371213069875227,-0.030472818950306013,-0.07943794531670038,0.22725148673953027,-0.062378556082163486,0.07805844549576652,-0.07545570263910074,0.17279998831638946,0.2442289330760346
4.469999999999949,0.5531769960948348,-0.17344012844295523,0.09822955313266858,0.1700251109870713,0.11224094623587681,0.10166600077354815,ok,1.5693783098643115,-1.613678359065437,-1.6162231944694834,-2.0388291302068624,-1.6462544443455787,1.6539588764482531,1.2509751789593877,0.14211277486665133,-0.03033360336593426,-0.07894146017462934,0.22496922829101315,-0.06184288791681841,0.07783798064280291,-0.0747380814736298,0.17447918381170888,0.24567053024002616
4.479999999999949,0.5537400511640403,-0.17368253498597389,0.09776079872944278,0.16873048028773302,0.11236285507985154,0.09045799924933817,ok,1.570799437612978,-1.6139816950990964,-1.6170126090712296,-2.0365794379239524,-1.6468728732247468,1.6547372562546812,1.2502277981446515,0.14053212728873582,-0.030195407360733936,-0.07844995771806611,0.22271025768521796,-0.061315281445014046,0.07761497352726851,-0.07402603579173818,0.17616516502869986,0.24711886832842633
4.489999999999949,0.5542964951901898,-0.1739224769772163,0.09729434265501996,0.1674474964985308,0.11248265885568945,0.0574589994357666,ok,1.5722047588858652,-1.6142836491727037,-1.6177971086484102,-2.0343523353471,-1.647486026039197,1.655513405989954,1.249487537786734,0.13896996814251153,-0.030058200999653603,-0.07796336241979683,0.22047438083006382,-0.06079558083217203,0.07738953954014537,-0.07331957300145725,0.1778577609711032,0.24857382883399332
4.4999999999999485,0.5548464083987028,-0.17415998216959785,0.09683017625371072,0.16617604060092017,0.1126003912762712,0.04579199958243407,ok,1.5735944585672903,-1.6145842311827003,-1.618576742272608,-2.0321475915387994,-1.6480939818475187,1.6562873013853554,1.2487543420567195,0.1374260798656493,-0.0299219563547414,-0.07748159991651804,0.21826140323822177,-0.060283633916691934,0.07716178983695848,-0.07261869822302061,0.1795568053001855,0.2500352954314937
4.509999999999948,0.5553898700961731,-0.17439507800734386,0.09636829076726777,0.16491599472477791,0.11271608557316128,0.1989579996006796,ok,1.5749687193659467,-1.6148834507462477,-1.6193515582717732,-2.0299649775064172,-1.6486968181866857,1.657058919283725,1.2480281550744894,0.1359002471402785,-0.029786647362748855,-0.07700459700614154,0.21607113011411364,-0.05977929209044865,0.0769318315249569,-0.07192341438249836,0.18126213621199563,0.25150315394859635
4.519999999999948,0.5559269586763402,-0.17462779162813535,0.09590867734046882,0.16366724214535297,0.11282977450030153,0.10137500066775829,ok,1.5763277218373495,-1.6151813172198752,-1.6201216042418347,-2.027804266205276,-1.6492946111075901,1.6578282375989746,1.2473089209306645,0.1343922568776561,-0.02965224969253471,-0.07653228164388072,0.21390336643782537,-0.059282410184859975,0.07669976784019297,-0.0712337223023502,0.18297359631694252,0.25297729233631283
4.529999999999948,0.5564577516262396,-0.1748581498653018,0.09545132702652502,0.1624296672798342,0.11294149033783309,0.08912500015867408,ok,1.577671644406126,-1.6154778397168006,-1.6208869270582735,-2.025665232540898,-1.6498874352094388,1.6585952352773765,1.246596583707641,0.1329018982031293,-0.029518740621408256,-0.07606458293731645,0.2117579170459985,-0.058792846362066276,0.07646569831535902,-0.07054962078896361,0.18469103252174188,0.2544576006390546
4.539999999999948,0.5569823255325178,-0.17508617925005693,0.09499623079232039,0.16120315568355845,0.1130512648960451,0.04720899960375391,ok,1.5790006633881573,-1.6157730271230146,-1.6216475728876467,-2.023547653370438,-1.6504753636730596,1.6593598922605302,1.2458910874997513,0.1314289624413999,-0.029386098920044026,-0.0756014311403917,0.20963458670979707,-0.058310462011075516,0.0762297189386383,-0.0698711067172867,0.186414295913761,0.25594397096437105
4.549999999999947,0.5575007560879025,-0.17531190601377367,0.09454337952348411,0.15998759404587543,0.11315912951943921,0.18354200074099936,ok,1.5803149530125713,-1.616066888112215,-1.6224035871990505,-2.02145130750334,-1.6510584682931704,1.6601221894499165,1.2451923764325785,0.1299732431019871,-0.029254304745188413,-0.0751427576465297,0.20753318020998598,-0.05783512164847101,0.07599192230438165,-0.06919817511263546,0.18814324164779248,0.257436297452431
4.559999999999947,0.5580131180978177,-0.17553535609029802,0.0940927640293032,0.15878287018568252,0.11326511509089666,0.1274999995075632,ok,1.581614685443591,-1.616359431159667,-1.6231550147755158,-2.01937597570124,-1.6516368195096551,1.6608821086729604,1.2445003946814521,0.12853453586486946,-0.02912333953980131,-0.07468849498086015,0.2054535024091929,-0.05736669282353756,0.07575239775589016,-0.06853081922980751,0.18987772883526652,0.2589344762453035
4.569999999999947,0.5585194854871327,-0.1757565551182956,0.09364437504747664,0.1575888730466552,0.11336925203594637,0.1515829990239581,ok,1.5829000308022398,-1.616650664555065,-1.6239018997253245,-2.017321440677148,-1.6522104864378906,1.6616396326505192,1.243815086489154,0.12711263856628408,-0.028993185940088803,-0.07423857679164414,0.20339535832143427,-0.056905046027520154,0.0755112315208362,-0.06786903062952614,0.19161762043591826,0.2604384054560928
4.579999999999947,0.559019931307034,-0.17597552844363168,0.09319820324871685,0.1564054926921775,0.11347157032711935,0.054292000640998594,ok,1.5841711571879027,-1.6169405964144659,-1.624644285493241,-2.015287487093934,-1.6527795368981657,1.6623947449657275,1.2431363961828588,0.1257073511846225,-0.028863827688884774,-0.07379293784100997,0.20135855317895315,-0.056450054606735,0.07526850683982746,-0.06721279925236308,0.19336278315190705,0.26194798513797474
4.589999999999947,0.5595145277420134,-0.17619230112177933,0.09275423924120182,0.15523262029999949,0.11357209948838723,0.16150000010384247,ok,1.585428230699749,-1.6172292346913546,-1.625382214871651,-2.0132739015621444,-1.653344037444233,1.6631474300341258,1.242464268190335,0.1243184758264142,-0.02873524955512697,-0.07335151399497258,0.19934289249643858,-0.05600159467945378,0.07502430408836473,-0.06656211349016661,0.1951130873243884,0.2634631172531825
4.599999999999946,0.5600033461169613,-0.17640689792025407,0.09231247357488187,0.15407014815662703,0.11367086859967354,0.09700000009615906,ok,1.586671415458013,-1.617516587186906,-1.6261157300116007,-2.01128047263718,-1.6539040533910274,1.6638976730750095,1.2417986470554334,0.12294581671236222,-0.02860743725884136,-0.07291424221288459,0.19734818213270042,-0.055559545056206444,0.07477870089272765,-0.06591696025510758,0.19686840683252763,0.2649837056419842
4.609999999999946,0.5604864569043566,-0.17661934332107296,0.09187289674564512,0.15291796965146778,0.11376790630143052,0.10124999971594661,ok,1.5879008736251368,-1.6178026615594943,-1.6268448724337294,-2.009306990815853,-1.6544596488415895,1.6646454600839367,1.2411394774528823,0.12158918016341573,-0.02848037740140869,-0.07248106053630589,0.19537422834985083,-0.05512378716343951,0.07453177224002286,-0.06527732504640889,0.19862861899494297,0.2665096559916909
4.619999999999946,0.5609639297315443,-0.17682966152323684,0.09143549919934466,0.1517759792707365,0.11386324079927977,0.12629199954972137,ok,1.5891167654267708,-1.6180874653335084,-1.6275696830390924,-2.0073532485323544,-1.6550108867132238,1.6653907778063368,1.2404867042024184,0.12024837458684977,-0.028354057400656555,-0.07205190807739299,0.1934208378700618,-0.0546942049702708,0.07428359058282848,-0.0646431920148245,0.20039360447355667,0.26804087580573316
4.629999999999946,0.5614358333880953,-0.17703787644522986,0.09100027133569352,0.1506440725911447,0.11395689986870135,0.18212499890069012,ok,1.5903192491726392,-1.618371005907515,-1.6282902021198664,-2.005419040153654,-1.6555578287629265,1.6661336137121652,1.2398402722822701,0.11892321046234426,-0.02822846543054586,-0.0716267250068151,0.19148781792996195,-0.05427068491822964,0.07403422593864274,-0.0640145440249426,0.2021632471798385,0.26957727437283907
4.6399999999999455,0.5619022358332374,-0.17724401172753898,0.09056720351202632,0.14952214627337845,0.11404891085977609,0.13216700062912423,ok,1.5915084812772626,-1.6186532905618203,-1.6290064693699347,-2.0035041619743543,-1.6561005356121088,1.6668739559715515,1.2392001268420207,0.11761350032804523,-0.028103590365006086,-0.07120545254130593,0.18957497633273596,-0.053853115853747587,0.07378374598457685,-0.06339136271538927,0.20393743418340823,0.2711187627363459
4.649999999999945,0.5623632042033513,-0.17744809073518703,0.0901362860469374,0.14841009805538324,0.11413930070196267,0.1300409985560691,ok,1.592684616280543,-1.6189343264654703,-1.6297185238953478,-2.001608412211027,-1.6566390667706463,1.6676117934313972,1.238566213214867,0.1163190587665892,-0.027979421725842696,-0.07078803293080076,0.18768212149797742,-0.053441388963384795,0.07353221614736365,-0.06277362855696972,0.20571605562297543,0.27266525366367333
4.659999999999945,0.5628188048195265,-0.17765013656028086,0.08970750922379282,0.147307826745463,0.11422809590891705,0.04983300095773302,ok,1.593847806868209,-1.6192141206827286,-1.6304264042246557,-1.9997315909960474,-1.6571734806602803,1.6683471155928709,1.2379384769292971,0.11503970239108706,-0.02785594963422065,-0.07037440944530976,0.18580906250936893,-0.053035397711493806,0.07327969968916555,-0.06216132090885949,0.2074990046195809,0.27421666161598585
4.669999999999945,0.5632691031951659,-0.1778501720245702,0.08928086329412371,0.1462152322152085,0.11431532258333753,0.10304199895472266,ok,1.5949982038921198,-1.6194926801790708,-1.6311301483191087,-1.9978735003709536,-1.6577038346373951,1.6690799125897624,1.2373168637202085,0.11377524983106085,-0.027733164765635965,-0.06996452636148633,0.18395560916024495,-0.05263503778029765,0.07302625778926186,-0.06155441807283923,0.20928617719210765,0.2757729027180673
4.679999999999945,0.5637141640436385,-0.1780482196820161,0.08885633848090346,0.14513221539226606,0.11440100642183572,0.09108300037041772,ok,1.5961359563904305,-1.619770011826727,-1.6318297935827235,-1.996033944279351,-1.6582301850151981,1.669810175167655,1.2367013195394803,0.11252552171830935,-0.027611058308085606,-0.06955832894895937,0.18212157199708384,-0.05224020701224483,0.07277194962189926,-0.06095289734571777,0.21107747217502712,0.27733389472843134
4.689999999999944,0.5641540512859671,-0.17824430182136883,0.0884339249817102,0.14405867825295537,0.11448517271983089,0.09320900062448345,ok,1.5972612116076135,-1.620046122409808,-1.632525376872213,-1.9942127285593803,-1.6587525870853206,1.670537894663874,1.2360917905660231,0.11129034067272933,-0.027489621923207495,-0.0691557634564655,0.18030676236101542,-0.05185080535446904,0.07251683243053642,-0.06035673506989998,0.21287279113833932,0.27889955700968666
4.699999999999944,0.5645888280585523,-0.17843844046875051,0.08801361297178027,0.14299452381474737,0.11456784637645488,0.048834001063369215,ok,1.5983741150143407,-1.62032101862904,-1.6332169345067777,-1.9924096609357702,-1.6592710951388652,1.6712630629881795,1.2354882232153241,0.11006953128803636,-0.027368847710216918,-0.06875677709780538,0.17851099242735796,-0.05146673480532114,0.07226096159865343,-0.059765906682248834,0.21467203830967355,0.2804698104991764
4.709999999999944,0.56501855672092,-0.1786306573902437,0.08759539260695397,0.14193965612861525,0.11464905189947201,0.04562499998428393,ok,1.599474810327221,-1.6205947071061422,-1.6339045022777559,-1.9906245510114966,-1.6597857624869183,1.671985672604166,1.2348905641485017,0.10886292011744486,-0.02724872817240799,-0.06836131803766876,0.17673407524328502,-0.05108789936280176,0.07200439071734532,-0.05918038676123379,0.21647512049850412,0.2820445776799084
4.719999999999944,0.5654432988634936,-0.1788209740944826,0.08717925402651754,0.14089398027126426,0.11472881341020635,0.2115420011250535,ok,1.6005634395283954,-1.6208671943878663,-1.6345881154581325,-1.9888572102590638,-1.6602966414805465,1.6727057165113395,1.2342987602808895,0.10767033565925319,-0.027129256186126,-0.06796933537731951,0.17497582476365647,-0.05071420497486032,0.07174717164981184,-0.058600149072456365,0.21828194702244455,0.28362378255179016
4.729999999999944,0.5658631153153794,-0.17900941183524668,0.08676518735594367,0.13985740233725086,0.1148071546484676,0.11504199937917292,ok,1.601640142884988,-1.6211384869497276,-1.6352678088119057,-1.9871074520114274,-1.6608037835302951,1.6734231882278376,1.2337127587901648,0.10649160834235462,-0.027010424971918787,-0.06758077914023188,0.1732360558850499,-0.050345559491406844,0.07148935459302079,-0.0580251666125544,0.2200924296355747,0.2852073506031843
4.739999999999943,0.5662780661521658,-0.17919599161405445,0.08635318270953428,0.13882982943100167,0.1148840989774814,0.07329099935304839,ok,1.6027050589684115,-1.621408591199447,-1.6359436166033081,-1.985375091452577,-1.6613072391252093,1.6741380817737679,1.2331325071240393,0.10532657051167243,-0.026892228067834218,-0.06719560025763917,0.17151458447808218,-0.04998187261800282,0.07123098813659066,-0.05745541165160473,0.2219064824587604,0.2867952087827948
4.749999999999943,0.5666882107037285,-0.1793807341827558,0.08594323019296843,0.13781116965873935,0.11495966938881214,0.13420800132735167,ok,1.6037583246735283,-1.6216775134801253,-1.6366155726058844,-1.9836599456077961,-1.6618070578513893,1.6748503916551338,1.2325579530075232,0.10417505641352637,-0.026774659304644198,-0.06681375055405667,0.1698112274180533,-0.049623055871113084,0.0709721193191001,-0.056890855773991215,0.22372402191192323,0.2883872854718944
4.759999999999943,0.5670936075620366,-0.1795636600461233,0.08553531990575569,0.13680133212032333,0.11503388850727926,0.07537499914178625,ok,1.6048000752376637,-1.6219452600731719,-1.637283710111425,-1.9819618333336155,-1.6623032884101003,1.6755601128483248,1.2319890444497834,0.10303690218090204,-0.02665771278290079,-0.06643518273278357,0.16812580261394883,-0.04926902253488166,0.07071279368195277,-0.056331469917868145,0.2255449666482148,0.28998351045690623
4.769999999999943,0.5674943145889585,-0.1797447894644392,0.08512944194360215,0.13580022690101362,0.11510677859586198,0.07191599979705643,ok,1.6058304442594726,-1.6222118372010008,-1.637948061938753,-1.9802805753074761,-1.6627959786354491,1.6762672407851444,1.2314257297506048,0.10191194581866705,-0.026541382851680152,-0.066059850361409,0.1664581290358863,-0.048919687619312736,0.07045305532090924,-0.05577722441318039,0.2273692374900538,0.2915838149023428
4.7799999999999425,0.5678903889240602,-0.17992414245607793,0.08472558640068749,0.13480776506316663,0.11517836156059101,0.0497920009365771,ok,1.6068495637176594,-1.6224772510295176,-1.638608660442367,-1.9786159940171173,-1.6632851755116422,1.6769717713383536,1.230867957506473,0.10080002718870346,-0.02642566408888521,-0.06568770785734995,0.16480802674101747,-0.048574967819826745,0.07019294693543723,-0.055228089018348143,0.22882380050636114,0.29318813132411453
4.789999999999942,0.5682818869923933,-0.18010173880008382,0.08432374337185794,0.13382385863786833,0.11524865895542238,0.05154100108484272,ok,1.6078575639895465,-1.6227415076704064,-1.6392655375209406,-1.9769679137497072,-1.6637709251898405,1.677673700807708,1.2303156766162895,0.09970098799497241,-0.026310551283041644,-0.06531871047341407,0.16317531689797374,-0.048234781478112596,0.06993250987596027,-0.0546840329556282,0.2300585308490315,0.2947963935632098
4.799999999999942,0.5686688645122703,-0.18027759803874116,0.08392390295473698,0.13284842061651359,0.11531769198709406,0.21466700127348304,ok,1.6088545738694962,-1.6230046131832367,-1.6399187246256748,-1.9753361605807274,-1.6642532730046216,1.6783730259064678,1.2297688362867332,0.09861467176851291,-0.026196039416443037,-0.06495281428342863,0.16155982180985268,-0.04789904854422503,0.06967178418914415,-0.05414502494520526,0.23130361972112112,0.2964085367597558
4.809999999999942,0.5690513765030212,-0.1804517394801368,0.08352605525175626,0.13188136494233535,0.11538548151995631,0.11620800069067627,ok,1.6098407205871812,-1.6232665735774012,-1.640568252768509,-1.9737205623626288,-1.6647322634900639,1.6790697437483593,1.229227386037281,0.09754092385237688,-0.02608212364955585,-0.06458997616794103,0.1599613649358404,-0.04756769053984293,0.0694108086613091,-0.05361103323802259,0.2325589092775135,0.2980244973274618
4.819999999999942,0.569429477292731,-0.18062418220071436,0.08313019037210921,0.1309226065018937,0.11545204808078345,0.07541700142610352,ok,1.6108161298257049,-1.6235273948138969,-1.6412141525301884,-1.9721209487132705,-1.6652079403954623,1.6797638518349725,1.2286912757049009,0.09647959138649465,-0.02596879930663777,-0.06423015379999057,0.1583797709114782,-0.047240630522691666,0.06914962086004534,-0.053082025647446074,0.23382424375444533,0.2996442129284488
4.8299999999999415,0.5698032205259511,-0.180794945047819,0.08273629843362985,0.12997206111652918,0.11551741186355369,0.07229199945868459,ok,1.6117809257395699,-1.6237870828069632,-1.6418564540681884,-1.9705371510041556,-1.665680346700689,1.6804553480435729,1.2281604554484264,0.09543052329250731,-0.02585606186239585,-0.06387330563100282,0.1568148655676415,-0.04691779305199761,0.06888825717418058,-0.05255796957974731,0.23509946946619859,0.30126762244846955
4.839999999999941,0.5701726591713865,-0.1809640466422318,0.08234436956459835,0.12902964553378488,0.11558159273420533,0.1839579999796115,ok,1.612735230972495,-1.6240456434255872,-1.6424951871244984,-1.9689690023484792,-1.666149524631209,1.6811442306153146,1.227634875752629,0.09439357025852611,-0.02574390692973922,-0.0635193908767542,0.1552664759482623,-0.0465991041550221,0.06862675285208411,-0.05203883206346433,0.2363844348004409,0.3028946659725196
4.849999999999941,0.570537845529551,-0.18113150538069195,0.0819543939054761,0.12809527741880714,0.1156446102353577,0.12812500062864274,ok,1.6136791666750803,-1.6243030824948845,-1.643130381033266,-1.9674163375889966,-1.6666155156727593,1.6818304981438355,1.2271144874319944,0.09336858472384571,-0.025632330248436263,-0.0631683695034812,0.1537344303268332,-0.04628449129455401,0.06836514203849234,-0.05152457977768381,0.2376789902122841,0.3045252847608417
4.859999999999941,0.5708988312403912,-0.18129733943840898,0.08156636161057286,0.1271688753457235,0.1157064835910034,0.13875000149710104,ok,1.6146128525223187,-1.624559405797369,-1.6437620647283009,-1.9658789932857283,-1.667078360585705,1.6825141495642204,1.2265992416342175,0.09235542086363147,-0.02552132767464067,-0.06282020221411766,0.15221855822174274,-0.04597388333734669,0.0681034578098829,-0.05101517907924884,0.2389829882171236,0.3061594212253238
4.869999999999941,0.5712556672908754,-0.18146156677156022,0.08118026284964668,0.12625035878901097,0.11576723171116476,0.05450000026030466,ok,1.615536406730955,-1.6248146190741153,-1.644390266750442,-1.964356807703511,-1.6675380994190783,1.6831951841423192,1.2260890898434251,0.09135393457355147,-0.025410895171280302,-0.06247485043465033,0.15071869041048327,-0.04566721052346572,0.06784173220844145,-0.050510596028960866,0.24029628338232517,0.3077970189062915
4.87999999999994,0.5716084040225451,-0.18162420511977653,0.08079608780944066,0.12533964811485285,0.11582687319651462,0.04654199983633589,ok,1.6164499460766906,-1.625068728025828,-1.6450150152547884,-1.9628496207994062,-1.6679947715243129,1.6838736014644036,1.2255839838831355,0.09036398345437813,-0.02530102879917629,-0.062132276300632075,0.1492346589427574,-0.04536440443650558,0.06757999627474744,-0.050010796416790695,0.24161873231782022,0.30943802244969315
4.88999999999994,0.5719570911390277,-0.18178527200861302,0.08041382669515597,0.1244366645724918,0.11588542634296199,0.17141699936473742,ok,1.6173535859112345,-1.6253217383138199,-1.6456363380177947,-1.9613572742099785,-1.6684484155686778,1.6845494014271511,1.2250838759189675,0.08938542679657176,-0.025191724708885626,-0.06179244264383523,0.14776629715253714,-0.04506539797463516,0.06731828007918346,-0.04951574578611776,0.24295019366567128,0.3110823775846784
4.89999999999994,0.5723017777135051,-0.18194478475200598,0.08003346973186537,0.12354133028558496,0.11594290914619594,0.09975000102713238,ok,1.6182474401792002,-1.6255736555609088,-1.6462542624442331,-1.9598796112384531,-1.6688990695484243,1.685222584227943,1.2245887184611064,0.08841812556482574,-0.02508297913319679,-0.06145531297906638,0.14631343966909838,-0.044770125322443066,0.06705661275217904,-0.049025409457064295,0.24429052808866625,0.3127300311015684
4.90999999999994,0.572642512196142,-0.18210276045471377,0.0796550071658688,0.1226535682435608,0.11599933930619297,0.0730419997125864,ok,1.6191316214348483,-1.6258244853522408,-1.6468688155740239,-1.9584164768417622,-1.6693467708016487,1.6858931503554646,1.2240984643665358,0.08746194238260349,-0.02497478838021858,-0.061120851491150395,0.1448759224270763,-0.044478521923532945,0.06679502251331611,-0.04853975254889864,0.2456395982579992,0.314380930830215
4.9199999999999395,0.572979342421466,-0.18225921601474274,0.0792784292659907,0.12177330229298855,0.11605473423168214,0.07108299905667081,ok,1.6200062408586744,-1.626074233236043,-1.6474800240889353,-1.9569677176174916,-1.669791556020884,1.6865611005805978,1.2236130668410468,0.0865167415166575,-0.024867148827065404,-0.06078902302206188,0.14345358267557728,-0.044190524453880886,0.06653353669933756,-0.04805874000160111,0.2469972688400935,0.3160350256187486
4.929999999999939,0.5733123156157024,-0.1824141681257569,0.07890372632482281,0.12090045712895382,0.11610911104456892,0.17337499957648106,ok,1.620871408273841,-1.6263229047243135,-1.648087914319156,-1.9555331817907358,-1.6702334612654228,1.6872264359475913,1.2231324794410308,0.08558238886153614,-0.02476005691404883,-0.0604597930582424,0.14204625898636292,-0.0439060707958866,0.06627218179114328,-0.04758233659657036,0.24836340648262217,0.31769226531271016
4.939999999999939,0.573641478404057,-0.1825676332794705,0.07853088865991528,0.12003495828645908,0.11616248658431536,0.17704200035950635,ok,1.6217272321624563,-1.626570505293454,-1.6486925122497385,-1.954112719200872,-1.6706725219733818,1.6878891577655026,1.2226566560750651,0.08465875192409879,-0.024653509139341487,-0.06013312771809445,0.14065379126118707,-0.04362510001308071,0.06601098343980703,-0.04711050697652314,0.2497378797997759,0.3193526007345666
4.949999999999939,0.5739668768179528,-0.18271962776802378,0.07815990661491436,0.11917673213183572,0.11621487741227766,0.12170900117780548,ok,1.6225738196816972,-1.6268170403848474,-1.6492938435269193,-1.9527061812882602,-1.6711087729735126,1.6885492675999008,1.2221855510053,0.08374569980800939,-0.02454750205415096,-0.05980899373962665,0.13927602073823897,-0.04334755232555689,0.06574996649161373,-0.04664321566459059,0.25112055935683136,0.3210159836636049
4.959999999999939,0.5742885563022108,-0.1828701676863414,0.07779077056065051,0.11832570585418248,0.11626629981599843,0.0939170004130574,ok,1.6234112766797772,-1.627062515405389,-1.6498919334643156,-1.9513134210808778,-1.6715422484967681,1.689206767264817,1.221719118848654,0.08284310319826045,-0.024442032258223986,-0.05948735846832149,0.1379127899978181,-0.04307336908593769,0.06548915501227198,-0.04618042708267547,0.25251131765406765,0.322682366816203
4.9699999999999385,0.5746065617221794,-0.18301926893447334,0.07742347089617935,0.1174818074568312,0.11631676981345462,0.20595900059561245,ok,1.6242397077117599,-1.6273069357279712,-1.6504868070489989,-1.9499342931808996,-1.6719729821876275,1.6898616588149398,1.2212573145778274,0.08195083434569309,-0.024337096395804895,-0.05916818984515233,0.13656394296718988,-0.04280249275602484,0.06522857231020691,-0.045722105569033646,0.25391002911007715,0.3243517038264718
4.979999999999938,0.5749209373708094,-0.18316694721991572,0.07705799804977492,0.11664496574884002,0.11636630315725899,0.09412500003236346,ok,1.6250592160552169,-1.6275503066919292,-1.6510784889474504,-1.9485686537512277,-1.6724010071151878,1.690513944538042,1.220800093522137,0.08106876705153208,-0.024232691151942428,-0.058851456394790176,0.13522932492471032,-0.04253486688400056,0.06496824095905894,-0.04526821539520361,0.25531657004452,0.32602394922726813
4.989999999999938,0.5752317269756727,-0.18331321805991588,0.07669434247987747,0.1158151103365181,0.11641491533881497,0.08783299927017651,ok,1.6258699037257323,-1.6277926336034487,-1.6516670035113983,-1.9472163605019805,-1.6728263557840277,1.6911636269476324,1.220347411368185,0.08019677665194384,-0.024128813249096576,-0.058537127214011796,0.1339087825032015,-0.04227043608219924,0.0647081828194099,-0.04481872078215801,0.2567308186603598,0.32769905843156993
4.999999999999938,0.5755389737059249,-0.1834580967837566,0.076332494675998,0.11499217161498532,0.11646262159242582,0.09099999988393392,ok,1.6266718714922517,-1.6280339217359396,-1.6522523747835385,-1.9458772726769484,-1.6732490601448498,1.6918107087758265,1.2198992241603634,0.07933474000261859,-0.024025459444098396,-0.058225171960270404,0.1326021636926555,-0.0420091460054305,0.06444841905973252,-0.04437358591587651,0.25815265502562845,0.32937698771421375
5.009999999999938,0.575842720179209,-0.18360159853502164,0.07597244515958013,0.11417608075977083,0.11650943689935599,0.21750000087195076,ok,1.6274652188922778,-1.6282741763303805,-1.6528346265031413,-1.9445512510400218,-1.673669151604904,1.6924551929664238,1.2194554883012048,0.07848253546337984,-0.023922626525358464,-0.057915560840473224,0.13130931784224406,-0.04175094332982335,0.06418897017665105,-0.04393277496220282,0.2595819610547576,0.3310576941939877
5.019999999999937,0.5761430084685025,-0.183743738273842,0.0756141844848213,0.11336676971844892,0.11655537599184328,0.10216600094281603,ok,1.6282500442469117,-1.628513402595634,-1.653413782111546,-1.9432381578615994,-1.6740866610382024,1.6930970826681904,1.2190161605515828,0.07764004288282926,-0.02382031131034923,-0.0576082645999384,0.13003009566170992,-0.041495775732168914,0.06392985601449495,-0.04349625208111857,0.26101862048951596,0.33274113581607645
5.029999999999937,0.5764398801089037,-0.18388453077912364,0.07525770323945333,0.1125641712023167,0.11660045335706477,0.128707999465405,ok,1.6290264446757399,-1.6287516057087374,-1.6539898647575453,-1.9419378569049823,-1.674501618795524,1.6937363812283353,1.2185811980307717,0.07680714358302236,-0.023718510643315694,-0.05730325451155087,0.1287643492221105,-0.041243591869764645,0.06367109578423416,-0.04306398144038367,0.2624625188795889,0.33442727133485317
5.039999999999937,0.5767333761043578,-0.184023990650753,0.07490299204548567,0.11176821867811781,0.11664468324105556,0.08900000102585182,ok,1.6297945161115701,-1.6289887908151706,-1.6545628973026607,-1.9406502134127612,-1.6749140547142216,1.6943730921861775,1.2181505582163679,0.07598372034418817,-0.023617221393262472,-0.057000502365073966,0.12751193195599905,-0.04099434136075104,0.06341270808170785,-0.04263592722862633,0.2639135435628387,0.3361160602970141
5.049999999999937,0.5770235369343234,-0.18416213231178521,0.07455004155991096,0.11097884635980938,0.11668807965257497,0.08312499994644895,ok,1.630554353315012,-1.6292249630291031,-1.6551329023263115,-1.9393750940932013,-1.6753239981278292,1.6950072192669945,1.2177241989440817,0.07516965738949895,-0.023516440452091704,-0.056699980456678414,0.1262726986570185,-0.04074797476488701,0.06315471090531087,-0.04221205366782666,0.2653715836452759,0.3378074630250511
5.0599999999999365,0.5773104025603758,-0.18429897001061024,0.07419884247537512,0.11019598920037972,0.1167306563669283,0.17908299923874438,ok,1.631306049888907,-1.629460127433624,-1.6556999021308783,-1.9381123671066312,-1.675731477875478,1.6956387663760475,1.2173020784074033,0.0743648403698851,-0.02341616473289784,-0.056401661578679554,0.12504650547895968,-0.040504443564731984,0.06289712167313843,-0.041792325025289456,0.26683652998077734,0.3395014406010563
5.069999999999936,0.5775940124327507,-0.1844345178230995,0.07384938552081187,0.10941958288371202,0.11677242692973808,0.08883299960871227,ok,1.6320496982926058,-1.629694289080953,-1.656263918746665,-1.9368619020518416,-1.6761365223111253,1.6962677375927788,1.2168841551571505,0.07356915634889663,-0.023316391168574754,-0.056105519009380336,0.12383320993429352,-0.04026370014736748,0.06263995723943726,-0.04137670562506598,0.26830827515058003,0.34119795485085536
5.079999999999936,0.5778744054968228,-0.18456878965473222,0.07350166146204462,0.10864956381650294,0.11681340466066614,0.0826660016173264,ok,1.632785389856095,-1.6299274529926386,-1.6568249739367589,-1.9356235699524986,-1.676539159312599,1.6968941371651731,1.2164703881008998,0.07278249378763113,-0.02321711671044092,-0.055811526503182045,0.12263267089221101,-0.04002569778643166,0.06238323391066495,-0.04096515985887577,0.2697867134425817,0.3428969683284638
5.089999999999936,0.5781516201995244,-0.184701799242701,0.07315566110235527,0.10788586912023101,0.11685360265708726,0.0530420002178289,ok,1.6335132147939713,-1.6301596241597431,-1.6573830892017907,-1.9343972432435765,-1.6769394162904632,1.6975179695042797,1.216060736502311,0.07200474252971314,-0.023118338327083453,-0.05551965828083589,0.1214447485761777,-0.03979039062460323,0.0621269674609616,-0.040557652196551254,0.2712717408304753,0.3445984443008602
5.099999999999936,0.5784256944956976,-0.18483356015799665,0.07281137528302252,0.10712843662318293,0.11689303379771537,0.04470899875741452,ok,1.6342332622192683,-1.630390807543014,-1.657938285784599,-1.9331827957578147,-1.6773373201967092,1.6981392391788892,1.2156551599803456,0.07123579378634952,-0.0230200530033217,-0.055229889019887984,0.12026930456104146,-0.039557733656478945,0.06187117314715034,-0.0401541471959531,0.27276325495274584,0.34630234673307336
5.1099999999999355,0.5786966658543872,-0.1849640858074724,0.07246879488382837,0.10637720485252912,0.11693171074617706,0.21945899970887695,ok,1.6349456201571317,-1.6306210080730472,-1.658490584674798,-1.9319801027122043,-1.677732897533274,1.6987579509103607,1.215253618508386,0.07047554012142596,-0.02292225773930357,-0.05494219384530103,0.1191062017696902,-0.03932768271182744,0.061615865723262074,-0.03975460951250324,0.2742611550915535,0.34800864027357675
5.119999999999935,0.5789645712650645,-0.1850933894358875,0.072127910823537,0.10563211302646477,0.11696964595454265,0.13870800103177316,ok,1.635650375558346,-1.6308502306504402,-1.659040006613251,-1.9307890406945074,-1.6781261743603921,1.6993741095675934,1.2148560724132609,0.06972387543670784,-0.022824949549699193,-0.054656548320260956,0.11795530446931332,-0.039100194439204004,0.061361059454604745,-0.03935900390820133,0.27576534215152865,0.34971729023998543
5.129999999999935,0.5792294472437927,-0.18522148412792971,0.07178871406034436,0.10489310104640152,0.11700685166680191,0.13104100071359426,ok,1.6363476143127131,-1.6310784801459373,-1.6595865720964535,-1.9296094876498142,-1.6785171763047841,1.6999877201621394,1.214462482374179,0.06898069495708366,-0.022728125463029825,-0.054372928437149706,0.11681647826724915,-0.03887522628995159,0.061106768131391244,-0.03896729526026457,0.2772757186385011,0.35142826260505133
5.139999999999935,0.5794913298393237,-0.1853483828102179,0.07145119559230069,0.1041601094892213,0.1170433399222959,0.04958300087309908,ok,1.637037421262284,-1.6313057614005675,-1.660130301380825,-1.9284413228671418,-1.6789059285676837,1.7005987878434532,1.2140728094215762,0.0682458952158987,-0.02263178252104161,-0.05409131060871667,0.11568959010645645,-0.03865273650250803,0.060853005081971695,-0.038579448569309144,0.27879218863818517,0.3531415239829494
5.149999999999935,0.5797502546391338,-0.18547409825328162,0.07111534645770709,0.10343307959959179,0.11707912255909989,0.16574999972363003,ok,1.637719880214443,-1.631532079225778,-1.6606712144869122,-1.9272844269660772,-1.6792924559327087,1.7012073178942728,1.2136870149358832,0.0675193740403671,-0.02253591777824315,-0.0538116716593815,0.1145745082606371,-0.038432684087111806,0.06059978318559169,-0.03819542896718393,0.28031465779484316,0.35485704161585313
5.159999999999934,0.5800062567753922,-0.18559864307352267,0.07078115773548574,0.10271195328234008,0.11711421121735595,0.17979199947149027,ok,1.6383950739548467,-1.6317574384035602,-1.6612093312035061,-1.9261386818834707,-1.67967678277358,1.7018133157261288,1.2133050606462112,0.06680103053705651,-0.02244052830145188,-0.05353398881675316,0.11347110232899833,-0.038215028810780906,0.060347114884853996,-0.037815201724360474,0.28184303328994387,0.3565747833607907
5.169999999999934,0.5802593709308691,-0.18572202973515287,0.07044862054552667,0.10199667309488943,0.1171486173425616,0.09400000089954119,ok,1.6390630842602174,-1.6319818436865747,-1.6617446710916737,-1.9250039708601807,-1.6800589330616877,1.7024167868749773,1.2129269086289676,0.06609076507746563,-0.02234561116941987,-0.0532582397033077,0.11237924323069763,-0.037999731182634215,0.060095012197757015,-0.03743873225700144,0.2833772238208369,0.35829471767677934
5.179999999999934,0.5805096313447747,-0.1858442705521134,0.07011772604900925,0.10128718223975912,0.11718235218880625,0.07612499939568806,ok,1.639723991910992,-1.632205299798269,-1.6622772534887067,-1.9238801784278738,-1.680438930373514,1.7030177369969548,1.2125525213063975,0.06538847928368506,-0.022251163472595918,-0.052984402328195936,0.11129880319898347,-0.03778675243955154,0.05984348672933143,-0.03706598613363714,0.28491713957946,0.3600168136122312
5.189999999999934,0.580757071818538,-0.1859653776899722,0.069788465448703,0.10058342455712813,0.11721542682196456,0.31895799838821404,ok,1.6403778767038288,-1.6324278114329949,-1.6628070975119886,-1.922767190395884,-1.6808167978979096,1.7036161718642482,1.212181861445061,0.06469407601414202,-0.022157182312869297,-0.05271245507926375,0.11022965577502497,-0.03757605453210395,0.059592549683001886,-0.03669692908150332,0.2864626922310938,0.36174104079262637
5.199999999999934,0.5810017257215191,-0.1860853631677998,0.0694608299892437,0.09988534451745935,0.11724785212284126,0.12754199997289106,ok,1.6410248174639703,-1.6326493832561235,-1.6633342220627814,-1.9216648938381338,-1.6811925584432306,1.7042120973610781,1.211814892154246,0.0640074593494435,-0.022063664803370315,-0.05244237671522578,0.10917167580147788,-0.03736760011075892,0.05934221187158948,-0.03633152699255037,0.28801379489318274,0.36346736940844904
5.209999999999933,0.5812436259966579,-0.18620423886002585,0.06913481095739088,0.09919288721419547,0.11727963879026768,0.0804999999672873,ok,1.6416648920574648,-1.6328700199041573,-1.6638586458299336,-1.920573177080119,-1.681566234444338,1.704805519479794,1.2114515768843204,0.06332853457830272,-0.021970608068407543,-0.052174146357959625,0.10812473941577068,-0.03716135251247332,0.05909248372793991,-0.035969745929133656,0.2895703621142339,0.3651957702033797
5.219999999999933,0.5814828051660593,-0.18632201649827457,0.06881039968226217,0.09850599835651092,0.11731079734415537,0.0682500012771925,ok,1.642298177403248,-1.6330897259848414,-1.6643803872935132,-1.9194919296859614,-1.6819378479694629,1.7053964443170733,1.211091879425029,0.0626572081835645,-0.02187800924331977,-0.051907743485021356,0.10708872404315257,-0.03695727574743085,0.058843375315322764,-0.03561155212937919,0.2911323098528079,0.36692621446274
5.229999999999933,0.5817192953365142,-0.1864387076731784,0.06848758753555,0.09782462426213803,0.11734133812850114,0.1965000010386575,ok,1.6429247494850836,-1.6333085060772745,-1.6648994647283635,-1.91842104244553,-1.6823074207269373,1.7059848780702265,1.210735763903735,0.061993387828339894,-0.02178586547449562,-0.05164314792224926,0.10606350838950694,-0.03675533448617874,0.058594896337435746,-0.03525691201224468,0.29269955545661647,0.3686586740021858
5.239999999999933,0.5819531282049563,-0.18655432383617265,0.0681663659317174,0.09714871185025294,0.11737127131434633,0.1795839998521842,ok,1.643544683363367,-1.6335263647320195,-1.665415896207586,-1.9173604073616348,-1.682674974071799,1.7065708270336009,1.2103831947836126,0.061336982342214665,-0.021694173919313813,-0.051380339836584056,0.10504897243392365,-0.03655549404693053,0.05834705614821123,-0.03490579218233099,0.29427201764173544,0.37039312115664197
5.2499999999999325,0.5821843350638575,-0.1866688763012687,0.06784672632817725,0.09647820863442982,0.11740060690269404,0.07512500087614171,ok,1.644158053186789,-1.6337433064712126,-1.6659296996059518,-1.9163099176372955,-1.6830405290122683,1.7071542975950829,1.2100341368617893,0.060687901707566966,-0.02160293174620822,-0.051119299728990826,0.10404499742106468,-0.03635772038321352,0.0580998637612702,-0.03455815943435177,0.29584961647194696,0.37212952876947536
5.259999999999932,0.5824129468065576,-0.1867823762468065,0.0675286602254519,0.09581306271566452,0.11742935472737757,0.07045900019875262,ok,1.6447649322038647,-1.6339593357886746,-1.6664408926032417,-1.9152694676630848,-1.6834041062161005,1.7077352962326955,1.2096885552674457,0.06004605704601208,-0.021512136134706303,-0.05086000842754859,0.10305146585336415,-0.03616198007170401,0.05785332785911575,-0.034213980757399336,0.2974322733382206,0.3738678701819017
5.269999999999932,0.5826389939325333,-0.18689483471718835,0.06721215916731664,0.09515322277545872,0.11745752445788767,0.08545899981982075,ok,1.6453653927743248,-1.6341744571500216,-1.6669494926875172,-1.9142389530045512,-1.6837657260168175,1.7083138295112867,1.2093464154598716,0.05941136060490197,-0.021421784275477248,-0.05060244708071074,0.10206826148298144,-0.03596824030033577,0.057607456802139516,-0.03387322333890623,0.29901991093834124,0.37560811922262005
5.279999999999932,0.5828625065526031,-0.18700626262459027,0.06689721474092711,0.09449863806897787,0.1174851256021537,0.250457998845377,ok,1.6459595063803738,-1.6343886749927765,-1.6674555171583243,-1.9132182703897214,-1.684125408419821,1.7088899040793082,1.2090076832264827,0.058783725743970276,-0.021331873370508743,-0.05034659715063204,0.10109526930363544,-0.0357764688566875,0.05736225863721302,-0.0335358545683791,0.3006124532566956,0.37735025019767215
5.289999999999932,0.5830835143940709,-0.18711667075065522,0.06658381857692987,0.09384925841827226,0.11751216750928162,0.21908400049142074,ok,1.6465473436378135,-1.6346019937264815,-1.6679589831298307,-1.912207317696685,-1.6844831731083878,1.7094635266656804,1.2086723246807989,0.05816306692206652,-0.021242400633143636,-0.05009244040673765,0.10013237554223763,-0.03558663411653076,0.05711774110622038,-0.033201842040876214,0.30220982554422293,0.3790942378805201
5.299999999999931,0.583302046805808,-0.1872260697481645,0.0662719623495582,0.09320503420556579,0.11753865937225096,0.09408299956703559,ok,1.647128974307034,-1.634814417732813,-1.6684599075338982,-1.9112059939412627,-1.6848390394495532,1.7100347040767425,1.2083403062603901,0.05754929968399497,-0.02115336328825391,-0.04983995891935495,0.09917946765039314,-0.03539870503266482,0.05687391165422486,-0.03287115356028741,0.3038119542985392,0.3808400575023413
5.309999999999931,0.5835181327632717,-0.18733447014269072,0.06596163777671332,0.09256591636661371,0.11756461023056636,0.07091699990269262,ok,1.647704467303874,-1.6350259513656955,-1.6689583071230918,-1.9102141992647588,-1.6851930264998798,1.7106034431932848,1.2080115947247874,0.05694234064747177,-0.021064758572396886,-0.04958913505350169,0.09823643429574914,-0.03521265112397061,0.056630777437435005,-0.0325437571423441,0.30541876724424094,0.3825876847425309
5.319999999999931,0.5837318008734651,-0.18744188233423054,0.06565283662003091,0.09193185638412593,0.1175900289728687,0.17945899890037253,ok,1.648273890710349,-1.6352365989514195,-1.6694541984736269,-1.9092318349218014,-1.6855451530111194,1.711169750967659,1.207686157153364,0.05634210749017733,-0.020976583733958186,-0.0493399514628238,0.09730316535320974,-0.03502844246466058,0.05638834533098692,-0.03221962101745298,0.3070301933133952,0.3843370957194135
5.329999999999931,0.5839430793798347,-0.18754831659881743,0.06534555068493483,0.0913028062812589,0.11761492433950284,0.09175000013783574,ok,1.6488373117852506,-1.6354463647887592,-1.6699475979882552,-1.9082588032682692,-1.685895437435766,1.711733634420969,1.2073639609431894,0.05574851893693171,-0.020888836033324316,-0.04909239108364799,0.09637955189602684,-0.03484604967376212,0.05614662193646904,-0.03189871363330635,0.30864616262622213,0.3860882669811547
5.339999999999931,0.5841519961671076,-0.187653783090115,0.06503977182067687,0.09067871861517428,0.11763930492504722,0.07012499918346293,ok,1.6493947969746199,-1.6356552531490924,-1.6704385218990916,-1.907295007749309,-1.6862438979325036,1.7122951006403337,1.2070449738068563,0.05516149474697596,-0.020801512743053384,-0.04884643712917182,0.09546548618678699,-0.03466544390479263,0.055905613589265324,-0.0315810036573088,0.31026660647197457,0.3878411754968722
5.34999999999993,0.5843585787660694,-0.18775829184099133,0.06473549192036411,0.09005954647066473,0.11766317918079906,0.06924999979673885,ok,1.6499464119220897,-1.635863268276523,-1.6709269862703833,-1.906340352887441,-1.6865905523715516,1.7128541567762263,1.2067291637702833,0.054580955701359485,-0.02071461114811344,-0.04860207308374326,0.09456086166827354,-0.03448659683570479,0.05566532636563431,-0.03126645997878252,0.3118914572900196,0.38959579864793875
5.35999999999993,0.5845628543582814,-0.18786185276507386,0.06443270292097521,0.089445243453849,0.11768655541722152,0.049666999984765425,ok,1.6504922214791033,-1.6360704143880043,-1.6714130070012208,-1.9053947442707582,-1.6869354183399088,1.7134108100398826,1.2064164991704955,0.05400682359045264,-0.02062812854598771,-0.04835928269734456,0.0936655729542573,-0.034309480658903456,0.05542576608972751,-0.03095505171103206,0.3135206486511273,0.39135211421947635
5.36999999999993,0.5847648497807412,-0.18796447565828475,0.06413139680336301,0.08883576368592791,0.1177094418063504,0.044874999730382115,ok,1.6510322897150078,-1.6362766956734642,-1.6718965998281943,-1.9044580885412157,-1.6872785131464978,1.7139650677007798,1.2061069486533853,0.05343902120155446,-0.020542062246933335,-0.04811804998010791,0.09277951582016451,-0.034134068071598765,0.055186938340259416,-0.030646748193198382,0.31515411523897,0.39311010039203564
5.37999999999993,0.5849645915304809,-0.1880661702003583,0.06383156559224826,0.08823106179701627,0.11773184638416224,0.1160829997388646,ok,1.6515666799270234,-1.6364821162959335,-1.6723777803279953,-1.903530293383014,-1.6876198538272138,1.7145169370841824,1.2058004811714533,0.05287747230663521,-0.020456409574148324,-0.047878359197007475,0.0919025871937017,-0.03396033226625713,0.05494884845710842,-0.030341518991954926,0.316791792831834,0.3948697357334555
5.3899999999999295,0.5851621057691102,-0.1881669459563383,0.06353320135620029,0.08763109292003288,0.11775377705290163,0.11170899961143732,ok,1.65209545465009,-1.636686680391675,-1.6728565639199655,-1.9026112675110771,-1.6879594571498764,1.7150664255687535,1.2054970659815338,0.05232210165017068,-0.020371167863982124,-0.04764019486264149,0.09103468514537724,-0.033788246921284924,0.05471150154768455,-0.030039333903047465,0.3184336182845506,0.3966309991909033
5.399999999999929,0.5853574183273011,-0.18826681237805815,0.06323629620760966,0.08703581268466261,0.11777524158337263,0.07133299914130475,ok,1.6526186756665915,-1.6368903920703148,-1.673332965868592,-1.9017009206596234,-1.6882973396190892,1.7156135405842303,1.2051966726425034,0.051772834937112384,-0.020286334466116215,-0.04740354173614487,0.09017570887897333,-0.03361778619187012,0.05447490249314796,-0.02974016295267216,0.3200795295106438,0.3983938700830858
5.409999999999929,0.5855505547092139,-0.18836577880560038,0.06294084230264933,0.08644517721138259,0.11779624761719094,0.04629199975170195,ok,1.6531364040159626,-1.637093255414976,-1.6738070012859534,-1.9007991635708337,-1.6886335174810079,1.7161582896091618,1.2048992710129767,0.05122959882095465,-0.020201906743782617,-0.0471683848161946,0.08932555872195656,-0.03344892470102667,0.05423905595444348,-0.029443976398705975,0.3217294654647027,0.4001583280926334
5.419999999999929,0.5857415400968689,-0.18846385446874087,0.06264683184122596,0.08585914310555212,0.11781680266899902,0.04329200055508409,ok,1.6536487000041722,-1.6372952744824139,-1.6742786851341154,-1.899905907983614,-1.6889680067280182,1.7167006801687064,1.2046048312489896,0.05069232089192225,-0.020117882073932527,-0.04693470933614919,0.08848413611582323,-0.03328163753079393,0.05400396637820257,-0.029150744731774942,0.32338336612497537,0.4019243532586486
5.429999999999929,0.5859303993544586,-0.18856104848837155,0.06235425706692464,0.08527766745157468,0.11783691412864378,0.16870800027390942,ok,1.6541556232130914,-1.637496453303153,-1.6747480322274768,-1.8990210666224558,-1.6893008231033262,1.7172407198324884,1.2043133238016719,0.0501609296652889,-0.020034257847448275,-0.0467025007592698,0.08765134360642987,-0.03311590021361507,0.05376963800244398,-0.0288604386762202,0.32504117247618974,0.40369192596941883
5.4399999999999284,0.5861171570326081,-0.18865736987790782,0.06206311026694129,0.08470070780711672,0.11785658926331961,0.11325000014039688,ok,1.6546572325097444,-1.6376967958816275,-1.6752150572350695,-1.8981445531863916,-1.6896319821054624,1.717778416212513,1.2040247194149096,0.04963535456977908,-0.019951031469320965,-0.04647174477406608,0.08682708483424315,-0.03295168872389194,0.05353607486216849,-0.028573029190902082,0.3267028264925992,0.40546102695528785
5.449999999999928,0.5863018373725777,-0.18875282754467668,0.06177338377200971,0.08412822219739848,0.117875835219674,0.11062500016123522,ok,1.6551535860554423,-1.6378963061963208,-1.67567977468281,-1.8972762823380491,-1.6899614989927012,1.7183137769611345,1.2037389891230006,0.049115525936116254,-0.01986820035885161,-0.04624242728972746,0.08601126452459198,-0.03278897946969896,0.05330328079476,-0.028288487469887626,0.3283682711212582,0.4072316372816841
5.459999999999928,0.5864844643104098,-0.18884743029128712,0.06148506995631933,0.0835601691095466,0.11789465902587758,0.12204199992993381,ok,1.6556447413148034,-1.6380949881999092,-1.6761421989557073,-1.8964161696928032,-1.6902893887873982,1.718846809769082,1.2034561042483016,0.04860137498567137,-0.01978576194980348,-0.04601453443168166,0.08520378847787381,-0.03262774928464033,0.05307125944529785,-0.028006784943009747,0.3300374502655244,0.40900373834230064
5.469999999999928,0.5866650614810259,-0.18894118681698388,0.06119816123742458,0.08299650748700872,0.11791306759366066,0.13583299914898816,ok,1.6561307550646602,-1.6382928458194073,-1.676602344300024,-1.8955641318080245,-1.6906156662802445,1.719377522363535,1.2031760363988715,0.048092833819225064,-0.019703713690606712,-0.04578805253721941,0.08440456355973686,-0.03246797541990515,0.05284001427167323,-0.027727893276316144,0.33171030876879004,0.4107773118524246
5.479999999999928,0.5868436522222645,-0.18903410571898308,0.06091265007614878,0.08243719672403844,0.117931067720314,0.08279200119432062,ok,1.6566116834028526,-1.6384898829563133,-1.677060224825396,-1.8947200861724272,-1.6909403460344437,1.7199059225062518,1.2028987574661083,0.047589835405859336,-0.019622053044506916,-0.04556296815124317,0.08361349769126426,-0.032309635536421244,0.05260954854961283,-0.027451784372412583,0.33338679239844343,0.4125523398424136
5.489999999999927,0.5870202595788705,-0.18912619549379076,0.0606285289764789,0.08188219666023609,0.11794866609065778,0.07100000038917642,ok,1.6570875817569113,-1.6386861034867584,-1.6775158545069084,-1.8938839511955146,-1.6912634423898079,1.720432017991748,1.202624239622384,0.047092313571945946,-0.019540777489750142,-0.04533926802208972,0.08283049983912069,-0.03215270769722791,0.05237986537754399,-0.027178430370681222,0.33506684783005714,0.4143288046513123
5.499999999999927,0.5871949063064288,-0.18921746453850516,0.06034579048545512,0.08133146757515822,0.11796586927897412,0.04612500015355181,ok,1.6575585048926307,-1.638881511261656,-1.6779692471871293,-1.8930556461971233,-1.6915849694667802,1.7209558166455234,1.2023524553186773,0.046600202990263455,-0.01945988451973801,-0.04511693909745516,0.0820554800057099,-0.03199717035993762,0.05215096768134031,-0.02690780364740364,0.3367504226318074,0.41610668892061187
5.509999999999927,0.5873676148752478,-0.18930792115210077,0.060064427193053424,0.08078497018298789,0.11798268375090859,0.043375001041567884,ok,1.6580245069225332,-1.6390761101068534,-1.6784204165781038,-1.8922350913970662,-1.6919049411703795,1.7214773263223369,1.2020833772822033,0.046113439169227395,-0.01937937164315695,-0.04489596852042563,0.08128834921932743,-0.0318430023693597,0.05192285821897773,-0.026639876815801374,0.33843746524912066,0.41788597558814367
5.519999999999927,0.5875384074741908,-0.18939757353669676,0.05978443173206201,0.0802426656272663,0.11799911586534034,0.042584000766510144,ok,1.6584856413142255,-1.639269903823285,-1.678869376263308,-1.891422207904873,-1.692223371194073,1.7219965549045266,1.2018169785140453,0.04563195844223463,-0.019299236384151503,-0.044676343625562984,0.08052901952430913,-0.031690182950282635,0.051695539585001296,-0.02637462272594683,0.34012792498954764,0.41966664788210684
5.5299999999999265,0.5877073060144556,-0.1894864297988094,0.05950579677795126,0.07970451547568728,0.11801517187621738,0.2086670010612579,ok,1.6589419608986478,-1.6394628961871265,-1.6793161396995637,-1.89061691770963,-1.692540273023576,1.7225135103003766,1.201553232286786,0.04515569795711183,-0.019219476282465457,-0.04445805193509723,0.07977740397118721,-0.03153869170039197,0.051469014214926355,-0.026112014464630868,0.341821752007865,0.42144868931522705
5.539999999999926,0.5878743321333049,-0.1895744979505859,0.05922851504873976,0.07917048171495408,0.11803085793436255,0.08991600043373182,ok,1.6593935178782189,-1.6396550909499512,-1.6797607202189146,-1.889819143669918,-1.6928556599405797,1.723028200442526,1.2012921121421396,0.04468459566569656,-0.019140088893569857,-0.04424108115520425,0.07903341660686665,-0.03138850858330472,0.05124328438951651,-0.025852025355100467,0.34351889729140284,0.42323208367904197
5.549999999999926,0.5880395071977462,-0.18966178591102528,0.05895257930485315,0.07864052674569354,0.11804618008924789,0.1368749999528518,ok,1.6598403638348758,-1.6398464918388869,-1.6802031310304666,-1.8890288095038494,-1.6931695450264128,1.7235406332864212,1.2010335918885886,0.044218590313522266,-0.019061071788765635,-0.0440254191723765,0.0782969724647968,-0.031239613921743948,0.05101835223895757,-0.025594628956732784,0.345219312645596,0.42501681503831257
5.559999999999926,0.5882028523081619,-0.18974830150718008,0.05867798234897861,0.07811461337743576,0.118061144290739,0.05920799958403222,ok,1.660282549738011,-1.6400371025567746,-1.6806433852221903,-1.8882458397792015,-1.6934819411656303,1.7240508168088107,1.2007776455990213,0.043757621429616304,-0.01898242255533977,-0.04381105404984196,0.07756798755518796,-0.031091988390852685,0.0507942197468973,-0.025339799064655565,0.34692295067976137,0.4268028677255552
5.569999999999926,0.5883643883018917,-0.1898340524753448,0.05840471702591493,0.07759270482364934,0.11807575639080721,0.04400000034365803,ok,1.660720125952307,-1.640226926782328,-1.6810814957626887,-1.8874701599036496,-1.693792861049539,1.7245587590062796,1.2005242476083748,0.04330162931640861,-0.018904138796670838,-0.043597974024086966,0.07684637885521525,-0.030945613011654338,0.050570888754395686,-0.02508750970923306,0.3486297647930942,0.4285902263356939
5.5799999999999255,0.5885241357567662,-0.189919046462227,0.05813277622241751,0.07707476469683776,0.11809002214521618,0.167124999279622,ok,1.661153142245471,-1.6404159681702946,-1.6815174755029296,-1.8867016961150975,-1.6941023171796554,1.7250644678938236,1.2002733725112824,0.04285055503976371,-0.018826218132312444,-0.04338616750146513,0.07613206429928128,-0.030800469144579918,0.05034836096380194,-0.024837735155543352,0.350339709160888,0.4303788757208291
5.589999999999925,0.5886821149945918,-0.1900032910261043,0.05786215286703894,0.07656075700369515,0.11810394721517474,0.09508400034974329,ok,1.6615816477958687,-1.6406042303516177,-1.6819513371779442,-1.8859403754721047,-1.6944103218711013,1.7255679515034617,1.200024995159727,0.04240434041911601,-0.018748658198107088,-0.04317562305485984,0.07542496276927932,-0.03065653848317794,0.050126637942488096,-0.02459044990275128,0.3520527387209716,0.43216880098511967
5.599999999999925,0.5888383460845897,-0.19008679363796482,0.05759283992996539,0.07605064614032009,0.11811753716896432,0.07695900058024563,ok,1.6620056912000598,-1.6407917169335988,-1.682383093408493,-1.8851861258444118,-1.694716887255933,1.7260692178828865,1.1997790906606995,0.04196292801771619,-0.01867145664629319,-0.042966329420422174,0.07472499408491233,-0.03051380304792266,0.04990572112650057,-0.024345628683425786,0.35376880916036446,0.43395998747977715
5.609999999999925,0.5889928488467894,-0.19016956168263302,0.05732483042284933,0.07554439688748563,0.11813079748353687,0.06829199992353097,ok,1.662425320480237,-1.6409784315000617,-1.6828127567026971,-1.8844388759035626,-1.6950220252864123,1.7265682750941516,1.1995356343738652,0.041526261132994666,-0.018594611145550506,-0.04275827549441161,0.07403207899401588,-0.030372245180117507,0.04968561182415161,-0.0241032464627883,0.35548787690214734,0.43575242079816856
5.619999999999925,0.5891456428553713,-0.1902516024598812,0.057058117398638544,0.07504197440597156,0.11814373354608573,0.04770799932884984,ok,1.662840583091567,-1.6411643776115172,-1.6832403394576412,-1.8836985551136225,-1.6953257477382135,1.727065131212393,1.1992946019092374,0.04109428378703021,-0.01851811938112825,-0.042551450330056494,0.07334613916295053,-0.03023184753597488,0.049466311219455016,-0.023863278437925618,0.35720989909254636,0.4375460867710258
5.629999999999924,0.5892967474419705,-0.1903329231855252,0.05679269395140056,0.07454334423194738,0.11815635065558786,0.044249998609302565,ok,1.6632515259294371,-1.6413495588053286,-1.6836658539609417,-1.882965093721993,-1.6956280662135732,1.7275597943245875,1.1990559691248581,0.04066694071713095,-0.0184419790548704,-0.04234584313453816,0.07266709716700677,-0.030092593080730704,0.04924782037554474,-0.023625700036913132,0.35893483358822864,0.4393409714617591
5.639999999999924,0.5894461816989299,-0.19041353099250607,0.056528553216145666,0.07404847227241511,0.11816865402431977,0.17225000010512304,ok,1.6636581953366085,-1.6415339785958774,-1.684089312392287,-1.882238422750323,-1.6959289921443805,1.728052272528343,1.198819712124489,0.0402441773665295,-0.018366187885286885,-0.0421414432660143,0.07199487648087163,-0.02995446508291837,0.04903014023797474,-0.023390486917913542,0.36066263894380773,0.441137061161872
5.649999999999924,0.5895939644825118,-0.19049343293195795,0.05626568836864489,0.07355732480070895,0.11818064877934904,0.17729099999996834,ok,1.6640606371102737,-1.6417176404747302,-1.6845107268249473,-1.8815184739855144,-1.6962285367952097,1.7285425739307227,1.19858580725531,0.03982593987517204,-0.01829074360765335,-0.04193824023068552,0.07132940146912245,-0.02981744710877604,0.048813271637894055,-0.02315761496822014,0.3623932743995562,0.4429343423864761
5.659999999999924,0.5897401144160644,-0.19057263597425975,0.05600409262524571,0.07306986845204744,0.11819233996399522,0.1441670010535745,ok,1.6644588965090255,-1.6419005479108069,-1.6849301092272542,-1.8808051799708232,-1.6965267112662974,1.7290307066471018,1.1983542311056277,0.03941217507063273,-0.018215643974004332,-0.041736223679986716,0.07067059737677733,-0.029681523016687424,0.04859721529523404,-0.022927060303227016,0.3641266998693234,0.4447328018699027
5.6699999999999235,0.5898846498931459,-0.19065114701007485,0.05574375924268525,0.07258607021914183,0.11820373253927004,0.08775000060268212,ok,1.6648530182597319,-1.6420827043505468,-1.685347471464054,-1.8800984739970554,-1.6968235264964642,1.7295166788000542,1.1981249605025954,0.039002830459127294,-0.01814088675320414,-0.04153538340778937,0.07001839031989886,-0.02954667695177937,0.0483819718217346,-0.022698799265392554,0.36586287592865646,0.4465324265614097
5.679999999999923,0.5900275890806044,-0.19072897285137572,0.0554846815179003,0.07210589744785964,0.11821483138528906,0.17437499991501682,ok,1.665243046564323,-1.6422641132180789,-1.6857628252981318,-1.8793982900938564,-1.697118993265982,1.7300004985182715,1.1978979725099415,0.03859785421663149,-0.01806646973097446,-0.04133570934769319,0.0693727072762285,-0.029412893340618185,0.048167541723942754,-0.02247280842312556,0.3676017638031218,0.4483332036209816
5.689999999999923,0.5901689499216165,-0.19080612023245502,0.05522685278783497,0.07162931783293895,0.11822564130266042,0.11337499927321915,ok,1.6656290251064894,-1.6424447779153886,-1.6861761823916088,-1.8787045630210941,-1.6974131221993882,1.730482173935511,1.19767324442571,0.038197195180102804,-0.017992390709954165,-0.04113719157034766,0.06873347607589345,-0.02928015688600845,0.04795392540607786,-0.022249064569669633,0.36934332535682424,0.45013512041521875
5.699999999999923,0.5903087501386836,-0.19088259581092348,0.05497026642924613,0.07115629941376005,0.1182361670138482,0.07316700066439807,ok,1.6660109970582904,-1.6426247018224882,-1.6865875543073123,-1.8780172282603351,-1.6977059237682484,1.7309617131895718,1.1974507537800134,0.03780080283882558,-0.017918647509675843,-0.040939820280883506,0.06810062539216317,-0.02914845256184654,0.047741123172916344,-0.02202754472189784,0.37108752308112286,0.4519381645133178
5.709999999999923,0.5904470072365864,-0.19095840616869358,0.054714915858506935,0.07068681057016638,0.11824641316451098,0.06941699939488899,ok,1.6663890050866785,-1.642803888297585,-1.6869969525101212,-1.8773362220064136,-1.697997408293867,1.731439124421301,1.1972304783327945,0.03740862732583687,-0.017845237966611947,-0.04074358581635619,0.06747408473225132,-0.029017765608135678,0.047529135232524646,-0.021808226119119346,0.3728343200835409,0.45374232368313683
5.7199999999999225,0.5905837385053005,-0.19103355781295075,0.054460794531406884,0.07022082001833749,0.1182563843248204,0.0860840009409003,ok,1.666763091359937,-1.6429823406772512,-1.6874043883682848,-1.8766614811590911,-1.6982875859499482,1.7319144157736261,1.1970123960716033,0.03702061940946294,-0.017772159934203235,-0.0405484786432494,0.06685378442818665,-0.028888081526064816,0.04731796169892875,-0.021591086221831167,0.37458368007686466,0.4555475858873459
5.729999999999922,0.5907189610228689,-0.19110805717711138,0.0542078959429521,0.06975829680671693,0.1182660849907528,0.20454200057429262,ok,1.6671332975540316,-1.6431600622765932,-1.6878098731547173,-1.8759929433148093,-1.6985764667652088,1.7323875953906154,1.1967964852093849,0.03663673048497742,-0.01769941128280323,-0.040354489355083276,0.06623965562773614,-0.028759386073149415,0.047107602594801644,-0.02137610271042048,0.3763355673684329,0.4573539392796604
5.739999999999922,0.5908526916582371,-0.1911819106217673,0.05395621362716237,0.06929921031198778,0.11827551958535829,0.2296250004292233,ok,1.6674996648588813,-1.6433370563894212,-1.6882134180482682,-1.875330546758532,-1.6988640606259402,1.7328586714165635,1.1965827241822806,0.03625691256632621,-0.017626989899763083,-0.04016160866999051,0.06563163028539314,-0.028631665258542403,0.04689805785394774,-0.02116325348388257,0.3780899468496116,0.4591613722011558
5.749999999999922,0.5909849470740476,-0.1912551244356177,0.05370574115686623,0.06884353023509994,0.11828469246001065,0.13137499990989454,ok,1.6678622339845446,-1.6435133262884187,-1.6886150341349682,-1.874674230455678,-1.6991503772785257,1.7333276519951029,1.1963710916474417,0.035881118277990495,-0.01755489368934671,-0.03996982742843652,0.06502964115342227,-0.028504905338342823,0.04668932732385921,-0.020952516658461706,0.3798467839854526,0.4609698731766607
5.759999999999922,0.5911157437293963,-0.19132770483638953,0.053456472143496275,0.06839122659734682,0.11829360789563191,0.09491700075159315,ok,1.6682210451673245,-1.6436888752253123,-1.6890147324092526,-1.8740239340441438,-1.6994354263319091,1.7337945452683414,1.1961615664808571,0.03550930084692281,-0.017483120572772928,-0.039779136590918446,0.06443362177297264,-0.028379092811062,0.046481410768107745,-0.02074387056629897,0.3816060448045322,0.4627794309112273
5.769999999999921,0.5912450978825503,-0.19139965797174377,0.053208400236881295,0.06794226973649298,0.11830227010389688,0.1705839986243518,ok,1.6685761381757938,-1.64386370643104,-1.6894125237751618,-1.873379597826414,-1.6997192172600197,1.7342593593760225,1.1959541277751942,0.03514141409459711,-0.01741166848817136,-0.03958952723576011,0.06384350646524861,-0.028254214413144095,0.04627430786874381,-0.02053729375403485,0.3833676958889703,0.46459003428667833
5.779999999999921,0.5913730255936288,-0.19147098992017036,0.05296151912503762,0.06749663030294763,0.11831068322841572,0.08908300151233561,ok,1.6689275523167397,-1.6440378231159216,-1.6898084190475193,-1.8727411627617616,-1.7000017594041512,1.73472210245471,1.1957487548376537,0.0347774124291513,-0.017340535390576152,-0.0394009905569292,0.06325923032274824,-0.02813025711457685,0.04606801822859129,-0.020332764981409297,0.38513170436462363,0.46640167235822694
5.789999999999921,0.5914995427272437,-0.19154170669187132,0.05271582253395979,0.06705427925599045,0.1183188513458959,0.06979099998716265,ok,1.6692753264410312,-1.6442112284698274,-1.6902024289530886,-1.872108570458534,-1.7002830619752969,1.7351827826369959,1.1955454271878396,0.034417250837629,-0.01726971925189314,-0.03921351786191687,0.06268072920056747,-0.028007208114584778,0.04586254137351125,-0.02013026321981156,0.3868980378914534,0.4682143343511691
5.799999999999921,0.5916246649551083,-0.19161181422963072,0.05247130422740956,0.06661518786004178,0.11832677846728443,0.07054200068523642,ok,1.6696194989494075,-1.6443839256623463,-1.6905945641317077,-1.8714817631665284,-1.7005631340564427,1.735641408050731,1.1953441245556415,0.034060884878323226,-0.017199218060861037,-0.03902710056966314,0.062107939707774895,-0.027885054837398966,0.04565787675461025,-0.019929767650846614,0.3886666646540639,0.47002800965764646
5.809999999999921,0.5917484077586058,-0.19168131840967415,0.05222795800670406,0.06617932768098045,0.11833446853888785,0.06791700070607476,ok,1.6699601077981907,-1.644555917842955,-1.6909848351374044,-1.8708606837694506,-1.7008419846048166,1.736097986818277,1.1951448268791331,0.03370827067320929,-0.017129029823024004,-0.03884173020851933,0.06154079919884799,-0.027763784928117104,0.04545402375037182,-0.019731257664843464,0.39043755335240937,0.4718426878334785
5.81999999999992,0.5918707864313232,-0.1917502250425156,0.051985777710503875,0.0657466705825111,0.11834192544347431,0.046084000132395886,ok,1.6702971905049229,-1.6447272081411852,-1.6913732524394895,-1.8702452757774621,-1.7011196224540979,1.736552527055781,1.1949475143024848,0.03335936490047027,-0.01705915256070932,-0.038657398414250047,0.06097924576517765,-0.027643386248646443,0.0452509816687417,-0.019534712859380268,0.39221067319266634,0.4736583585950611
5.82999999999992,0.59199181608155,-0.19181853987379308,0.05174475721459833,0.06531718872257464,0.1183491530013553,0.27550000049814116,ok,1.6706307841539276,-1.6448977996667924,-1.691759826423632,-1.8696354833198103,-1.7013960563165844,1.7370050368724683,1.194752167173891,0.03301412478713857,-0.016989584312913125,-0.03847409692812662,0.06042321822665482,-0.027523846873664205,0.04504874974921901,-0.019340113037769575,0.3939859938782695,0.47547501181633267
5.83999999999992,0.5921115116347421,-0.19188626858509344,0.0515048904316925,0.06489085454980506,0.11835615497144929,0.188209000043571,ok,1.670960925401799,-1.6450676955099215,-1.6921445673929132,-1.8690312511375438,-1.701671294785321,1.7374555243699605,1.1945587660435133,0.03267250810179073,-0.016920323135348858,-0.03829181759497099,0.05987265612329859,-0.027405155086776323,0.04484732716476724,-0.0191474382075517,0.3957634856011094,0.4772926375258032
5.84999999999992,0.5922298878359508,-0.19195341679476474,0.05126617131119185,0.06446764080003256,0.11836293505232297,0.16158400103449821,ok,1.671287650482817,-1.6452368987412749,-1.692527485568863,-1.8684325245763107,-1.7019453463361887,1.7379039976416082,1.1943672916614378,0.032334473147380846,-0.01685136710032112,-0.03811055236133507,0.059327499706990784,-0.0272872993766129,0.04464671302381716,-0.018956668578947195,0.3975431190328865,0.4791112259036465
5.8599999999999195,0.5923469592522185,-0.19201999005871873,0.051028593838987696,0.06404752049283026,0.11836949688322039,0.11333300062688068,ok,1.6716109952142908,-1.6454054124122781,-1.6929085910924764,-1.8678392495792409,-1.7022182193299549,1.7383504647718464,1.1941777249756484,0.031999978754133636,-0.016782714296671566,-0.03793029327367929,0.05878768993325187,-0.027170268433066844,0.04444690637215122,-0.018767784563321944,0.39932486531662315,0.4809307672788544
5.869999999999919,0.5924627402749397,-0.19208599387122205,0.050792152037240426,0.06363046692810506,0.11837584404506642,0.20762499843840487,ok,1.6719309950018322,-1.645573239555245,-1.6932878940252132,-1.8672513726799083,-1.7024899220142855,1.738794933835568,1.1939900471300153,0.03166898427253314,-0.016714362829785164,-0.03775103247655354,0.05825316845309957,-0.027054051143642063,0.04424790619469967,-0.018580766771634002,0.4011086960583268,0.48275125212645154
5.879999999999919,0.5925772451221911,-0.192151433665676,0.05055683996416478,0.06321645368273243,0.11838198006145863,0.15495899970119353,ok,1.6722476848445575,-1.6457403831835429,-1.6936654043499788,-1.8666688409953773,-1.702760462525722,1.739237412897515,1.193804239462299,0.03134144956642135,-0.016646310821420374,-0.037572762210914885,0.05772387760498491,-0.026938636589742496,0.04404971141742345,-0.01839559601285277,0.40289458331880645,0.48457267106476665
5.889999999999919,0.5926904878410265,-0.19221631481538734,0.05032265171381224,0.06280545460723272,0.11838790839963836,0.18487499983166344,ok,1.6725610993402218,-1.645906846291757,-1.694041131972088,-1.8660916022193275,-1.7030298488916193,1.7396779100116893,1.1936202835021705,0.031017335006155788,-0.016578556409733335,-0.037395474812370814,0.057199760406786405,-0.026824014043184727,0.04385232090899535,-0.01821225329240759,0.40468249960563485,0.48639501485276393
5.899999999999919,0.5928024823097413,-0.1922806426343261,0.05008958141585562,0.06239744382249423,0.11839363247144517,0.08983400039141998,ok,1.6728712726902832,-1.6460726318558543,-1.6944150867202117,-1.8655196046152596,-1.7032980890320513,1.7401164332207792,1.1934381609692464,0.03069660146188194,-0.016511097749142625,-0.037219162709547664,0.05668076054788929,-0.02671017296264725,0.04365573348256324,-0.018030719810592694,0.4064724178652599,0.4882182743874296
5.909999999999918,0.5929132422401057,-0.19234442237787547,0.04985762323537184,0.061992395716531645,0.11839915563425456,0.23204100034490693,ok,1.6731782387049021,-1.6462377428333457,-1.6947872783473072,-1.8649527970097806,-1.7035651907616778,1.740552990555605,1.1932578537711405,0.03037921029687077,-0.016443933010296265,-0.037043818422436744,0.05616682238132554,-0.026597102990282524,0.043459947897388204,-0.017850976960973142,0.40826431147525566,0.49004244070121217
5.919999999999918,0.5930227811795631,-0.19240765924356978,0.049626771372624945,0.0615902849412944,0.11840448119189778,0.1319170005444903,ok,1.6734820308078708,-1.6464021821634487,-1.6951577165315317,-1.8643911287859674,-1.7038311617915807,1.7409875900345788,1.1930793440015308,0.03006512336096912,-0.01637706037994802,-0.036869434560821326,0.05565789091600694,-0.026484793948299484,0.04326496286050756,-0.017673006328812985,0.4100581542367192,0.4918675049595189
5.929999999999918,0.593131112513404,-0.19247035837182416,0.049397020062850114,0.06119108640950496,0.11840961239556985,0.09495899939793162,ok,1.6737826820414805,-1.6465659527672483,-1.69552641087714,-1.8638345498768072,-1.7040960097310636,1.741420239663184,1.1929026139382426,0.029754302984101703,-0.016310478060931183,-0.036696003822685994,0.0551539118089986,-0.026373235835724023,0.04307077702827834,-0.01749678968945259,0.41185392036680146,0.4936934584582615
5.939999999999918,0.5932382494669026,-0.19253252484665145,0.049168363576036614,0.060794775291551126,0.11841455244471397,0.050332999308011495,ok,1.6740802250713216,-1.6467290575478575,-1.6958933709153667,-1.8632830107587173,-1.7043597420894208,1.7418509474334667,1.192727646041348,0.029446711969885127,-0.016244184272029033,-0.03652351899271381,0.05465483135789585,-0.02626241882510718,0.04287738900796856,-0.01732230900672099,0.4136515844913794,0.4955202926214558
5.949999999999918,0.5933442051074278,-0.19259416369637253,0.04894079621671084,0.060401327012406476,0.11841930448789706,0.04304200047045015,ok,1.6743746921910205,-1.6468914993905777,-1.6962586061052938,-1.8627364624451384,-1.7046223662776718,1.7422797213235464,1.1925544229512808,0.029142313589317553,-0.0161781772478989,-0.03635197294078385,0.05416059649326132,-0.026152333259359024,0.04268479735925674,-0.017149546431325494,0.41545112163785813,0.49734799899886983
5.959999999999917,0.5934489923465238,-0.19265527989431483,0.04871431232372023,0.06001071724859606,0.11842387162366673,0.1728330007608747,ok,1.6746661153269138,-1.6470532811630567,-1.6966221258347016,-1.8621948564802058,-1.7048838896102654,1.7427065692971389,1.1923829274869675,0.028841071574545615,-0.01611245523898027,-0.036181358620510265,0.05367115477113296,-0.026042969648627647,0.04249300059570995,-0.016978484299246695,0.4172525072281079,0.4991765692637221
5.969999999999917,0.5935526239419596,-0.19271587835950207,0.04848890627001763,0.059622921925202556,0.11842825690139244,0.08916700062400196,ok,1.6749545260426593,-1.6472144057154465,-1.6969839394209068,-1.8616581449324945,-1.7051443193067517,1.743131499303096,1.192213142643975,0.028542950112716754,-0.01604701651143115,-0.03601166906779191,0.05318645436561236,-0.025934318667250274,0.04230199718619141,-0.01680910513012188,0.4190557170715288,0.5010059952104265
5.979999999999917,0.5936551124997531,-0.1927759639573344,0.04826457246244424,0.05923791721290509,0.1184324633220941,0.07000000005064066,ok,1.6752399555437865,-1.6473748758805609,-1.6973440561115847,-1.8611262803888384,-1.7054036624934241,1.743554519274958,1.192045051592674,0.028247913839913437,-0.015981859346983276,-0.0358428973994424,0.052706444061515846,-0.02582637115072328,0.04211178555631738,-0.016641391625641034,0.420860727358244,0.5028362687523852
5.989999999999917,0.5937564704761626,-0.19283554150025936,0.0480413053415151,0.058855679525063286,0.11843649383925409,0.0681670007907087,ok,1.6755224346821855,-1.6475346944740308,-1.697702485085579,-1.8605992159482232,-1.7056619262049313,1.743975637130521,1.1918786376764174,0.02795592783517158,-0.015916982042872778,-0.03567503681180002,0.05223107324711713,-0.025719118092758918,0.041922364089790665,-0.016475326667934928,0.42266751465241814,0.5046673819198257
5.9999999999999165,0.593856710179655,-0.19289461574843336,0.047819099381203475,0.05847618551483355,0.11844035135961437,0.046999999540275894,ok,1.6758019939605373,-1.6476938642944594,-1.6980592354536972,-1.860076905215752,-1.7059191173858588,1.744394860771419,1.1917138844097381,0.027666957614563958,-0.015852382911757248,-0.035508080579377224,0.05176029190693946,-0.02561255064241129,0.04173373112972969,-0.0163108933179656,0.4244760558856977,0.506499326857685
6.009999999999916,0.593955843772842,-0.19295319141037512,0.047597949088725944,0.05809941207232418,0.11844403874396224,0.173624999661115,ok,1.6760786635366829,-1.647852388123577,-1.698414316259491,-1.8595593022966825,-1.706175242892283,1.7448121980827163,1.1915507754765584,0.02738096912538042,-0.01578806028156994,-0.03534202205357199,0.05129405061463938,-0.02550666010119961,0.04154588498000165,-0.016148074813912516,0.42628632835077307,0.5083320958235351
6.019999999999916,0.5940538832743928,-0.19301127314360875,0.04737784900432819,0.05772533632178784,0.11844755880789919,0.19095899915555492,ok,1.6763524732279367,-1.6480102687263927,-1.6987677364800267,-1.8590463617905362,-1.7064303094932949,1.7452276569325162,1.1913892947284193,0.027097928740369027,-0.015724012495458538,-0.03517685466135492,0.050832300525951606,-0.02540143792035499,0.04135882390645818,-0.015986854569567284,0.42809830969505924,0.5101656811855528
6.029999999999916,0.5941508405609165,-0.19306886555529928,0.04715879370107133,0.057353935618850445,0.11845091432259779,0.07225000081234612,ok,1.6766234525153403,-1.6481675088513472,-1.69911950502664,-1.8585380387852766,-1.7066843238724985,1.7456412451715808,1.1912294261827236,0.02681780325206512,-0.015660237911643622,-0.035012571904037365,0.05037499337171723,-0.025296875698052723,0.04117254613821168,-0.01582721617273425,0.42991197791449254,0.5120000754205299
6.039999999999916,0.5942467273688218,-0.1931259732028787,0.046940777784618484,0.05698518754777391,0.11845410801554603,0.21516599917958956,ok,1.676891630547861,-1.6483241112304636,-1.6994696307456805,-1.8580342888515593,-1.706937292629479,1.7460529706329628,1.1910711540209964,0.02654055986718733,-0.015596734903360573,-0.034849167356002346,0.049922081450972426,-0.025192965176767747,0.04098704986879027,-0.015669143383629482,0.43172727149639045,0.5138352711119265
6.0499999999999154,0.5943415552961467,-0.19318260059466402,0.0467237958930221,0.056619069918756516,0.11845714257127424,0.19387500105949584,ok,1.6771570361465329,-1.6484800785794973,-1.6998181224192406,-1.8575350680370495,-1.7071892222812466,1.7464628411316507,1.1909144625871602,0.026266166201121457,-0.01553350185867986,-0.034686634663547135,0.04947351762412154,-0.025089698240584248,0.04080233325739019,-0.015512620133262222,0.4335427267532959,0.5156712609479612
6.059999999999915,0.5944353358043666,-0.19323875219046693,0.0465078426965123,0.056255560765265875,0.11846002063207492,0.1947919990925584,ok,1.677419697808544,-1.648635413598084,-1.700164988765876,-1.8570403328608083,-1.7074401192636524,1.7468708644642246,1.1907593363858275,0.025994590272457267,-0.015470537180469814,-0.034524967543651565,0.0490292553061672,-0.024987066912665577,0.04061839442994545,-0.015357630521866518,0.43535895395454405,0.5175080377197433
6.069999999999915,0.5945280802201732,-0.19329443240219424,0.04629291289728503,0.05589463834140873,0.11846274479870621,0.08583399903727695,ok,1.6776796437112687,-1.6487901189698888,-1.7005102384413127,-1.8565500403077466,-1.707689989932779,1.747277048408524,1.1906057600806088,0.025725800497616635,-0.015407839286247999,-0.03436415978285157,0.04858924846003147,-0.02488506335268977,0.0404352314803023,-0.015204158817297786,0.4371757254496063,0.5193455943194413
6.079999999999915,0.594619799737231,-0.19334964559444168,0.04607900122929122,0.05553628111933202,0.11846531763108355,0.20729199968627654,ok,1.6779369017162449,-1.6489441973627512,-1.7008538800391413,-1.8560641478231463,-1.707938840566306,1.747681400723327,1.1904537184924358,0.0254597656855508,-0.01534540660806077,-0.03420420523610157,0.04815345158992624,-0.02478367985435316,0.04025284247129746,-0.015052189453442666,0.43899303366310627,0.5211839237384889
6.089999999999915,0.5947105054179078,-0.19340439608507776,0.04586610245802766,0.055180467786661726,0.11846774164895849,0.13645800027006771,ok,1.6781914993731004,-1.6490976514288318,-1.7011959220915023,-1.855582613307247,-1.7081866773648495,1.74808392914804,1.1903031965979014,0.02519645503249959,-0.015283237592384319,-0.03404509782566575,0.04772181973481993,-0.024682908842931336,0.040071225435829694,-0.014901707028648013,0.44081086919937934,0.523023019065829
6.099999999999914,0.5948002081949826,-0.19345868814582162,0.045654211380326604,0.054827177243967996,0.11847001933258867,0.09262499952455983,ok,1.6784434639234254,-1.6492504838047557,-1.701536373069759,-1.8551053951098988,-1.7084335064532787,1.7484846414023982,1.190154179527615,0.024935838116828472,-0.015221330700018167,-0.03388683154001881,0.04729430846194935,-0.024582742872894706,0.03989037837788056,-0.014752696304142252,0.44262922481020384,0.5248628734861914
6.109999999999914,0.5948889188733265,-0.1935125260028114,0.04544332282414858,0.05447638860227175,0.11847215312339114,0.07283300146809779,ok,1.6786928223045936,-1.649402697111756,-1.7018752413851592,-1.8546324520252793,-1.7086793338820077,1.748883545186177,1.1900066525645736,0.0246778848939351,-0.015159684405944056,-0.033729400432803404,0.0468708738604183,-0.024483174625536626,0.03971029927355437,-0.014605142202468007,0.44444809335767654,0.5267034802784067
6.119999999999914,0.5949766481315649,-0.19356591383716565,0.045233431648373484,0.05412808118057342,0.11847414542458873,0.0457500009360956,ok,1.678939601153533,-1.6495542939558154,-1.7022125353894872,-1.854163743286675,-1.708924165628263,1.7492806481789127,1.189860601142549,0.024422565691222392,-0.015098297199232107,-0.033572798621767604,0.04645147253486499,-0.02438419690667012,0.03953098607204487,-0.01445902980591735,0.4462674696472964,0.5285448328137539
6.129999999999914,0.5950634065237098,-0.19361885578553759,0.04502453274259499,0.053782234503424196,0.11847599860184109,0.1792920011212118,ok,1.679183826810445,-1.6497052769278078,-1.702548263375705,-1.8536992285613265,-1.7091680075973297,1.749675958039633,1.1897160108444897,0.024169851203140275,-0.015037167582904918,-0.03341702028776486,0.0460360615991912,-0.02428580264435829,0.03935243669662461,-0.014314344354974386,0.44808734485509916,0.5303869245543411
6.1399999999999135,0.5951492044807764,-0.19367135594065998,0.04481662102691383,0.0534388282985208,0.1184777149838676,0.09541599865769967,ok,1.6794255253224766,-1.6498556486036369,-1.7028824335785826,-1.8532388679453347,-1.7094108656237732,1.7500694824065992,1.18957286740094,0.023919712486291964,-0.014976294073841273,-0.033262059673732546,0.04562459867036758,-0.024187984886703616,0.03917464904555572,-0.01417107124677349,0.4499077139321109,0.5322297490515199
6.149999999999913,0.5952340523123711,-0.19372341835188545,0.044609691451732894,0.05309784249433269,0.11847929686305843,0.0853750007081544,ok,1.6796647224473396,-1.6500054115443752,-1.70321505417532,-1.852782621958631,-1.7096527454726402,1.7504612288970547,1.1894311566884723,0.023672120954615187,-0.01491567520262887,-0.033107911083731054,0.04521704186230952,-0.02409073679963236,0.03899762099303162,-0.014029196033554589,0.45172857007124495,0.5340732999443304
6.159999999999913,0.5953179602082616,-0.19377504702571627,0.04440373899755326,0.05275925721776421,0.11848074649607339,0.08029200034798123,ok,1.6799014436568858,-1.6501545682964014,-1.7035461332861572,-1.8523304515400079,-1.7098936528406365,1.750851205106985,1.1892908647281368,0.023427048374613617,-0.014855309513463597,-0.03295456888197673,0.04481334977981153,-0.023994051664781618,0.038821350390065824,-0.013888704421128297,0.4535499031435685,0.5359175709579781
6.169999999999913,0.5954009382399212,-0.19382624592632988,0.044198758674771035,0.052423052791841736,0.11848206610443202,0.04570800047076773,ok,1.680135714140632,-1.650303121391536,-1.703875678974977,-1.8518823180422097,-1.7101335933572843,1.7512394186108857,1.1891519776839254,0.02318446686066961,-0.014795195564025287,-0.0328020274919032,0.04441348151256153,-0.023897922877382263,0.03864583506535624,-0.01374958226735879,0.45537171175049856,0.5377625559023416
6.179999999999913,0.5954829963620558,-0.1938770189760949,0.04399474552347464,0.052089209733433235,0.11848325787509342,0.04345799970906228,ok,1.6803675588092386,-1.6504510733471762,-1.704203699249896,-1.851438183227084,-1.7103725725860581,1.7516258769615394,1.1890144818612518,0.022944348870409383,-0.014735331925344257,-0.03265028139524573,0.0440173966292146,-0.02380234394418602,0.038471072826154286,-0.013611815580632344,0.4571939843725566,0.5396082486705093
6.1899999999999125,0.5955641444141052,-0.19392737005608213,0.04379169461324392,0.05175770875099716,0.11848432396102382,0.22304099911707453,ok,1.6805970022979426,-1.6505984266664298,-1.7045302020638484,-1.8509980092607918,-1.7106105960255,1.752010587689801,1.1888783637054454,0.022706667200137566,-0.014675717181693351,-0.03249932513113208,0.04362505517153853,-0.02370730848145711,0.03829706145907506,-0.013475390518354606,0.45901671960038953,0.5414546432373463
6.199999999999912,0.5956443921217266,-0.19397730300656665,0.04358960104295012,0.05142853074235983,0.11848526648175618,0.16133400094986428,ok,1.680824068969944,-1.6507451838382468,-1.7048551953151598,-1.8505617587090764,-1.7108476691103145,1.7523935583043917,1.188743609800262,0.02247139498032305,-0.01461634993047728,-0.032349153295194284,0.04323641764862353,-0.02361281021297882,0.03812379873090604,-0.013340293385467664,0.4608399078783661,0.5433017336580892
6.209999999999912,0.595723749098256,-0.19402682162752516,0.04338845994055582,0.05110165679252135,0.11848608752393959,0.18745799934549723,ok,1.6810487829197474,-1.6508913473375515,-1.7051786868481118,-1.85012939453259,-1.7110837972124442,1.7527747962917009,1.1886102068664073,0.02223850567116163,-0.014557228782087948,-0.03219976053871572,0.042851445031157356,-0.023518842968094967,0.037951282389413546,-0.013206510632932919,0.4626635446145518,0.5451495140669689
6.219999999999912,0.5958022248461493,-0.19407592967912501,0.043188266462917124,0.05077706817149017,0.1184867891418785,0.08912500015867408,ok,1.681271167976459,-1.6510369196253725,-1.705500684453499,-1.8497008800822785,-1.7113189856421251,1.753154309115595,1.188478141760078,0.022007973058196052,-0.01449835235977536,-0.032051141567780335,0.0424700987457728,-0.023425400679786882,0.03777951016410337,-0.013074028856259268,0.4644876221721493,0.5469979786758609
6.229999999999912,0.5958798287584036,-0.19412463088220722,0.04298901579558616,0.05045474633214583,0.11848737335806227,0.2393750000919681,ok,1.681491247707041,-1.6511819031489703,-1.705821195869177,-1.8492761790948207,-1.711553239648923,1.753532104217236,1.1883474014715154,0.02177977124797621,-0.014439719299551037,-0.0319032911424371,0.04209234066944702,-0.023332477382807994,0.03760847976697766,-0.012942834794042547,0.466312136079818,0.5488471217729626
6.239999999999911,0.5959565701199581,-0.1941729289187632,0.042790703152615336,0.05013467290812914,0.11848784216368641,0.2160419990104856,ok,1.6817090454195207,-1.6513263003419658,-1.7061402287806013,-1.8488552556881261,-1.711786564422751,1.7539081890149057,1.188217973123575,0.02155387466381099,-0.01438132825005595,-0.03175620407587852,0.04171813312398463,-0.023240067211836916,0.037438188893243886,-0.012812915326488162,0.46813708038438767,0.550696937721496
6.249999999999911,0.5960324581090767,-0.19422082743240432,0.04259332377636177,0.049816829711758125,0.11848819751916431,0.2518340006645303,ok,1.6819245841661588,-1.6514701136244663,-1.70645779082136,-1.8484380743568862,-1.7120189650948694,1.754282570903838,1.18808984397031,0.02133025804154986,-0.014323177872440975,-0.0316098752336461,0.04134743887054434,-0.023148164399664672,0.03726863522204235,-0.012684257473959903,0.4699624478188081,0.552547420958437
6.259999999999911,0.5961075017987094,-0.194268330028826,0.04239687293729287,0.04950119873197334,0.11848844135462908,0.12520900054369122,ok,1.6821378867465742,-1.6516133454031907,-1.7067738895736966,-1.8480245999681808,-1.712250446738866,1.7546552572560585,1.1879630013955704,0.021108896425438946,-0.014265266840231725,-0.03146429953285428,0.04098022110424863,-0.02305676327540885,0.03709981641714713,-0.012556848395546043,0.4717882354504315,0.5543985659932684
6.269999999999911,0.596181710157837,-0.19431544027626468,0.042201345933794515,0.04918776213230729,0.11848857557042909,0.21591599943349138,ok,1.6823489757108285,-1.651755998071593,-1.707088532569025,-1.8476147977571382,-1.71248101437162,1.75502625542023,1.187837432911615,0.020889765164029267,-0.014207593839198514,-0.031319471941424815,0.0406164434488413,-0.022965858262762106,0.036931730127652905,-0.012430675387615569,0.4736144348089954,0.5562503674067589
6.2799999999999105,0.5962550920527948,-0.19436216170594972,0.04200673809197765,0.04887650224888158,0.11848860203761148,0.10854099855350796,ok,1.6825578733624689,-1.651898074009985,-1.7074017272884392,-1.8472086333226498,-1.7127106729542476,1.7553955727215065,1.187713126157739,0.02067283990613043,-0.014150157567286738,-0.03117538747730463,0.040256069951415056,-0.022875443878320943,0.03676437398858569,-0.012305725882406153,0.47544104038584406,0.5581028198497648
6.28999999999991,0.5963276562485794,-0.19440849781254796,0.04181304476548878,0.04856740158842926,0.11848852259839882,0.08612500096205622,ok,1.68276460176153,-1.6520395755856578,-1.7077134811632122,-1.8468060726231357,-1.7129394273930307,1.7557632164613923,1.187590068898915,0.020458096596853662,-0.01409295673439762,-0.031032041207785,0.039899065077206065,-0.02278551472982952,0.03659774562163601,-0.01218198744659497,0.4772680493066636,0.5599559180420557
6.29999999999991,0.5963994114101379,-0.194454452054603,0.041620261335319625,0.04826044282634135,0.11848833906665979,0.045250000766827725,ok,1.6829691827274986,-1.6521805051530019,-1.70802380157529,-1.8464070819723637,-1.713167282540329,1.7561291939176087,1.187468249024449,0.020245511473649818,-0.014035990062403074,-0.030889428248693698,0.03954539370443712,-0.022696065514632723,0.03643184263565782,-0.01205944777992264,0.4790954547889826,0.5618096567711633
6.30999999999991,0.5964703661036366,-0.19450002785496878,0.04142838320961853,0.04795560880474041,0.11848805322836725,0.042749999920488335,ok,1.6831716378422352,-1.6523208650536259,-1.708332695857777,-1.8460116280353194,-1.7133942431954754,1.7564935123439653,1.1873476545466497,0.020035061062470952,-0.013979256284869832,-0.030747543763782723,0.039195021119229054,-0.022607091017944937,0.03626666262742904,-0.0119380947137691,0.48092325026071264,0.563664030891252
6.31999999999991,0.596540528797715,-0.19454522860123666,0.04123740582350338,0.04765288253057875,0.11848766684205092,0.17462499999965075,ok,1.68337198845286,-1.6524606576164746,-1.7086401712954147,-1.8456196778241272,-1.7136203141056547,1.7568561789702397,1.187228273599512,0.0198267221739329,-0.013922754147044913,-0.03060638296396318,0.03884791301058186,-0.022518586111332915,0.036102203182140045,-0.011817916209799429,0.48275143171701845,0.5655190353220126
6.3299999999999095,0.5966099078647203,-0.19459005764615742,0.04104732463887498,0.047352247173758376,0.11848718163924336,0.21791700055473484,ok,1.6835702556745993,-1.652599885157945,-1.7089462351250544,-1.8452311986940213,-1.713845499966768,1.757217201002061,1.1871100944374142,0.019620471899548388,-0.013866482405717693,-0.030465941106637997,0.03850403546539806,-0.022430545751152026,0.03593846187400216,-0.01169890035858329,0.4845799950973541,0.5673746650475753
6.339999999999909,0.5966785115819264,-0.19463451830805686,0.040858135144232435,0.047053686065279356,0.11848659932491404,0.1565000002301531,ok,1.6837664603935947,-1.6527385499820022,-1.7092508945361207,-1.8448461583393674,-1.7140698054242796,1.757576585620801,1.1869931054338283,0.019416287608021384,-0.013810439829067567,-0.030326213495043892,0.03816335496358119,-0.022342964976981985,0.03577543626682551,-0.011581035378234815,0.48640893295113435,0.5692309151154465
6.349999999999909,0.5967463481327345,-0.1946786138712464,0.040669832854488164,0.04682182210616052,0.11848592157790078,0.1005829999485286,ok,1.6839606232696749,-1.6528766543802929,-1.709554156671071,-1.8444645247897316,-1.7142932350740494,1.7579343399834693,1.186877295080046,0.019234458704506914,-0.013754208614743527,-0.03017992376695325,0.037855477805948265,-0.02224782271538838,0.03560727351799289,-0.011474950067741277,0.48823824140545075,0.5710877806354648
6.359999999999909,0.5968134950337112,-0.1947223710634645,0.04048243533375835,0.046636944246782504,0.11848516080561723,0.2729580010054633,ok,1.68415296785672,-1.6530141964664402,-1.7098559559087405,-1.844085970011672,-1.7145157133012032,1.7582904127186492,1.1867625455793684,0.019068567000747067,-0.013697816368010395,-0.030029347391507342,0.0375710116484545,-0.02214751001917722,0.0354358314196871,-0.011377278674295138,0.49006789619720564,0.5729452777997618
6.369999999999909,0.5968800077945371,-0.19476580916842193,0.04029595351994811,0.046452768221619166,0.11848432595915614,0.20187500012980308,ok,1.6843436535267275,-1.6531511746301204,-1.7101562493826556,-1.8437102598951876,-1.714737188401395,1.758644771032846,1.1866487727926256,0.018903954027442733,-0.013641504556359518,-0.029879735770006518,0.037288552984568346,-0.022047739820695716,0.03526535539957994,-0.011280336644010881,0.4918978784606372,0.5748034162355488
6.379999999999908,0.596945891777026,-0.1948089305095327,0.040110382581333384,0.04626929181640903,0.1184834181975665,0.09658400085754693,ok,1.684532693067002,-1.653287589675684,-1.7104550467403556,-1.8433373743653418,-1.714957665799602,1.7589974245868418,1.1865359694261854,0.0187406094876945,-0.013585282407785202,-0.02973107680234123,0.03700808814041859,-0.021948513293226668,0.035095833090449925,-0.011184119572630248,0.4937281854870545,0.5766621904634897
6.389999999999908,0.5970111522978818,-0.1948517373926381,0.039925717713278866,0.046086512817027504,0.11848243866492676,0.09129200043389574,ok,1.684720099161879,-1.6534234424997618,-1.710752357508379,-1.8429672934839376,-1.7151771509325342,1.7593483829177463,1.186424128230459,0.018578523208428364,-0.01352915856345437,-0.029583358780882762,0.0367296035279432,-0.02184983124323897,0.0349272526363933,-0.011088623036493809,0.49555881353664805,0.5785215950794225
6.399999999999908,0.5970757946290731,-0.194894232106142,0.039741954138098,0.045904429009606756,0.11848138849053122,0.22704100047121756,ok,1.6849058843939633,-1.6535587340853963,-1.7110481910961879,-1.8425999974486582,-1.7153956492449667,1.7596976554441102,1.1863132420000941,0.018417685136688206,-0.01347314111151153,-0.02943657037077304,0.036453085644212936,-0.021751694134859036,0.03475960266399266,-0.010993842595299287,0.49738975799921553,0.5803816247527928
6.409999999999908,0.5971398239982013,-0.1949364169211456,0.03955908710491653,0.04572303818065699,0.11848026878907039,0.23970799884409644,ok,1.6850900612453301,-1.6536934654965114,-1.7113425567998957,-1.842235466592216,-1.7156131661863152,1.76004525147075,1.186203303574141,0.01825808533611017,-0.013417237618868982,-0.029290700591342266,0.0361785210707922,-0.02165410211284192,0.03459287225520838,-0.010899773794715531,0.4992210162157688,0.5822422742251385
6.419999999999908,0.5972032455888686,-0.19497829409157968,0.039377111889531496,0.0455423381171823,0.11847908066081148,0.05170799886400346,ok,1.6852726420986912,-1.6538276378727002,-1.711635463805809,-1.8418736813815082,-1.7158297072074435,1.760391180193302,1.186094305836194,0.01809971398358168,-0.013361455161177881,-0.029145738798557135,0.03590589647313212,-0.021557055024189024,0.03442705092183777,-0.010806412168843364,0.5010525837384706,0.5841035383086287
6.429999999999907,0.5972660645410423,-0.19501986585433742,0.039196023794274545,0.045362326606795816,0.11847782519177628,0.04895799975201953,ok,1.685453639238527,-1.653961252424312,-1.7119269211937946,-1.8415146224167769,-1.7160452777576853,1.7607354507025206,1.1859862417145055,0.01794256136604007,-0.013305800351190703,-0.029001674668361142,0.035635198599957514,-0.021460552438586765,0.03426212858134671,-0.010713753242529081,0.5028844587697878,0.5859654118846457
6.439999999999907,0.5973282859514154,-0.19506113442940556,0.03901581814787178,0.04518300143783152,0.11847650345391635,0.042875000872300006,ok,1.6856330648521876,-1.6540943104278238,-1.7122169379404784,-1.8411582704307774,-1.7162598832820712,1.761078071988334,1.1858791041820802,0.017786617877451786,-0.01325027936532475,-0.028858498181043832,0.03536641428270872,-0.021364593667491757,0.034098095534255204,-0.010621792533554851,0.5047166361272664,0.5878278899024153
6.449999999999907,0.5973899148737682,-0.19510210201999426,0.038836490305306656,0.045004360399458175,0.11847511650528604,0.2637090001371689,ok,1.6858109310309621,-1.654226813221477,-1.7125055229222887,-1.8408046062879504,-1.716473529218746,1.7614190529436766,1.1857728862567447,0.017631874015938916,-0.013194897968777519,-0.028716199606418965,0.03509953043498514,-0.02126917778214978,0.033934942442749895,-0.010530525554684892,0.5065491132163258,0.5896909673776801
6.459999999999907,0.5974509563193237,-0.195142770812667,0.03865803564768007,0.044826401281783806,0.11847366539021532,0.04887500108452514,ok,1.6859872497711215,-1.6543587622011648,-1.712792684918353,-1.8404536109836005,-1.7166862209965676,1.761758402368104,1.1856675810011978,0.01747832038101824,-0.013139661539245916,-0.02857476948978852,0.034834534052011396,-0.021174303630578244,0.033772660310507296,-0.010439947815621266,0.5083818866252447,0.5915546393914128
6.4699999999999065,0.5975114152571016,-0.1951831429774684,0.038480449582074194,0.04464912187596752,0.1184721511394773,0.10683399887057021,ok,1.6861620329749316,-1.6544901588165573,-1.7130784326132509,-1.8401052656430803,-1.7168979640328734,1.7620961289712092,1.1855631815230416,0.017325947671006075,-0.013084575089210617,-0.028434198638733237,0.03457141221012399,-0.02107996985348413,0.03361124046374326,-0.010350054824815958,0.5102149529976208,0.5934189010885699
6.479999999999906,0.5975712966142712,-0.19522322066805162,0.03830372754141226,0.044472519974320036,0.11847057477045884,0.04470800013223197,ok,1.6863352924516417,-1.6546210045674494,-1.7133627745996383,-1.839759551520979,-1.7171087637314082,1.7624322413758466,1.1854596809747935,0.01717474668052819,-0.013029643286950863,-0.02829447811059934,0.03431015206627639,-0.020986174899226637,0.03345067453333258,-0.010260842091203511,0.512048309012419,0.5952837476768824
6.489999999999906,0.597630605276499,-0.19526300602180546,0.03812786498432222,0.0442965933704102,0.11846893728732259,0.11566700050025247,ok,1.686507039918447,-1.654751301000319,-1.7136457193807442,-1.8394164500003163,-1.7173186254804005,1.76276674812118,1.1853570725538813,0.017024708298157196,-0.012974870476411575,-0.028155599200662972,0.034050740857547834,-0.020892917037949738,0.033290954437945455,-0.01017230512580441,0.513881951394264,0.5971491744256832
6.499999999999906,0.5976893460882963,-0.19530250115997946,0.037952857394998346,0.04412133985916328,0.11846723968117256,0.1539169988973299,ok,1.6866772870014286,-1.654881049705083,-1.7139272753727508,-1.839075942591741,-1.71752755465078,1.7630996576655593,1.1852553495026232,0.016875823504151868,-0.012920260695847388,-0.02801755343097195,0.03379316590067484,-0.0208001943747921,0.033132072368208636,-0.010084439443258049,0.5157158769104178,0.5990151766647671
6.509999999999906,0.5977475238533637,-0.19534170818780855,0.037778700283063765,0.04394675723696274,0.11846548293021582,0.1996669998334255,ok,1.6868460452364702,-1.6550102523120414,-1.7142074509070606,-1.8387380109327343,-1.7177355565945278,1.7634309783892415,1.1851545051081906,0.016728083368313804,-0.012865817695472504,-0.02788033253975216,0.03353741459159933,-0.02070800486235681,0.03297402077170771,-0.009997240563256078,0.5175500823701503,0.6008817497832852
6.519999999999905,0.5978051433349307,-0.1953806291946372,0.03760538918343388,0.043772843301745495,0.11846366799992161,0.1341659990430344,ok,1.6870133260701534,-1.655138910488996,-1.7144862542324582,-1.8384026367868183,-1.7179426366431514,1.7637607185969586,1.1850545327025581,0.016581479047940675,-0.01281154495406269,-0.02774392847142958,0.033283474405019414,-0.020616346312417065,0.032816792338922623,-0.00991070401188247,0.5193845646242965,0.6027488892286694
6.529999999999905,0.5978622092560963,-0.1954192662540415,0.037432919656178884,0.04359959585309982,0.11846179584317958,0.10220900003332645,ok,1.687179140860633,-1.6552670259385367,-1.7147636935171724,-1.8380698020427682,-1.7181488001062755,1.764088886520348,1.1849554256624393,0.01643600178587101,-0.012757445694621014,-0.027608333367162723,0.03303133289395818,-0.020525216406915032,0.03266037998992539,-0.009824825322886702,0.5212193205639497,0.6046165905055877
6.539999999999905,0.5979187263001655,-0.19545762142395232,0.03726128728638729,0.04342701269235714,0.11845986740045539,0.26133300161745865,ok,1.6873435008784916,-1.655394600395483,-1.715039776850844,-1.8377394887138285,-1.7183540522703447,1.7644154903202471,1.1848571774092105,0.016291642908619012,-0.012703522899138887,-0.02747353955590805,0.03278097768933934,-0.020434612708293366,0.032504776861873926,-0.009739600038875603,0.5230543471209683,0.6064848491749274
6.549999999999905,0.5979746991109824,-0.19549569674677483,0.03709048768402991,0.04325509162268704,0.11845788359994519,0.11958399954892229,ok,1.6875064173075778,-1.6555216356244744,-1.715314512246403,-1.8374116789369352,-1.7185583983974275,1.7647405380888659,1.1847597814088218,0.016148393824598494,-0.012649779322515506,-0.027339539545963975,0.03253239649956787,-0.020344532669210047,0.032349976297225934,-0.009655023712422323,0.5248896417152766,0.6083536608528058
6.559999999999905,0.598030132293262,-0.19553349424951003,0.036920516483823024,0.04308383044918452,0.11845584535772906,0.11412500134611037,ok,1.6876679012458238,-1.6556481334176996,-1.7155879076418628,-1.8370863549719396,-1.7187618437241197,1.765064037851838,1.1846632311716976,0.01600624602243467,-0.012596217505685375,-0.027206326016962292,0.0322855771101392,-0.020254973641647692,0.03219597183260711,-0.009571091907124896,0.5267252004288889,0.6102230212096087
6.569999999999904,0.5980850304129192,-0.1955710159438735,0.03675136934509392,0.04291322697896059,0.11845375357791878,0.05054199937148951,ok,1.687827963706048,-1.6557740955927565,-1.7158599709020323,-1.8367634992008381,-1.718964393460536,1.7653859975701642,1.1845675202526262,0.01586519106932438,-0.012542839787990276,-0.02707389181230422,0.03204050738322117,-0.02016593288549231,0.03204275718836671,-0.009487800198585259,0.5285610211769378,0.6120929259690514
6.579999999999904,0.5981393979973954,-0.19560826382641328,0.0365830419516444,0.04274327902123025,0.11845160915280917,0.0435840011050459,ok,1.6879866156167413,-1.6558995239906364,-1.7161307098201555,-1.836443094127006,-1.719166052789391,1.765706425142048,1.1844726422506404,0.01572522060950252,-0.012489648318879623,-0.026942229931969795,0.03179717525727987,-0.020077407576583207,0.03189032625865495,-0.009405144175336666,0.5303971005978527,0.6139633709072659
6.589999999999904,0.5981932395359824,-0.1956452398786287,0.0364155300116165,0.042573984387395736,0.11844941296302441,0.0429579995397944,ok,1.6881438678228364,-1.6560244204738253,-1.716400132119475,-1.8361251223744333,-1.719366826865157,1.7660253284046346,1.184378590808887,0.015586326362751136,-0.012436645068869566,-0.026811333525769032,0.03155556874669376,-0.019989394814239243,0.03173867310218755,-0.009323119439714856,0.532233436140608,0.6158343518519116
6.599999999999904,0.5982465594801438,-0.19568194606708617,0.03624882925735763,0.042405340891131564,0.11844716587766244,0.3738750001502922,ok,1.688299731086464,-1.656148786924514,-1.7166682454547328,-1.8358095666869663,-1.7195667208132994,1.7663427151356563,1.18428535961449,0.015448500122991817,-0.012383831839958299,-0.026681195886889206,0.03131567594136433,-0.019901891628367103,0.0315877919334193,-0.009241721608650298,0.534070024580394,0.6177058646813061
6.6099999999999035,0.5982993622438346,-0.19571838434353497,0.036082935445286665,0.04223734634846785,0.1184448687544399,0.13637499978358392,ok,1.6884542160876939,-1.6562726252429136,-1.7169350574136018,-1.8354964099275526,-1.7197657397295831,1.7666585930549905,1.1841929423984034,0.015311733756919932,-0.012331210275403083,-0.02655181044582746,0.031077485006362548,-0.01981489498610715,0.03143767711431495,-0.009160946314454532,0.5359068631152855,0.6195779053235803
6.619999999999903,0.5983516522038171,-0.19575455664502275,0.03591784435575973,0.04206999857786954,0.11844252243983208,0.12062499990861397,ok,1.6886073334252631,-1.6563959373456676,-1.71720057551806,-1.8351856350774889,-1.7199638886794442,1.7669729698261336,1.184101332935259,0.01517601920271795,-0.012278781868919219,-0.026423170764643806,0.03084098418154913,-0.019728401798045556,0.03128832314657167,-0.009080789205508229,0.5377439492111926,0.6214504697558514
6.629999999999903,0.5984034336999758,-0.19579046489400936,0.03575355179293689,0.04190329540031595,0.11844012776921518,0.057499999456922524,ok,1.6887590936172903,-1.6565187251643567,-1.7174648072257064,-1.8348772252356733,-1.7201611726974246,1.7672858530575992,1.1840105250432038,0.01504134846880301,-0.012226547973441183,-0.026295270531480276,0.030606161781213177,-0.0196424089241125,0.031139724664238762,-0.00900124594693324,0.5395812798442291,0.6233235540034187
6.639999999999903,0.5984547110356282,-0.19582611099847985,0.035590053584649464,0.041737234639378694,0.1184376855670031,0.17183300042233896,ok,1.6889095071019784,-1.656640990644091,-1.7177277599310212,-1.8345711636178612,-1.7203575967866658,1.7675972503042416,1.1839205125837344,0.014907713632639022,-0.012174509809284455,-0.026168103555415236,0.030373006193724524,-0.01955691317902532,0.030991876426838896,-0.008922312221221597,0.5414188523190523,0.6251971541389751
6.649999999999903,0.5985054884778357,-0.19586149685205792,0.03542734558226726,0.041571814121297956,0.11843519664678467,0.09054200017999392,ok,1.6890585842383048,-1.656762735742184,-1.7179894409665755,-1.834267433555924,-1.720553165918456,1.76790716906851,1.1838312894615222,0.014775106839602304,-0.012122668471914998,-0.02604166376155797,0.0301415058811748,-0.01947191133745319,0.030844773312822506,-0.008843983728800645,0.5432566641146266,0.6270712662818398
6.659999999999902,0.5985557702577087,-0.1958966243341164,0.03526542366056637,0.04140703167505697,0.11843266181145942,0.09145799958787393,ok,1.6892063353067008,-1.6568839624269032,-1.7182498576041911,-1.8339660184971123,-1.7207478850318305,1.7682156168016383,1.1837428496242342,0.014643520301867123,-0.01207102493923172,-0.025915945186417263,0.029911649379014915,-0.01938740013882608,0.030698410313449283,-0.008766256188578087,0.5450947125124274,0.6289458865972075
6.669999999999902,0.5986055605707129,-0.1959314953098892,0.035104283717597884,0.041242885132454866,0.11843008185337073,0.08408400026382878,ok,1.6893527705097195,-1.6570046726762955,-1.7185090170560553,-1.833666902003322,-1.7209417590332188,1.7685226009047728,1.1836551870623484,0.014512946297373965,-0.012019580078463868,-0.025790941973499192,0.029683425295730214,-0.019303376291842044,0.03055278252697369,-0.00868912533844837,0.5469329947492444,0.6308210112954145
6.679999999999902,0.5986548635769703,-0.19596611163058003,0.03494392167455629,0.0410793723281798,0.118427457554437,0.09608399886928964,ok,1.6894978999726933,-1.65712486847708,-1.7187669264757903,-1.8333700677503648,-1.7211347927961371,1.7688281287300425,1.183568295808964,0.014383377168805984,-0.011968334652669275,-0.025666648369137707,0.029456822312478623,-0.01921983647870508,0.030407885153193953,-0.008612586935754172,0.5487715083136185,0.6326966366312222
6.689999999999902,0.5987036834015599,-0.19600047513347263,0.03478433347564862,0.04091649109987778,0.11842478968628314,0.31554199995298404,ok,1.6896417337443814,-1.6572445518236067,-1.7190235929594817,-1.83307549952724,-1.7213269911609241,1.7691322075815743,1.1834821699396063,0.014254805322624464,-0.011917289326852137,-0.025543058718545935,0.02923182918275756,-0.01913677735906566,0.030263713488307826,-0.008536636757723195,0.5506102505696976,0.6345727589031162
6.699999999999902,0.5987520241348139,-0.19603458764203877,0.03462551508796498,0.0407542392882225,0.11842207901036916,0.11304100007691886,ok,1.6897842817976076,-1.6573637247168753,-1.719279023546667,-1.8327831812354125,-1.7215183589345149,1.7694348447164574,1.183396803572029,0.01412722322813136,-0.01186644467375651,-0.025420167462062524,0.02900843473206086,-0.01905419557373719,0.030120262920059794,-0.008461270601870312,0.5524492190104472,0.6364493744526195
6.709999999999901,0.598799889832614,-0.19606845096604558,0.03446746250134776,0.0405926147369826,0.11841932627811692,0.08524999975634273,ok,1.689925554029889,-1.6574823891636128,-1.7195332252212876,-1.832493096888092,-1.7217089008902522,1.769736047345658,1.1833121908660102,0.014000623416571496,-0.011815801179294073,-0.025297969131604172,0.02878662785754009,-0.0189720877481317,0.02997752892317628,-0.008386484286369244,0.5542884110824386,0.638326479663623
6.719999999999901,0.5988472845166842,-0.19610206690166268,0.034310171728263006,0.040431615293089,0.11841653223103575,0.07908400039013941,ok,1.6900655602640546,-1.6576005471754058,-1.7197862049126036,-1.8322052306095165,-1.7218986217677335,1.7700358226348898,1.1832283260231466,0.013874998480268777,-0.011765359247713065,-0.025176458347281425,0.028566397527677454,-0.01889045049551835,0.02983550705504688,-0.008312273650403513,0.5561278243373898,0.6402040709617282
6.729999999999901,0.59889421217488,-0.19613543723156784,0.03415363880367152,0.040271238806698355,0.11841369760084709,0.07854199975554366,ok,1.6902043102488573,-1.657718200767883,-1.7200379694960763,-1.8319195666342396,-1.7220875262726887,1.7703341777054402,1.1831452032866425,0.013750341071793777,-0.011715119206420934,-0.025055629814205393,0.0283477327819406,-0.018809280420019163,0.029694192951671094,-0.008238634554473163,0.5579674562722731,0.6420821448136049
6.739999999999901,0.5989406767614779,-0.19616856372505248,0.033997859784900206,0.04011148313125748,0.11841082310960746,0.2768750000541331,ok,1.6903418136595751,-1.6578353519599471,-1.7202885257942184,-1.8316360893064203,-1.7222756190768889,1.770631119634957,1.1830628169410977,0.01362664390315397,-0.011665081310601306,-0.024935478319429365,0.02813062273045946,-0.018728574119464186,0.029553582323804235,-0.008165562880702016,0.5598073044277884,0.6439606977263619
6.7499999999999005,0.5989866821974599,-0.19620144813812543,0.03384283075151484,0.039952346123565956,0.11840790946982907,0.1167919999716105,ok,1.6904780800986068,-1.6579520027730532,-1.7205378805774127,-1.8313547830791157,-1.7224629048180835,1.7709266554581948,1.1829811613122907,0.013503899745025688,-0.011615245747481365,-0.024815998729091935,0.027915056553686226,-0.01864832818798926,0.02941367095339337,-0.008093054533091169,0.5616473665391445,0.6458397262469314
6.7599999999999,0.599032232370799,-0.19623409221361754,0.03368854780519219,0.03979382564383636,0.11840495738459934,0.08749999869905878,ok,1.690613119096057,-1.658068155230528,-1.7207860405647037,-1.8310756325135789,-1.7226493880999634,1.7712207921677288,1.1829002307669598,0.01338210142600584,-0.011565612640419597,-0.024697185985659762,0.02770102350207166,-0.018568539218494686,0.029274454690142716,-0.008021105437773216,0.5634876399102972,0.6477192269614652
6.7699999999999,0.5990773311367382,-0.19626649768128332,0.03353500706959393,0.03963591955575537,0.11840196754770022,0.11345799975970294,ok,1.690746940110317,-1.6581838113569323,-1.7210330124245603,-1.8307986222785582,-1.7228350734921483,1.7715135367146302,1.182820019712582,0.013261241831875936,-0.011516182052779196,-0.0245790351053125,0.0274885128957348,-0.018489203804966724,0.02913592944830187,-0.007949711543246423,0.5653281225304452,0.6495991964947432
6.7799999999999,0.5991219823180711,-0.19629866625790393,0.033382204690239795,0.039478625726540754,0.11839894064372361,0.26900000011664815,ok,1.6908795525286358,-1.65829897317746,-1.7212788027756134,-1.8305237371496008,-1.7230199655301979,1.7718048960091133,1.1827405225971495,0.013141313904923277,-0.011466953991504448,-0.024461541175489182,0.027277514124129175,-0.018410318544567525,0.02899809120366383,-0.007878868820557071,0.567168811896583,0.6514796315095944
6.7899999999999,0.5991661897054181,-0.19633059964738778,0.03323013683438185,0.03932194202699996,0.11839587734818807,0.17104200014728121,ok,1.691010965667685,-1.658413642717375,-1.7215234181873682,-1.8302509620083596,-1.7232040687156436,1.77209487692115,1.1826617339089438,0.0130223106432473,-0.011417928410570563,-0.024344699352519684,0.027068016645724967,-0.018331880039639262,0.028860935990693167,-0.007808573263512061,0.569009705698727,0.6533605287063293
6.7999999999998995,0.5992099570575007,-0.1963622995408716,0.033078799690879776,0.03916586633158565,0.11839277832765226,0.09908299944072496,ok,1.6911411887741175,-1.6585278220014807,-1.7217668651808935,-1.8299802818419024,-1.72338738751604,1.7723834862810568,1.1825836481763088,0.01290422510011813,-0.011369105214182192,-0.02422850485940652,0.026860009987672864,-0.0182538848995337,0.028724459899866044,-0.007738820888824359,0.5708508016556935,0.6552418848221829
6.809999999999899,0.5992532881014144,-0.19639376761682,0.032928189470076114,0.03901039651845076,0.11838964423982824,0.0897919999260921,ok,1.6912702310251186,-1.6586415130536225,-1.7220091502294876,-1.8297116817420256,-1.7235699263650353,1.7726707308800556,1.1825062599674205,0.01278705038333109,-0.011320484259852614,-0.02411295298367094,0.026653483745476866,-0.018176329742349086,0.028588659075098166,-0.0076696077362748616,0.5726920975147474,0.6571236966307681
6.819999999999899,0.5992961865328982,-0.19642500554112402,0.0327783024036719,0.03885553046950302,0.1183864757336913,0.09662499905971345,ok,1.6913981015289519,-1.658754717896221,-1.7222502797593244,-1.8294451469045707,-1.7237516896624587,1.7729566174708065,1.1824295638900577,0.012670779654604345,-0.011272065361231673,-0.023998039075361882,0.026448427582678357,-0.01809921119648606,0.028453529711396978,-0.00760092986884567,0.5745335910512576,0.6590059609415418
6.829999999999899,0.5993386560166029,-0.19645601496719975,0.032629134744603244,0.038701266070457076,0.11838327344959115,0.16604200027359184,ok,1.691524809325498,-1.6588674385498332,-1.722490260150078,-1.829180662628744,-1.7239326817744236,1.7732411527679204,1.1823535545913693,0.012555406128969333,-0.011223848290847356,-0.02388375854510141,0.026244831230515093,-0.01802252590214939,0.028319068052576828,-0.007532783372837779,0.5763752800683559,0.6608886745992792
6.839999999999899,0.5993807001863567,-0.1964867975360861,0.03248068276691832,0.038547601210885366,0.11838003801936012,0.09737499931361526,ok,1.6916503633867876,-1.6589796770327416,-1.722729097735529,-1.8289182143164389,-1.724112907033445,1.7735243434484462,1.1822782267576408,0.012440923074206202,-0.011175832782636346,-0.023770106862272874,0.026042684487605664,-0.01794627051269212,0.028185270389159172,-0.007465164357972198,0.5782171623966017,0.6627718344835581
6.849999999999898,0.5994223226454283,-0.1965173548765413,0.03233294276565467,0.03839453378426897,0.11837677006642096,0.15499999972234946,ok,1.6917747726175296,-1.659091435360568,-1.7229667988041517,-1.8286577874715628,-1.7242923697385721,1.773806196152338,1.1822035751140612,0.012327323810271035,-0.011128018534373108,-0.023657079553260817,0.025841977219624817,-0.017870441695890842,0.028052133056352787,-0.007398068957492935,0.5800592358936534,0.6646554375082545
6.859999999999898,0.5994635269667887,-0.19654768860513838,0.03218591105671792,0.038242061688047786,0.11837347020589079,0.09216699982061982,ok,1.6918980458556323,-1.6592027155459117,-1.7232033695996842,-1.8283993676993666,-1.7244710741555311,1.7740867174829014,1.1821295944244863,0.012214601708756647,-0.011080405209912953,-0.023544672199810168,0.025642699358971677,-0.017795036135090123,0.027919652432197628,-0.007331493328231368,0.5819014984439426,0.6665394806210456
6.869999999999898,0.5995043166933715,-0.1965778003263614,0.032039583976759684,0.03809018282366822,0.11837013904468868,0.21470800129463896,ok,1.6920201918727198,-1.6593135195980109,-1.7234388163216823,-1.828142940705777,-1.724649024516882,1.7743659140072234,1.182056279491204,0.012102750192355356,-0.011032992441381674,-0.02343288043740875,0.025444840904439613,-0.017720050530310408,0.0277878249357353,-0.007265433650673943,0.5837439479583539,0.6684239608029237
6.879999999999898,0.5995446953383272,-0.19660769163269945,0.03189395788305707,0.037938895096629496,0.11836677718163684,0.09049999971466605,ok,1.6921412193746432,-1.6594238495224247,-1.7236731451260563,-1.8278884922967327,-1.724826225022185,1.7746437922565808,1.1819836251546971,0.011991762734340985,-0.01098577983116419,-0.023321699953803843,0.02524839192090481,-0.017645481599208663,0.027656647025375063,-0.007199886129031225,0.5855865823739108,0.6703088750677175
6.8899999999998975,0.599584666385281,-0.19663736410474036,0.0317490291533927,0.037788196416530896,0.11836338520756379,0.06908399882377125,ok,1.6922611370019867,-1.6595337073207364,-1.7239063621255943,-1.8276360083775236,-1.7250026798381772,1.7749203587268345,1.1819116262934068,0.011881632858077723,-0.010938766953809093,-0.02321112648756648,0.025053342538993165,-0.017571326077986286,0.02752611519730916,-0.007134846991260796,0.58742939906775,0.6721942204616236
6.899999999999897,0.5996242332885839,-0.19666681931126428,0.03160479418593462,0.037638084697116145,0.11835996370540391,0.08108400106721092,ok,1.6923799533305675,-1.6596430949902745,-1.72413847339047,-1.8273854749521337,-1.725178393098957,1.7751956198788077,1.1818402778234942,0.011772354136510347,-0.010891953357880325,-0.02310115582667802,0.024859682954752316,-0.017497580722260205,0.02739622598397125,-0.007070312489117048,0.5892723971698455,0.6740799940627454
6.909999999999897,0.5996633994735647,-0.1966960588093356,0.03146124939911743,0.037488557856318105,0.11835651325029879,0.04937499943480361,ok,1.6924976768719326,-1.6597520145238533,-1.724369484948737,-1.827136878122586,-1.7253533689061797,1.7754695821386475,1.181769574698603,0.011663920191703175,-0.010845338567566691,-0.022991783807283096,0.024667403429328202,-0.017424242307758273,0.02726697595271686,-0.007006278898159525,0.5911155734989787,0.6759661929806405
6.919999999999897,0.5997021683367776,-0.19672508414439493,0.03131839123152373,0.03733961381630088,0.11835303440969437,0.04370799979369622,ok,1.6926143160738496,-1.659860467909529,-1.72459940278681,-1.8268902040882928,-1.7255276113292572,1.7757422518981747,1.1816995119096214,0.011556324694358584,-0.010798922084376104,-0.022883006312378776,0.024476494288640793,-0.017351307631085795,0.027138361704412327,-0.006942742517780604,0.5929589260058863,0.6778528143558762
6.929999999999897,0.5997405432462499,-0.19675389685035002,0.031176216141765953,0.03719125050350329,0.1183495277434391,0.2577499999460997,ok,1.6927298793207932,-1.6599684571303728,-1.7248282328499336,-1.8266454391454063,-1.725701124405568,1.7760136355152187,1.1816300844844436,0.011449561363366265,-0.010752703388609293,-0.022774819270642337,0.024286945923051643,-0.017278773510332256,0.027010379872216717,-0.006879699671200133,0.5948024540610704,0.6797398553595934
6.9399999999998965,0.5997785275417256,-0.1967824984496658,0.03103472060836926,0.03704346584867862,0.11834599380387825,0.16566600061196368,ok,1.6928443749344269,-1.660075984164259,-1.72505598104264,-1.8264025696861759,-1.7258739121406714,1.776283739313941,1.1815612874877317,0.011343623965358311,-0.010706681940738785,-0.02266721865532155,0.024098748787050962,-0.017206636785607517,0.026883027120450657,-0.006817146705473784,0.5966461543866455,0.6816273131930766
6.949999999999896,0.5998161245349087,-0.19681089045345432,0.030893901129654386,0.036896257786934894,0.11834243313595094,0.16437500016763806,ok,1.6929578111740804,-1.6601830509836664,-1.7252826532291932,-1.8261615821983053,-1.7260459785085276,1.7765525695851456,1.181493116020677,0.01123850631427268,-0.010660857182852288,-0.022560200483078253,0.023911893398915664,-0.01713489431963814,0.026756300143378042,-0.006755079991467772,0.5984900257626645,0.6835151850873338
6.959999999999896,0.5998533375097033,-0.1968390743615634,0.03075375422362181,0.03674962425777495,0.11833884627728145,0.11587499830056913,ok,1.6930701962372232,-1.6602896595554948,-1.725508255234024,-1.825922463264316,-1.726217327451724,1.7768201325865793,1.1814255652207624,0.01113420227092478,-0.010615228539830573,-0.022453760813008553,0.023726370340394685,-0.017063542998170724,0.02663019566426418,-0.006693495923851742,0.6003340663247474,0.6854034683026812
6.969999999999896,0.5998901697224521,-0.19686705166266474,0.030614276427835457,0.03660356320513361,0.11833523375827361,0.20212500021443702,ok,1.6931815382599325,-1.660395811840893,-1.725732792842154,-1.825685199560912,-1.7263879628817058,1.777086434543222,1.1813586302615238,0.011030705742586673,-0.010569795420607129,-0.022347895745596105,0.02354217025637899,-0.016992579730432895,0.026504710434304007,-0.006632390921076115,0.6021782734182639,0.6872921601283367
6.979999999999896,0.5999266244021735,-0.19689482383434173,0.030475464299308308,0.03645807257741597,0.11833159610220179,0.10099999963131268,ok,1.6932918453173582,-1.660501509795099,-1.72595627179961,-1.8254497778583483,-1.72655788867901,1.777351481647565,1.181292306352313,0.01092801068258807,-0.010524557219235772,-0.022242601421808172,0.0233592838545725,-0.016922001449470946,0.02637984123176613,-0.006571761425324971,0.6040226459813915,0.6891812578820199
6.989999999999895,0.5999627047507957,-0.19692239234317588,0.030337314414387237,0.03631315032753312,0.118327933825299,0.08683399937581271,ok,1.693401125424184,-1.6606067553672914,-1.726178697813828,-1.8252161850198025,-1.7267271086935048,1.7776152800598828,1.1812265887380597,0.01082611108989982,-0.010479513316046987,-0.022137874022111603,0.023177701905167814,-0.016851805112543028,0.026255584861008444,-0.006511603902497053,0.6058671813479651,0.6910707589095584
6.999999999999895,0.5999984139433888,-0.19694975864483355,0.030199823368639522,0.03616879441293727,0.11832424743684924,0.06979099998716265,ok,1.693509386535083,-1.660711550500452,-1.7264000765540493,-1.824984408000751,-1.7268956267446303,1.7778778359084928,1.1811614726990347,0.010725001008753288,-0.010434663078539031,-0.022033709765675535,0.02299741524051836,-0.01678198770133231,0.026131938151767085,-0.006451914842148601,0.6077118785600251,0.6929606605845016
7.009999999999895,0.6000337551283963,-0.19697692418415066,0.030062987776739436,0.036025002795658005,0.11832053743927307,0.06920799933141097,ok,1.6936166365451706,-1.6608158971312372,-1.726620413651706,-1.8247544338483457,-1.7270634466216437,1.7781391552900105,1.1810969535506133,0.010624674528250085,-0.010390005862408642,-0.021930104909478183,0.022818414754815483,-0.01671254622226166,0.026008897958287296,-0.006392690757451481,0.6095567358682911,0.6948509603077406
7.019999999999895,0.6000687314278634,-0.197003890395218,0.029926804272354973,0.03588177344233484,0.11831680432821598,0.20445799964363687,ok,1.6937228832904532,-1.6609197971898613,-1.7268397147008008,-1.8245262497007975,-1.7272305720838663,1.7783992442695935,1.1810330266430387,0.010525125781980515,-0.010345541012412822,-0.02182705574751956,0.022640691403754108,-0.016643477706692056,0.025886461158610423,-0.00633392818513424,0.6114017505876086,0.6967416555071342
7.0299999999998946,0.6001033459376639,-0.19703065870146555,0.02979126950803604,0.03573910432424987,0.11831304859263242,0.2851250010280637,ok,1.693828134548273,-1.6610232525999853,-1.727057985258276,-1.8242998427867598,-1.7273970068609332,1.7786581088811797,1.1809696873611872,0.010426348947651392,-0.010301267863222554,-0.02172455861004521,0.02246423620421598,-0.016574779211116743,0.02576462465387299,-0.006275623685433109,0.6132469209266522,0.6986327436371417
7.039999999999894,0.600137601727724,-0.1970572305157453,0.029656380155102816,0.035596993417359966,0.11830927071487284,0.19795800108113326,ok,1.6939323980377496,-1.6611262652786176,-1.7272752308443764,-1.8240752004247176,-1.7275627546530443,1.7789157551277184,1.180906931124333,0.01032833824672574,-0.010257185740189415,-0.021622609862822204,0.02228904023392689,-0.016506447817300998,0.02564338536766674,-0.00621777384200643,0.6150922461314707,0.7005242221784611
7.049999999999894,0.6001715018422472,-0.1970836072404149,0.029522132903534573,0.03545543870232926,0.11830547117076551,0.11712500054272823,ok,1.6940356814202169,-1.6612288371360195,-1.7274914569430047,-1.8238523100223782,-1.7277278191312173,1.779172188981395,1.180844753385913,0.010231087944052423,-0.010213293960131264,-0.021521205906403867,0.022115094631146213,-0.016438480632433538,0.025522740245388066,-0.006160375261893577,0.6169377245402439,0.7024160886376738
7.059999999999894,0.6002050492999335,-0.19710979026741898,0.029388524461859383,0.03531443816455862,0.11830165042970021,0.2446670005156193,ok,1.6941379922996573,-1.661330970075621,-1.7277066690020686,-1.8236311590760668,-1.7278922039375417,1.7794274163838488,1.1807831496332941,0.010134592347522448,-0.010169591832009233,-0.021420343175464682,0.02194239059433064,-0.016370874789207734,0.025402686253671553,-0.006103424575423537,0.6187833523671414,0.7043083405468955
7.069999999999894,0.6002382470941997,-0.19713578097837134,0.02925555155704397,0.0351739897942151,0.11829780895470925,0.16858299932209775,ok,1.6942393382231327,-1.661432665993941,-1.7279208724338233,-1.8234117351701236,-1.7280559126854338,1.7796814432463854,1.1807221153875398,0.010038845807712875,-0.010126078657617468,-0.021320018138132623,0.021770919381811315,-0.016303627445916038,0.025283220379820996,-0.006046918436149653,0.6206291300235665,0.7062009754634311
7.0799999999998935,0.6002710981933956,-0.1971615807446359,0.029123210934384525,0.035034091586260536,0.11829394720254831,0.072750000981614,ok,1.6943397266812097,-1.6615339267805171,-1.7281340726152046,-1.8231940259763055,-1.728218948959893,1.7799342754501837,1.1806616462031783,0.009943842717548283,-0.01008275373218023,-0.021220227295370826,0.02160067231146261,-0.016236735786478284,0.025164339631306328,-0.0059908535207631895,0.6224750559107816,0.7080939909694373
7.089999999999893,0.6003036055410212,-0.19718719092740644,0.028991499357397824,0.03489474154048102,0.11829006562377652,0.08404199979850091,ok,1.6944391651083852,-1.661634754317839,-1.7283462748881582,-1.8229780192531908,-1.7283813163177577,1.7801859188464968,1.1806017376679707,0.009849577511960797,-0.010039616344974764,-0.021120967180356057,0.021431640760372524,-0.016170197020500227,0.025046041035247546,-0.005935226529007051,0.624321127292516,0.70998738467159
7.099999999999893,0.6003357720559385,-0.19721261287778635,0.028860413607713215,0.034755937661512755,0.11828616466283419,0.08391600022150669,ok,1.6945376608835048,-1.6617351504812887,-1.7285574845599618,-1.822763702845587,-1.7285430182879626,1.7804363792568492,1.1805423854026806,0.009756044667555024,-0.009996665779861517,-0.021022234357906264,0.021263816164530606,-0.016104008383256926,0.024928321637968282,-0.005880034183608011,0.6261673425256034,0.7118811542007555
7.109999999999893,0.600367600632584,-0.1972378479368681,0.02872995048496506,0.03461767795886941,0.11828224475812187,0.17654200019023847,ok,1.6946352213301803,-1.6618351171390873,-1.728767706903541,-1.8225510646839416,-1.7287040583717952,1.7806856624732288,1.1804835850608446,0.009663238702279744,-0.009953901315840358,-0.02092402542390407,0.02109719001848113,-0.016038167135715826,0.02481117850453366,-0.005825273230165608,0.6280136999871606,0.7137752972116695
7.119999999999893,0.6003990941411794,-0.1972628974358109,0.02860010680668565,0.03447996044696772,0.11827830634207528,0.14683299923490267,ok,1.6947318537172031,-1.6619346561522457,-1.72897694715778,-1.8223400927837567,-1.7288644400431523,1.780933774258274,1.180425332328543,0.009571154175109068,-0.009911322227502621,-0.02082633700477312,0.0209317538750111,-0.01597267056446753,0.024694608718357172,-0.00577094043707243,0.6298601993173077,0.7156698113826194
7.129999999999892,0.6004302554279389,-0.19728776269591924,0.028470879408199062,0.0343427831451528,0.1182743498412412,0.09120899994741194,ok,1.6948275652589542,-1.6620337693745206,-1.7291852105278278,-1.8221307752450067,-1.7290241667487969,1.7811807203454577,1.1803676229241722,0.009479785685714113,-0.009868927785538092,-0.020729165756940122,0.02076749934481685,-0.015907515981725386,0.02457860938079425,-0.005717032595417271,0.6317068377465488,0.7175646944151327
7.139999999999892,0.6004610873152755,-0.19731244502871953,0.028342265142514284,0.03420614407772109,0.11827037567635502,0.053666999519919045,ok,1.6949223631158112,-1.662132458652376,-1.7293925021853973,-1.8219231002515586,-1.7291832419086142,1.7814265064392656,1.180310452598218,0.009389127874156872,-0.009826717257143005,-0.020632508366340504,0.020604418096180206,-0.015842700725233968,0.024463177610775436,-0.005663546518884779,0.6335536137113523,0.7194599440336691
7.149999999999892,0.6004915926020062,-0.19733694573603652,0.02821426088022154,0.03407004127394604,0.11826638426241003,0.043833999370690435,ok,1.6950162543945528,-1.6622307258249474,-1.7295988272690608,-1.8217170560705969,-1.7293416689158665,1.7816711382153734,1.1802538171330292,0.009299175420566727,-0.009784689906466904,-0.02053636154791714,0.020442501854641675,-0.015778222158228446,0.02434831054444113,-0.005610479043664271,0.6354005256675791,0.721355557985319
7.159999999999892,0.6005217740635552,-0.19736126611006985,0.0280868635093863,0.03393447276810016,0.11826237600873413,0.17350000052829273,ok,1.6951092461487585,-1.662328572724012,-1.7298041908845398,-1.8215126310520504,-1.7294994511374489,1.7819146213208177,1.1801977123425926,0.009209923044845515,-0.009742844994969168,-0.02044072204516783,0.020281742402671016,-0.015714077669319933,0.024234005334829105,-0.005557827028333781,0.6372475720902641,0.723251534039506
7.169999999999892,0.6005516344521541,-0.1973854074334684,0.02796006993544553,0.033799436599476824,0.11825835131906079,0.08650000017951243,ok,1.695201345379207,-1.6624260011739618,-1.7300085981049915,-1.8213098136280237,-1.729656591914142,1.782156961374166,1.1801421340723093,0.00912136550635293,-0.00970118178179173,-0.02034558662969032,0.020122131579350486,-0.015650264672404032,0.024120259151563555,-0.0055055873537742,0.6390947528569925,0.7251478699876938
7.179999999999891,0.6005811764970418,-0.19740937097940617,0.027833877081104366,0.03366493081241233,0.11825431059159881,0.0915000000532018,ok,1.6952925590342705,-1.6625230129917796,-1.7302120539712884,-1.82110859231223,-1.729813094560866,1.7823981639656816,1.1800870781987716,0.009033497603609855,-0.009659699524134853,-0.020250952100719654,0.01996366128004055,-0.0155867806065726,0.024007069180518988,-0.005453756923052832,0.6409420651528936,0.7269577015748859
7.189999999999891,0.6006104029046626,-0.19743315801165548,0.027708281886232852,0.03353095345630663,0.11825025421910428,0.04850000004807953,ok,1.6953828940103066,-1.662619609987021,-1.7304145634922956,-1.8209089556994298,-1.7299689623669319,1.7826382346574867,1.180032540629541,0.008946314174002268,-0.009618397477547997,-0.02015681528473179,0.01980632345605952,-0.01552362293597181,0.02389443262358185,-0.005402332661317275,0.6427895060696034,0.7287602404421377
7.199999999999891,0.6006393163588613,-0.19745676978466067,0.027583281307763774,0.03339750258564411,0.11824618258894877,0.04429200089361984,ok,1.6954723571520467,-1.6627157939617965,-1.730616131645143,-1.8207108924648692,-1.7301241985962916,1.7828771789837226,1.179978517302928,0.008859810093485283,-0.00957727489624706,-0.020063173035021965,0.019650110114355506,-0.01546078914967908,0.023782346698367898,-0.005351311515687375,0.6446370770077405,0.7305634928133536
7.209999999999891,0.6006679195210785,-0.19748020754361167,0.02745887231959067,0.033264576260012474,0.11824209608318849,0.20412499907251913,ok,1.6955609552529816,-1.662811566710759,-1.7308167633754932,-1.8205143913637256,-1.7302788064877883,1.7831150024507063,1.1799250041877711,0.008773980276292951,-0.009536331033396532,-0.01997002223130982,0.019495013317188784,-0.015398276761558184,0.02367080863797311,-0.005300690455150203,0.6464847751233503,0.7323674548734862
7.2199999999998905,0.6006962150305429,-0.19750347252451567,0.027335051912466476,0.033132172544122714,0.11823799507863174,0.12179200166428927,ok,1.6956486950557446,-1.662906930021093,-1.7310164635978063,-1.8203194412305537,-1.730432789255404,1.783351710537086,1.1798719972832197,0.008688819674650265,-0.009495565141399017,-0.019877359779345193,0.019341025181796884,-0.015336083310131842,0.023559815690721065,-0.005250466470437441,0.6483325990019865,0.734172122835345
7.22999999999989,0.6007242055044618,-0.19752656595426923,0.027211817093902982,0.033000289507825326,0.11823387994690539,0.0898749985935865,ok,1.695735583252491,-1.663001885672507,-1.7312152371955998,-1.8201260309787357,-1.7305861500885051,1.783587308693993,1.1798194926185153,0.008604323278490499,-0.009454976472123802,-0.019785182610549686,0.01918813788008192,-0.015274206358404475,0.02344936511996016,-0.005200636573921714,0.6501805472469384,0.7359774929393357
7.23999999999989,0.6007518935382112,-0.19754948905072917,0.02708916488807063,0.0328689252261309,0.11822975105452128,0.06954200034670066,ok,1.695821626485276,-1.6630964354372284,-1.7314130890217052,-1.8199341495999348,-1.7307388921520892,1.7838218023451926,1.179767486252776,0.008520486115170462,-0.009414564277169872,-0.01969348768163933,0.0190363436382866,-0.015212643493718037,0.02333945420382283,-0.005151197799503648,0.6520286184790361,0.7377835614532
7.24999999999989,0.6007792817055227,-0.1975722430227838,0.026967092335699105,0.032738077779225064,0.11822560876294065,0.17079200006264728,ok,1.6959068313464276,-1.66319058108,-1.7316100238985217,-1.819743786163552,-1.7308910185870263,1.784055196887231,1.179715974274781,0.008437303249187919,-0.009374327808081602,-0.01960227197428192,0.018885634736660283,-0.015151392327584213,0.02323008023504231,-0.005102147202488375,0.6538768113364561,0.7395903246717609
7.25999999999989,0.6008063725586709,-0.19759482907042253,0.026845596493977983,0.032607745252486435,0.11822145342863868,0.08841700037010014,ok,1.6959912043789196,-1.6632843243580808,-1.7318060466182645,-1.8195549298161853,-1.7310425325103023,1.7842874976895813,1.179664952802756,0.008354769781914956,-0.009334266316550908,-0.019511532494760085,0.018736003509149356,-0.015090450495496547,0.02312124052075433,-0.005053481859473019,0.6557251228407656,0.74139777891667
7.269999999999889,0.6008331686286553,-0.19761724838480552,0.026724674436458623,0.03247792573650106,0.11821728540316996,0.13545799993153196,ok,1.6960747520767387,-1.6633776670212463,-1.732001161943212,-1.8193675697810938,-1.7311934370152573,1.7845187100947888,1.1796144179841614,0.008272880851321208,-0.009294379054615824,-0.019421266273638438,0.01858744234307463,-0.015029815656753714,0.023012932382316494,-0.005005198868231284,0.6575735549042323,0.7432059205361577
7.279999999999889,0.6008596724253866,-0.1976395021483327,0.02660432325295589,0.03234861732707916,0.11821310503322606,0.0501670001540333,ok,1.696157480885252,-1.6634706108117925,-1.7321953746059484,-1.8191816953576632,-1.7313437351718248,1.784748839418612,1.179564365995479,0.008191631631689579,-0.009254665274884463,-0.019331470365421568,0.018439943678805554,-0.014969485494309027,0.022905153155109843,-0.004957295347601527,0.6594221029209327,0.7450147459047868
7.289999999999889,0.6008858864378658,-0.19766159153471238,0.026484540049451402,0.03221981812526952,0.11820891266070388,0.044583000999409705,ok,1.6962393972015688,-1.6635631574645413,-1.7323886893096025,-1.8189972959208751,-1.731493430026768,1.784977890950163,1.1795147930420031,0.008111017333369216,-0.009215124230659505,-0.019242141848274115,0.018293500009436775,-0.014909457714541842,0.022797900188407917,-0.004909768437345234,0.6612707689467732,0.7468242514232086
7.299999999999889,0.6009118131343633,-0.1976835177090283,0.026365321947996498,0.032091526237373345,0.11820470862276151,0.2285409991600318,ok,1.6963205073749026,-1.663655308706848,-1.7325811107280853,-1.8188143609207807,-1.7316425246039133,1.785205869952047,1.1794656953576297,0.008031033202492172,-0.009175755176125908,-0.01915327782369762,0.018148103880484302,-0.014849730047081603,0.022691170845205152,-0.004862615298059317,0.6631195482987671,0.748634433517923
7.309999999999889,0.6009374549625994,-0.19770528182780803,0.026246666086615564,0.031963739774958415,0.11820049325188176,0.12583399984578136,ok,1.6964008177069274,-1.6637470662586091,-1.7327726435063222,-1.818632879881976,-1.7317910219043842,1.7854327816604991,1.179417069204649,0.007951674520714715,-0.009136557366500757,-0.019064875416237137,0.018003747889545684,-0.014790300244612812,0.022584962502063852,-0.004815833111030664,0.6649684414042314,0.7504452886410394
7.319999999999888,0.6009628143499187,-0.1977268850390891,0.026128569619211325,0.031836456854871846,0.11819626687593017,0.0883330012584338,ok,1.6964803344521346,-1.663838431832274,-1.7329632922604845,-1.8184528424030806,-1.7319389249068302,1.7856586312855198,1.1793689108735388,0.007872936604958327,-0.009097530058210387,-0.018976931773180918,0.017860424685999705,-0.014731166082704026,0.02247927254895464,-0.004769419078128127,0.6668174470176915,0.7522568132700416
7.329999999999888,0.6009878937034661,-0.19774832848248525,0.026011029715468856,0.03170967559925239,0.1181920298182141,0.07479200030502398,ok,1.6965590638181842,-1.663929407132856,-1.7331530615782162,-1.8182742381562207,-1.7320862365676573,1.7858834240110093,1.1793212166827576,0.0077948148071466565,-0.009058672508940033,-0.018889444064321064,0.017718126970675426,-0.014672325359535771,0.02237409838918433,-0.0047233704216757336,0.668666562083797,0.7540690039075564
7.339999999999888,0.6010126954103611,-0.19776961328925252,0.02589404356076147,0.0315833941355444,0.11818778239754181,0.1703750003798632,ok,1.6966370119662557,-1.6640199938579454,-1.7333419560188594,-1.818097056886514,-1.7322329598212527,1.7861071649949012,1.1792739829785408,0.00771730451394919,-0.00901998397787284,-0.018802409481618494,0.01757684749554795,-0.014613775895786853,0.02226943743917047,-0.004677684384338877,0.6705157890129368,0.755881857081123
7.349999999999888,0.6010372218378675,-0.197790740582354,0.025777608356056816,0.03145761059650616,0.11818352492827836,0.09583300015947316,ok,1.6967141850113951,-1.664110193697724,-1.7335299801136757,-1.8179212884115585,-1.7323790975802105,1.786329859369293,1.1792272061346973,0.00764040114652789,-0.008981463725716387,-0.018715825238990697,0.01743657906341056,-0.014555515534359447,0.02216528712840357,-0.004632358228990922,0.6723651229280934,0.7576953693429654
7.3599999999998875,0.6010614753335666,-0.19781171147652452,0.02566172131782314,0.031332323120224576,0.11817925772040346,0.07658299909962807,ok,1.6967905890228605,-1.6642000083349813,-1.7337171383660654,-1.8177469226209244,-1.732524652735554,1.7865515122405768,1.1791808825524075,0.007564100160277629,-0.008943111014861331,-0.01862968857202317,0.017297314527566696,-0.014497542140208774,0.022061644899289166,-0.004587389238602745,0.6742145644721844,0.7595095372697688
7.369999999999887,0.6010854582255246,-0.19783252707833518,0.02554637967793645,0.031207529850122765,0.1181749810795667,0.06837500041001476,ok,1.6968662300244632,-1.66428943944513,-1.7339034352517857,-1.8175739494756487,-1.732669628156956,1.7867721286895697,1.1791350086600214,0.007488397044582091,-0.008904925109485448,-0.018543996737711878,0.017159046791514587,-0.01443985360013088,0.02195850820702298,-0.004542774716114456,0.6760641855710697,0.7613243574624575
7.379999999999887,0.6011091728224612,-0.19785318848625658,0.025431580683588445,0.03108322893497227,0.11817069530714283,0.049500000386615284,ok,1.696941113994909,-1.6643784886962247,-1.7340888752191628,-1.8174023590077335,-1.7328140266929573,1.78699171377164,1.1790895809128603,0.007413287322561636,-0.008866905275627883,-0.01845874701423319,0.0170217688086282,-0.014382447822540181,0.021855874519513548,-0.004498511984308325,0.6779138592564506,0.763139826545974
7.389999999999887,0.6011326214139138,-0.19787369679072198,0.02531732159719438,0.03095941852890036,0.1181664007002868,0.04416599949763622,ok,1.6970152468681348,-1.664467157748981,-1.734273462689305,-1.8172321413196473,-1.7329578511711827,1.787210272516835,1.1790445957930171,0.007338766550829706,-0.008829050781280627,-0.01837393670069974,0.0168854735818556,-0.01432532273725625,0.021753741317277624,-0.0044545983856943945,0.6797643142638987,0.764955941169064
7.399999999999887,0.6011558062704047,-0.19789405307418995,0.02520359969630162,0.030836096791401816,0.11816209755198667,0.19591700038290583,ok,1.6970886345336431,-1.6645554482567937,-1.734457202056312,-1.8170632865838288,-1.7331011043985554,1.7874278099300078,1.1790000498091602,0.007264830319237087,-0.008791360896504568,-0.018289563116903378,0.01675015416339357,-0.014268476295318872,0.021652106093309843,-0.004411031282384254,0.6816155443915587,0.7667726980040603
7.4099999999998865,0.6011787296436022,-0.19791425841120658,0.02509041227349934,0.030713261887345192,0.1181577861511181,0.12375000005704351,ok,1.6971612828368354,-1.6646433618657588,-1.7346400976874812,-1.8168957850421947,-1.7332437891615085,1.7876443309909409,1.1789559394963363,0.00719147425064089,-0.008753834893484495,-0.01820562360309933,0.016615803654388077,-0.014211906468756247,0.021550966353011403,-0.004367808055966187,0.6834675435006523,0.768590093746672
7.419999999999886,0.6012013937664837,-0.19793431386846688,0.024977756636328327,0.030590911986982806,0.1181534667824958,0.0731249983800808,ok,1.6972331975793418,-1.6647309002146937,-1.7348221539235122,-1.8167296270056508,-1.733385908226196,1.787859840654471,1.1789122614157765,0.007118694000657129,-0.00871647204658667,-0.01812211551978669,0.016482415204619686,-0.014155611250357003,0.02145031961410692,-0.004324926107385129,0.6853203055147308,0.7704081251157724
7.429999999999886,0.6012238008534959,-0.1979542205048759,0.024865630107190895,0.03046904526595746,0.11814913972692548,0.06912499884492718,ok,1.6973043845193483,-1.6648180649351596,-1.7350033750787102,-1.8165648028536046,-1.7335274643386995,1.7880743438506121,1.1788690121547027,0.007046485257417123,-0.008679271632480825,-0.01803903624746058,0.01634998201218584,-0.014099588653510745,0.021350163406527418,-0.004282382856811165,0.6871738244189382,0.7722267888531943
7.439999999999886,0.6012459531007123,-0.19797397937160885,0.024754030023262194,0.030347659905309913,0.11814480526125495,0.17499999921710696,ok,1.6973748493719225,-1.6649048576514844,-1.7351837654411848,-1.8164013030334827,-1.7336684602252346,1.7882878454846773,1.1788261883261346,0.006974843741339112,-0.008642232930132384,-0.017956383186430353,0.016218497323218638,-0.014043836711921186,0.021250495272363324,-0.00424017574353711,0.6890280942592842,0.7740460817235231
7.449999999999886,0.6012678526859934,-0.19799359151217266,0.024642953736401157,0.03022675409148639,0.11814046365842622,0.18608299978950527,ok,1.697444597809336,-1.6649912799807858,-1.735363329273049,-1.8162391180602504,-1.7338088985923539,1.788500350437401,1.1787837865686992,0.006903765204882357,-0.008605355220925523,-0.017874153756575216,0.01608795443154153,-0.01398835347946338,0.02115131276575064,-0.004198302225825103,0.6908831091419256,0.775866000513894
7.459999999999885,0.6012895017691401,-0.1980130579624637,0.02453239861306271,0.030106326016343003,0.11813611518752284,0.09862499973678496,ok,1.697513635461385,-1.6650773335329951,-1.7355420708106148,-1.816078238515935,-1.7339487821271484,1.7887118635650585,1.178741803546441,0.006833245432314121,-0.0085686377886887,-0.01779234539714967,0.01595834667839519,-0.013933137029934498,0.021052613452805662,-0.004156759780815879,0.692738863232457,0.777686542033792
7.469999999999885,0.6013109024920502,-0.19803237975082852,0.024422362034210207,0.02998637387715402,0.11813176011382072,0.08866700045473408,ok,1.697581967915708,-1.665163019910882,-1.7357199942645865,-1.815918655049151,-1.7340881134974477,1.7889223896995865,1.1787002359486327,0.006763280239492137,-0.008532079919705851,-0.0177109555666034,0.015829667452113137,-0.013878185456816353,0.020954394911583137,-0.0041155459043722515,0.6945953507552127,0.7795077031148526
7.479999999999885,0.6013320569788723,-0.19805155789812118,0.02431284139522863,0.02986689587661736,0.11812739869883643,0.22216599973035045,ok,1.697649600718103,-1.665248340710079,-1.7358971038202524,-1.81576035837463,-1.734226895352016,1.7891319336487024,1.178659080489589,0.006693865473599132,-0.008495680902886,-0.017629981742311465,0.01570191018782192,-0.013823496873164118,0.02085665473191055,-0.004074658110990773,0.696452565992575,0.7813294806106663
7.489999999999885,0.601352967336156,-0.1980705934177625,0.024203834105837346,0.029747890222857738,0.1181230312003753,0.11799999992945231,ok,1.697716539372839,-1.665333297519108,-1.7360734036376755,-1.8156033392727517,-1.7343651303207475,1.7893405001960214,1.178618333908479,0.006624997012956904,-0.008459440029634821,-0.017549421420472916,0.015575068367146743,-0.013769069411248929,0.020759390515441085,-0.004034093933651035,0.6983105032842934,0.7831518713965835
7.4999999999998845,0.601373635653004,-0.19808948731579726,0.024095337590004942,0.029629355129432957,0.11811865787257964,0.06945799941604491,ok,1.6977827893429687,-1.6654178919194043,-1.7362488978518802,-1.8154475885890802,-1.7345028210148599,1.7895480941011759,1.1785779929691425,0.006556670766753908,-0.008423356594063016,-0.0174692721158292,0.01544913551789418,-0.013714901222498587,0.02066259987547681,-0.003993850923714168,0.7001691570268128,0.7849748723695235
7.509999999999884,0.6013940640012215,-0.19810824059095114,0.02398734928586327,0.029511288815338477,0.11811427896597329,0.066917000367539,ok,1.697848356050636,-1.6655021254853448,-1.7364235905730385,-1.8152930972339012,-1.734639970027085,1.7897547200999306,1.1785380544599053,0.006488882674859122,-0.008387429892897343,-0.01738953136153896,0.01532410521376805,-0.013660990477170131,0.02056628043697056,-0.003953926650784506,0.7020285216726082,0.7867984804477832
7.519999999999884,0.6014142544354641,-0.19812685423468812,0.023879866645622735,0.029393689505010083,0.11810989472751016,0.2311669995833654,ok,1.6979132448773846,-1.6655859997842737,-1.736597485886654,-1.8151398561817635,-1.7347765799318566,1.7899603829043003,1.1784985151933975,0.006421628707570274,-0.0083516592255725,-0.01731019670896639,0.015199971074055806,-0.013607335364203442,0.020470429836443968,-0.00391431870259662,0.7038885917295297,0.7886226925708504
7.529999999999884,0.601434208993385,-0.1981453292312664,0.02377288713548789,0.029276555428330076,0.11810550540061864,0.16066699936345685,ok,1.6979774611644602,-1.6656695163765294,-1.7367705878537436,-1.814987856471023,-1.7349126532854986,1.7901650872026647,1.1784593720063716,0.006354904865399449,-0.008316043894253299,-0.017231265727495698,0.015076726763336238,-0.013553934090998036,0.020375045721911504,-0.003875024684892979,0.7057493617601572,0.7904475056992173
7.539999999999884,0.601453929695779,-0.19816366655779405,0.023666408235573075,0.02915988482062703,0.11810111122524802,0.16562500059080776,ok,1.6980410102131143,-1.665752676815472,-1.7369429005110186,-1.8148370892033896,-1.7350481926264085,1.7903688376598839,1.1784206217595228,0.006288707178851057,-0.00828058320387526,-0.017152736004355632,0.014954365991186037,-0.013500784883222131,0.020280125752826023,-0.003836042221305245,0.7076108263811607,0.7922729168141964
7.5499999999998835,0.6014734185467298,-0.19818186718428532,0.023560427439819592,0.029043675922681,0.1180967124379101,0.17020800078171305,ok,1.6981038972849027,-1.6658354826475108,-1.7371144278710622,-1.8146875455434777,-1.7351832004752408,1.7905716389174122,1.1783822613373098,0.006223031708204105,-0.008245276462123743,-0.017074605144462168,0.014832882511870657,-0.01344788598456888,0.020185667600046076,-0.003797368953220875,0.7094729802626697,0.794098922917739
7.559999999999883,0.6014926775337491,-0.19819993207371464,0.02345494225591241,0.028927926980725095,0.1180923092717273,0.21170899890421424,ok,1.6981661276019848,-1.665917935412132,-1.7372851739225068,-1.814539216718359,-1.7353176793350864,1.7907734955934127,1.1783442876477777,0.006157874543287158,-0.008210122979518541,-0.016996870770211232,0.014712270124062808,-0.013395235656602687,0.0200916689457321,-0.003759002539679983,0.711335818127653,0.7959255210322546
7.569999999999883,0.6015117086279224,-0.19821786218207144,0.023349950205197867,0.028812636246448625,0.11808790195647201,0.11249999988649506,ok,1.6982277063474176,-1.6660000366419272,-1.737455142630209,-1.8143920940171183,-1.7354516316916524,1.7909744122828701,1.1783066976223808,0.006093231803269291,-0.008175122069397064,-0.016919530521334283,0.014592522670545274,-0.013342832178525138,0.019998127483320416,-0.0037209406572452012,0.7131993347513029,0.7977527082004331
7.579999999999883,0.6015305137840458,-0.19823565845841415,0.02324544882260178,0.0286978019769978,0.11808349071861217,0.07387500045297202,ok,1.6982886386654503,-1.666081787862621,-1.7376243379354224,-1.8142461687904128,-1.7355850600134377,1.7911743935577034,1.1782694882158085,0.0060290996364362175,-0.008140273047923861,-0.016842582054736516,0.01447363403790616,-0.013290673846975366,0.01990504091748796,-0.0036831809998765226,0.7150635249604307,0.7995804814850691
7.589999999999883,0.6015490949407677,-0.19825332184492384,0.02314143565654808,0.02858342243497728,0.11807907578135232,0.07374999950116035,ok,1.6983489296618146,-1.6661631905931003,-1.7377927637559698,-1.8141014324500337,-1.7357179667519074,1.7913734439668783,1.1782326564058097,0.005965474219983404,-0.008105575234146916,-0.01676602304430276,0.014355598156266604,-0.013238758975848575,0.01981240696404061,-0.003645721278825904,0.7169283836328674,0.8014088379688866
7.599999999999882,0.6015674540207262,-0.19827085327695756,0.023037908268877832,0.028469495888452698,0.11807465736467498,0.22466600057668984,ok,1.6984085844040144,-1.6662442463454417,-1.7379604239864128,-1.8139578764684712,-1.735850354341666,1.7915715680365187,1.1781961991930214,0.0059023517597962885,-0.008071027949980597,-0.0166898511807626,0.014238408998975813,-0.013187085896085634,0.01972022334991291,-0.003608559222508174,0.7187939056968731,0.8032377747543674
7.609999999999882,0.6015855929306853,-0.1982882536831011,0.022934864234768704,0.02835602061094847,0.11807023568538387,0.1873340006568469,ok,1.6984676079216123,-1.6663249566249414,-1.7381273224982206,-1.8138154923784815,-1.7359822252006267,1.7917687702700178,1.1781601136007964,0.0058397284902485,-0.00803663052021913,-0.016614064171525944,0.014122060582331872,-0.01313565295546953,0.01962848781310165,-0.003571692576384903,0.720660086130555,0.8050672889635792
7.619999999999882,0.601603513561671,-0.19830552398522092,0.02283230114265536,0.028242994881451624,0.1180658109571422,0.08895800056052394,ok,1.6985260052065148,-1.6664053229301437,-1.7382934631399358,-1.8136742717726582,-1.7361135817301814,1.7919650551481487,1.1781243966750325,0.005777600673976324,-0.008002382272580898,-0.016538659740508603,0.014006546965278829,-0.0130844585184643,0.0195371981025966,-0.0035351191028437645,0.7225269199612911,0.8068973777380081
7.629999999999882,0.6016212177891057,-0.19832266509851623,0.02273021659414981,0.02813041698441032,0.11806138339051397,0.13708300139114726,ok,1.6985837812132545,-1.6664853467528695,-1.738458849737341,-1.8135342063030053,-1.736244426315366,1.7921604271291747,1.178089045484004,0.005715964601686997,-0.007968282537667204,-0.016463635628008382,0.013891862249145312,-0.013033500965970913,0.019446351978365115,-0.0034988365810928513,0.7243944022651629,0.8087280382383907
7.6399999999998816,0.6016387074729416,-0.19833967793157084,0.02262860820396262,0.028018285209733006,0.11805695319300402,0.0747499998396961,ok,1.6986409408592713,-1.6665650295782461,-1.7386234860936212,-1.813395287680514,-1.7363747613250258,1.7923548906489584,1.1780540571181932,0.005654816591944555,-0.007934330649006638,-0.01638898959053172,0.013778000577331485,-0.012982778695176632,0.01935594721128174,-0.0034628428070195617,0.7262625281663935,0.8105592676445488
7.649999999999881,0.6016559844577918,-0.19835656338640353,0.022527473599824044,0.02790659785278895,0.11805252056909708,0.2050420007435605,ok,1.6986974890251907,-1.6666443728847362,-1.7387873759895265,-1.8132575076747406,-1.7365045891119775,1.7925484501210711,1.178019428690123,0.005594152990960555,-0.00790052594306233,-0.0163147194006411,0.013664956135044388,-0.012932290119358203,0.019265981583075454,-0.0034271355930978985,0.7281312928367953,0.8123910631552258
7.659999999999881,0.6016730505730624,-0.19837332235851926,0.022426810422406712,0.02779535321440753,0.11804808572029506,0.08595799954491667,ok,1.6987534305551002,-1.6667233781441668,-1.738950523183533,-1.8131208581133902,-1.736633912013171,1.792741109936902,1.1779851573341922,0.0055339701723916696,-0.007866867759220773,-0.01624082284682112,0.013552723149006395,-0.012882033667683162,0.019176452886298583,-0.0033917127682610427,0.7300006914952223,0.8142234219879245
7.669999999999881,0.6016899076330815,-0.19838995573695914,0.022326616325247628,0.02768454960087638,0.1180436488451573,0.08758300100453198,ok,1.6988087702568242,-1.666802046821759,-1.739112931412001,-1.8129853308819002,-1.736762732349848,1.7929328744657649,1.1779512402065095,0.005474264537143638,-0.007833355439793183,-0.016167297733332253,0.013441295887177629,-0.012832007785020407,0.01908735892428137,-0.0033565721777830664,0.7318707194070317,0.8160563413787477
7.679999999999881,0.6017065574372279,-0.19840646440435034,0.0222268889746714,0.02757418532394051,0.11803921013933699,0.051958999392809346,ok,1.6988635129021956,-1.666880380376157,-1.7392746043893343,-1.8128509179230283,-1.7368910524276981,1.7931237480550077,1.1779176744847317,0.005415032513161401,-0.007799988330048475,-0.016094141880052253,0.013330668658473151,-0.01278221093178144,0.018998697511061688,-0.0033217116831680926,0.7337413718835506,0.8178898185822385
7.6899999999998805,0.6017230017700586,-0.19842284923695502,0.02212762604971319,0.027464258700800274,0.11803476979561923,0.04470800013223197,ok,1.6989176632273273,-1.6669583802594574,-1.739435545808135,-1.8127176112364436,-1.7370188745370159,1.7933137350301183,1.1778844573679002,0.005356270555230047,-0.007766765778171382,-0.016021353122356363,0.013220835812485484,-0.012732641583701148,0.018910466471380248,-0.003287129162036222,0.7356126442815499,0.8197238508712239
7.69999999999988,0.6017392424014348,-0.19843911110472048,0.022028825242043956,0.027354768054110187,0.11803032800395591,0.16154199875018094,ok,1.6989712259328795,-1.667036047917239,-1.7395957593393585,-1.8125854028783188,-1.7371462009528529,1.793502839694832,1.1778515860762797,0.0052979751447783064,-0.007733687135308504,-0.015948929310956605,0.013111791739209669,-0.012683298231692843,0.01882266364059283,-0.0032528225080088835,0.7374845320027265,0.8215584355366595
7.70999999999988,0.6017552810866479,-0.19845525087132643,0.021930484255893015,0.02724571171197512,0.11802588495150548,0.08912500015867408,ok,1.6990242056843272,-1.6671133847885922,-1.739755248632468,-1.8124542849609266,-1.7372730339351699,1.793691066331238,1.1778190578511996,0.005240142789680973,-0.007700751755542957,-0.01587686831177487,0.013003530868758766,-0.012634179381651752,0.018735286864650803,-0.0032187896305865622,0.7393570304931893,0.8233935698874756
7.71999999999988,0.6017711195665427,-0.19847126939423385,0.021832600807974778,0.027137088007950554,0.11802144082266458,0.11395799992897082,ok,1.699076607112224,-1.6671903923061475,-1.7399140173155858,-1.8123242496522391,-1.7373993757289863,1.7938784191998844,1.1777868699548937,0.005182770024062555,-0.0076679589958845475,-0.01580516800581534,0.012896047671100783,-0.012585283554266465,0.018648334000063608,-0.0031850284550477073,0.7412301352429541,0.8252292512504248
7.72999999999988,0.6017867595676407,-0.19848716752473292,0.021735172627412466,0.027028895281035956,0.11801699579910754,0.05129099918121938,ok,1.6991284348124647,-1.6672670718961065,-1.740072068995644,-1.8121952891755282,-1.7375252285645288,1.7940649025398852,1.1777550196703432,0.005125853408097443,-0.00763530821629304,-0.015733826289015856,0.012789336655775203,-0.012536609284868128,0.01856180291383982,-0.0031515369223303865,0.7431038417854442,0.827065476969932
7.739999999999879,0.6018022028022622,-0.1985029461079902,0.021638197455665142,0.026921131875675457,0.11801255005981809,0.04329199873609468,ok,1.6991796933465457,-1.6673434249782695,-1.740229407258534,-1.8120673958089704,-1.7376505946573775,1.7942505205690236,1.1777235043011198,0.005069389527825197,-0.0076027987796612635,-0.015662841072121837,0.012683392371628504,-0.01248815512324056,0.01847569148344649,-0.0031183129889189457,0.7449781456969959,0.828902244407945
7.749999999999879,0.6018174509686467,-0.19851860598309604,0.021541673046453366,0.02681379614175195,0.11800810378112449,0.18970900055137463,ok,1.699230387241824,-1.6674194529660662,-1.7403860356692553,-1.811940561885254,-1.73777547620861,1.7944352774838581,1.1776923211712307,0.005013374994952081,-0.007570430051811587,-0.0155922102805578,0.012578209406536416,-0.012439919633453195,0.018389997596775606,-0.0030853546267316447,0.7468530425963739,0.8307395509437866
7.759999999999879,0.6018325057510735,-0.19853414798311037,0.021445597165685892,0.026706886434584853,0.11800365713673659,0.09766599941940513,ok,1.6992805209917734,-1.6674951572665844,-1.7405419577720609,-1.8118147797911885,-1.7378998754049444,1.794619177459826,1.1776614676249633,0.004957806446660853,-0.007538201401488674,-0.015521931854299334,0.012473782387143398,-0.012391901393683596,0.018304719152098643,-0.0030526598230174273,0.7487285281442883,0.8325773939740093
7.769999999999879,0.6018473688199791,-0.19854957293510958,0.021349967591387367,0.026600401114926595,0.11799921029777434,0.08554200030630454,ok,1.69933009905624,-1.6675705392805993,-1.740697177090604,-1.8116900419673172,-1.7380237944188812,1.7948022246513469,1.1776309410267332,0.004902680545417764,-0.007506112200376454,-0.015452003747735671,0.012370105978583191,-0.012344098996072554,0.018219854058013626,-0.0030202265802359756,0.7506045980429211,0.8344157709122504
7.779999999999879,0.6018620418320763,-0.198564881660233,0.021254782113625484,0.026494338548956983,0.11799476343280552,0.045000000682193786,ok,1.6993791258616944,-1.667645600402603,-1.7408516971280812,-1.8115663409075313,-1.7381472354088419,1.794984423191927,1.1776007387609309,0.004847993978796847,-0.007474161823059618,-0.015382423929561712,0.012267174884224604,-0.012296511046525772,0.018135400233424217,-0.0029880529159497828,0.7524812480354578,0.8362546791890885
7.789999999999878,0.6018765264304694,-0.19858007497372734,0.021160038534439082,0.02638869710828018,0.11799031670787542,0.04283299858798273,ok,1.6994276058014823,-1.6677203420208335,-1.7410055213673767,-1.811443669158689,-1.7382702005193071,1.7951657771942613,1.1775708582317714,0.004793743459274631,-0.007442349647040653,-0.015313190382641622,0.01216498384539331,-0.012249136164574287,0.018051355607489054,-0.0029561368627169108,0.7543584739056235,0.8380941162519023
7.799999999999878,0.6018908242447708,-0.19859515368499225,0.021065734667766803,0.026283475169919898,0.11798587028654195,0.18020900097326376,ok,1.699475543236075,-1.667794765517304,-1.7411586532712031,-1.811322019320235,-1.738392691880953,1.7953462907503361,1.1775412968631442,0.004739925724058005,-0.007410675052740144,-0.015244301103878687,0.012063527641123197,-0.012201972983205979,0.017967718119553694,-0.0029244764679866603,0.7562362714772273,0.8399340795647313
7.809999999999878,0.6019049368912154,-0.1986101185976252,0.020971868339376323,0.026178671116314906,0.1179814243299047,0.1429999992978992,ok,1.6995229424933156,-1.6678688722678314,-1.741311096282242,-1.811201384043824,-1.738514711610785,1.7955259679315316,1.1775120520984643,0.004686537534894701,-0.0073791374234539985,-0.015175754104122098,0.011962801087881138,-0.01215502014868955,0.01788448571916915,-0.0028930697939805825,0.7581146366137105,0.8417745666081347
7.819999999999878,0.6019188659727734,-0.19862497050946604,0.020878437386793416,0.026074283335313267,0.11797697899663909,0.13395899986790027,ok,1.6995698078686645,-1.667942663642066,-1.7414628538232833,-1.811081756032945,-1.738636261812272,1.7957048127887234,1.1774831214005246,0.004633575677888305,-0.007347736145382216,-0.015107547408022457,0.011862799039307266,-0.01210827632043907,0.017801656366005215,-0.002861914917588887,0.7599935652177015,0.8436155748790563
7.8299999999998775,0.6019326130792644,-0.1986397102126406,0.020785439659232102,0.025970310220168644,0.11797253444302537,0.09608399886928964,ok,1.6996161436254433,-1.66801614100352,-1.7416139292973636,-1.810963128042552,-1.7387573445754763,1.7958828293523834,1.1774545022513487,0.004581036963318563,-0.007316470607606808,-0.015039679053920405,0.011763516385966316,-0.012061740170840456,0.017719228029814182,-0.0028310099302713684,0.7618730532305755,0.845457101890687
7.839999999999877,0.6019461797874665,-0.19865433849360464,0.02069287301752494,0.025866750169533007,0.11796809082298079,0.22012499903212301,ok,1.6996619539950766,-1.668089305709596,-1.7417643260879028,-1.8108454928786923,-1.7388779619771846,1.7960600216326816,1.177426192152046,0.0045289182254594496,-0.007285340202082674,-0.014972147093735023,0.011664948055076582,-0.012015410385105523,0.01763719869041224,-0.002800352937939976,0.7637530966320211,0.8472991451723316
7.849999999999877,0.6019595676612295,-0.1986688561331876,0.02060073533405335,0.02576360158745184,0.11796364828808974,0.15224999879137613,ok,1.6997072431773312,-1.668162159111617,-1.7419140475588402,-1.8107288433981417,-1.7389981160810357,1.7962363936195858,1.1773981886226665,0.004477216322402221,-0.007254344323630938,-0.014904949592841167,0.011567089010263926,-0.011969285661104155,0.01755556633761447,-0.0027699420608618144,0.7656336914396106,0.849141702269274
7.859999999999877,0.6019727782515829,-0.19868326390663468,0.020509024492679384,0.025660862883359104,0.11795920698763297,0.0848340005177306,ok,1.6997520153405552,-1.6682347025548532,-1.7420630970547686,-1.810613172508039,-1.7391178089376467,1.796411949282962,1.177370489202058,0.0044259281358712006,-0.007223482369916094,-0.014838084629970225,0.011469934251293203,-0.011923364709224263,0.017474328971227106,-0.0027397754335446826,0.7675148337083769,0.850984770742646
7.869999999999877,0.6019858130968447,-0.1986975625836503,0.02041773838867697,0.025558532472069614,0.11795476706861815,0.08295800034829881,ok,1.699796274621914,-1.6683069373785524,-1.7422114779010682,-1.810498473165526,-1.739237042584739,1.7965866925726743,1.1773430914477225,0.004375050571050754,-0.007192753741477451,-0.014771550297068753,0.011373478813829526,-0.01187764625223442,0.017393484600959335,-0.002709851204636323,0.7693965195303959,0.8528283481692966
7.879999999999876,0.6019986737227291,-0.19871175292844007,0.02032687492866428,0.025456608773774196,0.11795032867580839,0.050833001296268776,ok,1.6998400251276244,-1.6683788649159672,-1.742359193404039,-1.8103847383773877,-1.7393558190472613,1.796760627418684,1.1773159929356762,0.004324580556404122,-0.007162157841687523,-0.014705344699208395,0.011277717769172118,-0.011832129025123627,0.017313031246419516,-0.0026801675368324624,0.7712787450343727,0.854672432141663
7.889999999999876,0.6020113616424538,-0.1987258356997523,0.020236432030535878,0.025355090214032667,0.11794589195175201,0.16374999904655851,ok,1.6998832709331886,-1.668450486494384,-1.742506246851031,-1.810271961199696,-1.7394741403375125,1.7969337577311482,1.1772891912603078,0.004274515043511767,-0.007131694076705731,-0.014639465954495532,0.011182646224013347,-0.011786811774912271,0.01723296693709877,-0.0026507226067469707,0.7731615063852346,0.8565170202676416
7.899999999999876,0.6020238783568451,-0.19873981165092078,0.020146407623395923,0.025253975223767093,0.11794145703680962,0.13445900003716815,ok,1.6999260160836236,-1.6685218034351512,-1.742652641510576,-1.8101601347374559,-1.7395920084552616,1.7971060874005191,1.1772626840342404,0.004224851006882148,-0.007101361855552947,-0.014573912193913904,0.011088259320184644,-0.011741693260591272,0.01715328971226424,-0.0026215146048317647,0.7750447997837284,0.8583621101704624
7.909999999999876,0.6020362253544429,-0.1987536815299046,0.020056799647491227,0.025153262239255354,0.11793702406918374,0.09462500020163134,ok,1.6999682645936924,-1.6685928170537068,-1.7427983806325151,-1.810049252144254,-1.7397094253878675,1.7972776202976417,1.177236468888192,0.004175585443785716,-0.007071160590044809,-0.014508681561247336,0.010994552234409406,-0.011696772252915624,0.017073997620964954,-0.002592541735273049,0.7769286214660224,0.8602076994885625
7.919999999999876,0.6020484041116041,-0.19876744607933008,0.01996760605414516,0.025052949702123527,0.11793259318494487,0.07354099943768233,ok,1.7000100204481303,-1.6686635286596072,-1.7429434674481277,-1.8099393066219098,-1.7398263931103968,1.7974483602738514,1.1772105434708393,0.00412671537408722,-0.00704108969478114,-0.01444377221297679,0.010901520178053584,-0.011652047534285741,0.016995088721996343,-0.002563802215872112,0.7788129677033142,0.8620537858754623
7.929999999999875,0.6020604160926067,-0.19878110603653112,0.019878824805691905,0.024953036059339136,0.11792816451806114,0.20591700013028458,ok,1.7000512876018712,-1.668733939556555,-1.7430879051702575,-1.8098302914201292,-1.7399429135857396,1.7976183111610713,1.1771849054486805,0.004078237840065576,-0.007011148587159244,-0.01437918231815941,0.01080915839687983,-0.01160751789860784,0.016916561083839453,-0.0025352942779629886,0.7806978348014428,0.8639003669996427
7.939999999999875,0.6020722627497512,-0.19879466213358934,0.01979045387541062,0.024853519763203963,0.11792373820042343,0.10016600026574451,ok,1.7000920699802717,-1.6688040510424267,-1.7432316969934392,-1.8097221998361603,-1.7400589887647258,1.7977874767719098,1.1771595525059009,0.004030149906256975,-0.006981336687345436,-0.014314910058332006,0.010717462170810278,-0.011563182151151371,0.016838412784628352,-0.0025070161663061923,0.7825832191005061,0.8657474405444227
7.949999999999875,0.6020839455234608,-0.19880811509737373,0.019702491247461346,0.024754399271346053,0.1179193143618729,0.08791599975666031,ok,1.7001323714793344,-1.6688738644093002,-1.7433748460940224,-1.8096150252144523,-1.7401746205862372,1.7979558608997561,1.1771344823442378,0.0039824486592843905,-0.006951653418255673,-0.014250953627416811,0.010626426813682222,-0.011519039108401501,0.016760641912127772,-0.0024789661389801147,0.7844691169744822,0.867595004207839
7.959999999999875,0.6020954658423842,-0.19882146564958136,0.019614934916819204,0.02465567304671261,0.11791489313022764,0.12945799971930683,ok,1.7001721959659273,-1.6689433809434828,-1.7435173556302965,-1.8095087609463154,-1.7402898109773213,1.7981234673188773,1.177109692682848,0.003935131207679862,-0.006922098205582525,-0.01418731123159262,0.010536047672996266,-0.011475087597962572,0.01668324656365713,-0.0024511424672997843,0.7863555248308559,0.8694430557025264
7.9699999999998745,0.6021068251234919,-0.1988347145067752,0.019527782889210962,0.024557339557560568,0.11791047463130806,0.09454199971514754,ok,1.7002115472780042,-1.6690126019255387,-1.7436592287426125,-1.8094034004695854,-1.7404045618533008,1.7982902997845138,1.1770851812581749,0.0038881946817288576,-0.006892670477731156,-0.014123981089231673,0.010446320129683696,-0.011431326458384414,0.016606224846107603,-0.002423543435696228,0.7882424391102508,0.8712915927556003
7.979999999999874,0.6021180247721769,-0.198847862380424,0.01944103318105142,0.024459397277451,0.11790605898896304,0.19004199930350296,ok,1.7002504292248215,-1.669081528630316,-1.743800468553505,-1.8092989372682886,-1.7405188751178846,1.798456362032975,1.177060945823818,0.0038416362333110765,-0.0068633696658515955,-0.014060961430761552,0.010357239597882022,-0.011387754539043888,0.016529574875833383,-0.002396167341644912,0.7901298562860645,0.8731406131085385
7.989999999999874,0.6021290661823517,-0.19886090997694128,0.019354683819379492,0.024361844685238502,0.11790164632509553,0.1330839986621868,ok,1.7002888455871545,-1.6691501623269744,-1.7439410781678124,-1.8091953648723098,-1.740632752663275,1.7986216577817333,1.1770369841504016,0.0037954530357261376,-0.006834195203797185,-0.013998250498598108,0.010268801524671552,-0.011344370700029747,0.01645329477867472,-0.002369012495536042,0.7920177728641082,0.8749901145170654
7.999999999999874,0.6021399507365449,-0.19887385799772242,0.019268732841795422,0.024264680265064852,0.11789723675968705,0.09833299918682314,ok,1.7003268001175118,-1.6692185042790124,-1.7440810606727983,-1.809092676857063,-1.7407461963702753,1.7987861907295202,1.1770132940254463,0.003749642283537578,-0.006805146528123845,-0.013935846547032484,0.010181001389861617,-0.011301173811988238,0.016377382689891418,-0.002342077220614312,0.7939061853822529,0.8768400947510385
8.009999999999874,0.602150679805997,-0.19888670713918327,0.019183178296398554,0.02416790250634964,0.11789283041082257,0.07054199886624701,ok,1.7003642965403472,-1.6692865557442937,-1.7442204191382686,-1.8089908668431645,-1.7408592081083951,1.798949964556419,1.1769898732532402,0.0037042011924058884,-0.0067762230780884945,-0.013873747842129984,0.010093834705741806,-0.01125816275602835,0.016301836754121102,-0.0023153598528469557,0.7957950904100775,0.8786905515943327
8.019999999999873,0.6021612547507557,-0.19889945809279888,0.01909801824172451,0.024071509903780024,0.11788842739471615,0.046542001655325294,ok,1.7004013385522712,-1.6693543179750747,-1.7443591566166898,-1.808889928496107,-1.7409717897359553,1.7991129829239603,1.1769667196547118,0.0036591269989417682,-0.00674742429561784,-0.013811952661643668,0.01000729701686284,-0.011215336423569951,0.0162266551253419,-0.0022888587408577826,0.7976844845485227,0.8805414828447291
8.029999999999873,0.6021716769197701,-0.1989121115451391,0.019013250746684127,0.02397550095730548,0.11788402782573285,0.04350000017439015,ok,1.7004379298222605,-1.669421792218031,-1.7444972761433062,-1.8087898555259385,-1.741083943100191,1.7992752494752138,1.1769438310673033,0.0036144169605334666,-0.006718749625302565,-0.013750459294921602,0.009921383899794583,-0.01117269371622787,0.01615183596685272,-0.0022625722458131355,0.7995743644295483,0.882392886313803
8.039999999999873,0.6021819476509844,-0.19892466817790735,0.018928873890501352,0.023879874172124865,0.11787963181641503,0.1694999991741497,ok,1.7004740739918658,-1.669488979714284,-1.7446347807362554,-1.8086906416869406,-1.7411956700373532,1.7994367678348824,1.1769212053448452,0.0035700683551982194,-0.006690198514391487,-0.01368926604280217,0.009836090962902022,-0.011130233545699605,0.01607737745120507,-0.002236498741338515,0.8014647267157954,0.884244759826813
8.049999999999873,0.6021920682714296,-0.19893712866797605,0.018844885762653044,0.02378462805868067,0.11787523947750378,0.1976670009753434,ok,1.7005097746754179,-1.6695558816994278,-1.7447716733966834,-1.8085922807773116,-1.7413069723728103,1.7995975416093943,1.1768988403574319,0.0035260784814180194,-0.006661770412776994,-0.013628371217526759,0.009751413846111438,-0.011087954833641262,0.01600327776018472,-0.002210636613414377,0.8033555681002532,0.8860971012225931
8.059999999999873,0.6022020400973159,-0.19894949368742418,0.01876128446280778,0.02368976113264749,0.11787085091796312,0.12820799929613713,ok,1.700545035460232,-1.6696224994035556,-1.7449079571088586,-1.8084947666388504,-1.7414178519211467,1.7997575743869962,1.1768767339912978,0.003482444657997797,-0.006633464772965954,-0.013567773142657613,0.00966734822069465,-0.011045856511529083,0.015929535084774633,-0.0021849842602992,0.8052468853059279,0.8879499083534426
8.069999999999872,0.6022118644341239,-0.19896176390357273,0.01867806810076543,0.0235952719149241,0.1178664662450034,0.07304099926841445,ok,1.700579859906812,-1.6696888340512852,-1.7450436348402851,-1.8083980931566435,-1.741528310486262,1.799916869737844,1.1768548841486948,0.0034391642238921533,-0.006605281050104218,-0.013507470152961908,0.009583889789026759,-0.011003937520588005,0.015856147625089717,-0.0021595400924192118,0.807138675085518,0.8898031790850198
8.079999999999872,0.6022215425766935,-0.19897393997902116,0.018595234796398075,0.023501158931622555,0.1178620855641031,0.24437499996565748,ok,1.700614251549051,-1.6697548868617862,-1.7451787095418148,-1.8083022542587532,-1.7416383498614678,1.800075431214095,1.1768332887477706,0.0033962345380736127,-0.006577218701904313,-0.01344746059436099,0.009501034284379062,-0.010962196811608989,0.0157831135903904,-0.0021343025322840916,0.809030934221092,0.8916569112962359
8.089999999999872,0.6022310758093153,-0.19898602257168277,0.018512782679590112,0.023407420714060406,0.11785770897903161,0.20770800074387807,ok,1.7006482138944317,-1.6698206590488052,-1.7453131841477583,-1.8082072439159094,-1.7417479718295839,1.8002332623499988,1.1768119457224477,0.003353652979358389,-0.006549277188715506,-0.01338774282378781,0.009418777470683076,-0.010920633344913196,0.01571043119896934,-0.0021092700144055097,0.810923659523771,0.8935111028791493
8.099999999999872,0.6022404654058167,-0.19899801233482006,0.018430709890178865,0.023314055798748477,0.11785333659187112,0.1077920005627675,ok,1.7006817504242253,-1.6698861518206922,-1.745447061575996,-1.8081130561412024,-1.741857178163033,1.8003903666619885,1.1767908530223037,0.003311416946279905,-0.006521455973409124,-0.013328315209165801,0.009337115142318607,-0.010879246090159023,0.01563809867820544,-0.0020844409851836507,0.8128168478334146,0.8953657517388617
8.109999999999872,0.6022497126296514,-0.19900990991707948,0.018349014577896464,0.02322106272738381,0.11784896850303875,0.046709001253475435,ok,1.700714864593688,-1.6699513663804264,-1.7455803447280878,-1.8080196849897792,-1.7419659706239345,1.8005467476487704,1.176770008612452,0.0032695238569145327,-0.006493754521468388,-0.013269176129251265,0.00925604312388733,-0.01083803402630083,0.015566114264432069,-0.00205981390284029,0.8147104960183108,0.897220855793415
8.119999999999871,0.602258818733986,-0.199021715962527,0.01826769490231135,0.02312844004683717,0.11784460481130778,0.04425000042829197,ok,1.7007475598322572,-1.670016303925641,-1.7457130364893803,-1.8079271245585402,-1.7420743509641976,1.8007024087914147,1.1767494104734235,0.0032279711487498424,-0.006466172300919427,-0.013210323973586544,0.009175557270000072,-0.010796996141444559,0.015494476202945825,-0.002035387237323242,0.81660460097487,0.8990764129736887
8.129999999999871,0.6022677849617861,-0.19903343111068159,0.018186749032769997,0.023036186309144873,0.11784024561382932,0.14641699999629054,ok,1.7007798395437448,-1.6700809656486502,-1.7458451397291161,-1.8078353689858402,-1.742182320925612,1.8008573535534442,1.1767290566010502,0.003186756278531572,-0.006438708782296823,-0.013151757142430205,0.009095653465051494,-0.010756131432722213,0.01542318274799954,-0.0020111594701992374,0.8184991596273218,0.9009324212232986
8.139999999999871,0.6022766125459013,-0.19904505599655017,0.0181061751483398,0.022944300071496886,0.1178358910061522,0.20887500068056397,ok,1.70081170710653,-1.6701453527364731,-1.7459766573005404,-1.8077444124511897,-1.7422898822399393,1.8010115853809243,1.1767089450063482,0.003145876722114684,-0.006411363438707343,-0.013093474046617355,0.00901632762301566,-0.010715438906237535,0.015352232162678224,-0.001987129094597711,0.8203941689274167,0.9027888784984978
8.14999999999987,0.6022853027091507,-0.19905659125066144,0.018025971437751254,0.02285277989622737,0.11783154108224514,0.11074999929405749,ok,1.7008431658737513,-1.6702094663708602,-1.7461075920410065,-1.8076542491749594,-1.7423970366290016,1.801165107702551,1.176689073715402,0.003105329974321896,-0.006384135745725112,-0.013035473107538397,0.008937575687217984,-0.010674917576896802,0.015281622718958325,-0.0019632946150915263,0.8222896258541309,0.9046457827680753
8.15999999999987,0.6022938566644069,-0.199068037499099,0.01794613609934148,0.022761624350804255,0.11782719593451665,0.09854199925030116,ok,1.7008742191734945,-1.6702733077283174,-1.7462379467720819,-1.8075648734180871,-1.7425037858047705,1.8013179239297405,1.1766694407692513,0.003065113548798049,-0.006357025181453049,-0.012977752757007374,0.008859393630138067,-0.010634566468351167,0.015211352697590852,-0.0019396545476351738,0.8241855274133747,0.9065031320132596
8.16999999999987,0.602302275614678,-0.19907939536353508,0.01786666734099787,0.022670832007818203,0.11782285565383492,0.19862499902956188,ok,1.7009048703089824,-1.670336877980132,-1.746367724299652,-1.8074762794817858,-1.742610131469454,1.8014700374567165,1.1766500442237748,0.0030252249778593495,-0.006330031226490796,-0.012920311437193539,0.008781777453181585,-0.010594384612894732,0.015141420388094027,-0.0019162074194648687,0.8260818706377036,0.9083609242276197
8.17999999999987,0.6023105607531917,-0.19909066546126392,0.017787563380101665,0.02258040144497272,0.11781852032954782,0.1131249991885852,ok,1.700935122558761,-1.670400178292397,-1.746496927414024,-1.807388461707254,-1.742716075315583,1.8016214516605975,1.1766308821495801,0.0029856618123686274,-0.006303153363874728,-0.012863147600564373,0.008704723186484978,-0.010554371051307479,0.015071824088737277,-0.0018929517690105277,0.8279786525860348,0.9102191574169706
8.18999999999987,0.6023187132634757,-0.19910184840523437,0.0177088224434723,0.022490331245072256,0.11781419004950275,0.07299999924725853,ok,1.7009649791768846,-1.6704632098260357,-1.7466255588900297,-1.8073014144753892,-1.7428216190260961,1.8017721699014848,1.1766119526318901,0.002946421621574048,-0.006276391079141643,-0.012806259709766388,0.008628226888697832,-0.010514524832830125,0.015002562106458835,-0.0018698861458220865,0.8298758703433651,0.9120778295992743
8.19999999999987,0.6023267343194402,-0.1991129448040819,0.017630442767311988,0.02240061999601289,0.11780986490006642,0.07441700108756777,ok,1.7009944433931004,-1.6705259737368272,-1.7467536214871273,-1.8072151322065022,-1.7429267642744244,1.8019221955225495,1.176593253770432,0.002907501992979842,-0.006249743860253892,-0.012749646237571858,0.008552284646774622,-0.010474845015006317,0.014933632756861926,-0.0018470091104754599,0.831773521020494,0.9139369388045496
8.20999999999987,0.6023346250854562,-0.19912395526216212,0.017552422597150175,0.02231126629076867,0.11780554496614389,0.04662500032281969,ok,1.7010235184130302,-1.6705884711754297,-1.746881117949503,-1.8071296093600344,-1.7430315127245744,1.8020715318501181,1.1765747836793272,0.002868900532205202,-0.006223211197627031,-0.012693305666783507,0.008476892575775203,-0.01043533066362106,0.014865034364151751,-0.0018243192344876563,0.833671601753749,0.9157964830747743
8.21999999999987,0.6023423867164374,-0.19913488037958169,0.017474760187789776,0.02222226872738382,0.11780123033119712,0.04337499922257848,ok,1.7010522074183523,-1.670650703287406,-1.7470080510061707,-1.8070448404342767,-1.7431358660312106,1.8022201821937596,1.1765565404869824,0.0028306148628459795,-0.006196792584093022,-0.012637236490166416,0.00840204681865815,-0.0103959808525803,0.014796765261116503,-0.0018018151002486085,0.8355701097047139,0.917656460463795
8.229999999999869,0.6023500203579172,-0.19914572075223078,0.017397453803251944,0.022133625908959696,0.11779692107726361,0.16862499978742562,ok,1.7010805135669806,-1.670712671213247,-1.7471344233710724,-1.80696081996609,-1.7432398258397364,1.8023681498463708,1.1765385223359799,0.0027926426263327067,-0.0061704875149025794,-0.012581437210365502,0.008327743546067409,-0.010356794663841797,0.014728823789079352,-0.0017794953009099457,0.8374690420599618,0.919516869037233
8.239999999999869,0.6023575271461283,-0.19915647697181416,0.017320501716722544,0.022045336443643298,0.11779261728497573,0.13170799866202287,ok,1.701108439993244,-1.670774376088396,-1.747260237743176,-1.8068775425306294,-1.7433433937863747,1.8025154380842616,1.1765207273829708,0.0027549814818038647,-0.006144295487693788,-0.012525906339833177,0.008253978956147892,-0.010317771187282988,0.014661208297868017,-0.0017573584403333996,0.83936839603079,0.9213777068723951
8.249999999999869,0.6023649082080794,-0.1991671496258828,0.017243902210498,0.0219573989446169,0.11778831903357864,0.07133299914130475,ok,1.701135989808062,-1.6708358190432728,-1.7473854968065745,-1.806795002741068,-1.7434465714982474,1.8026620501672403,1.1765031537985675,0.0027176291059646802,-0.0061182160024782365,-0.012470642400758333,0.008180749274332032,-0.010278909520622688,0.014593917145785928,-0.0017354031329904185,0.8412681688529592,0.9232389720581821
8.259999999999868,0.6023721646616326,-0.19917773929786498,0.017167653575932765,0.02186981203008665,0.11778402640094754,0.15145799989113584,ok,1.7011631660991218,-1.6708970012032975,-1.747510203230582,-1.8067131952483246,-1.7435493605934538,1.8028079893386981,1.1764857997672376,0.002680583192946702,-0.006092248561690154,-0.012415643924952455,0.008108050753141456,-0.010240208769380275,0.014526948699514137,-0.0017136280038821167,0.8431683577864343,0.9251006626949988
8.269999999999868,0.6023792976155784,-0.19918824656709655,0.017091754113385274,0.02178257432326888,0.11777973946360654,0.22779200116929132,ok,1.7011899719310513,-1.6709579236889145,-1.7476343596698316,-1.8066321147407933,-1.7436517626811476,1.8029532588256934,1.1764686634871988,0.002643841454189807,-0.0060663926700693345,-0.012360909453839086,0.008035879671995427,-0.010201668046694643,0.01446030133417427,-0.0016920316884630527,0.8450689601151302,0.9269627768946677
8.279999999999868,0.6023863081697136,-0.19919867200885213,0.017016202132166064,0.021695684452382288,0.11777545829674563,0.0927500004763715,ok,1.7012164103455931,-1.6710185876156152,-1.74775796876437,-1.8065517559440734,-1.7437537793616147,1.8030978618390352,1.176451743170314,0.002607401618293016,-0.00604064783474595,-0.012306437538316433,0.007964232337007084,-0.010163286473309708,0.014393973433192675,-0.001670612832565991,0.8469699731466589,0.9288253127803378
8.289999999999868,0.6023931974149136,-0.1992090161943747,0.016940995950485357,0.021609141050633093,0.11777118297423833,0.07766700036881957,ok,1.701242484361776,-1.6710789940939625,-1.7478810331397532,-1.8064721136207034,-1.7438554122263479,1.803241801573367,1.1764350370419885,0.0025712614308959505,-0.006015013565163743,-0.012252226738728438,0.007893105080794627,-0.010125063177441851,0.014327963388332147,-0.0016493700923103775,0.8488713942120808,0.930688268486401
8.299999999999867,0.6023999664332078,-0.19921927969090608,0.01686613389540058,0.02152294275620466,0.11776691356865815,0.04491599975153804,ok,1.701268196976085,-1.6711391442296142,-1.7480035554071405,-1.8063931825698953,-1.7439566628581222,1.8033850812072505,1.1764185433410654,0.002535418654541916,-0.005989489373092935,-0.012198275624772598,0.007822494262280282,-0.01008699729471452,0.01426226959962031,-0.0016283021340346665,0.8507732206656585,0.9325516421584034
8.309999999999867,0.6024066162978532,-0.19922946306171677,0.016791614302765254,0.02143708821224479,0.11776265015129642,0.04279200038581621,ok,1.7012935511626304,-1.671199039123345,-1.7481255381633882,-1.8063149576272726,-1.7440575328310695,1.8035277039032467,1.176402260319725,0.0024998710685485235,-0.0059640747726301705,-0.012144582775420312,0.007752396266502954,-0.01004908796807563,0.014196890475308982,-0.0016074076342068064,0.8526754498846142,0.9344154319529615
8.319999999999867,0.6024131480734072,-0.19923956686613517,0.01671743551717754,0.021351576066855706,0.11775839279217878,0.2736249989538919,ok,1.7013185498733159,-1.6712586798710714,-1.7482469839911425,-1.8062374336646074,-1.7441580237107501,1.8036696728079997,1.176386186243383,0.00246461646888439,-0.0059387692801601485,-0.012091146778867268,0.007682807504428221,-0.010011334347691728,0.014131824431858325,-0.0015866852793595876,0.8545780792688876,0.9362796360376767
8.329999999999867,0.6024195628157993,-0.19924959165957704,0.016643595891928847,0.021266404973079606,0.1177541415600809,0.2054169999610167,ok,1.7013431960380048,-1.671318067563873,-1.7483678954589312,-1.8061606055895632,-1.744258137054227,1.8038109910523183,1.1763703193905894,0.0024296526680354638,-0.005913572414353416,-0.012037966232442318,0.007613724412750134,-0.009973735590880866,0.014067069893877978,-0.0015661337660046318,0.856481106240901,0.938144252591052
8.339999999999867,0.6024258615724039,-0.19925953799357496,0.016570093788954007,0.02118157358888845,0.11774989652254558,0.1015839989122469,ok,1.7013674925646851,-1.6713772032880165,-1.7484882751212556,-1.8060844683454356,-1.7443578744101358,1.8039516617512572,1.1763546580529294,0.002394977494881078,-0.005888483696155143,-0.011985039742555957,0.0075451434537102515,-0.009936290862019677,0.014002625294116671,-0.0015457518005531524,0.858384528245323,0.9400092798024088
8.349999999999866,0.6024320453821093,-0.19926940641580626,0.016496927578779616,0.021097080577170597,0.1177456577458989,0.1188749993161764,ok,1.701391442339634,-1.6714360881249781,-1.7486081255186812,-1.8060090169108984,-1.744457237318756,1.8040916880041984,1.1763392005349238,0.002360588794567669,-0.00586350264877945,-0.011932365924609905,0.0074770611149066,-0.009898999332475567,0.013938489073390374,-0.0015255380992515847,0.860288342748837,0.9418747158718047
8.359999999999866,0.6024381152753906,-0.1992791974701228,0.01642409564047556,0.021012924605720174,0.11774142529526554,0.1781249993655365,ok,1.7014150482275796,-1.6714947231514659,-1.7487274491779272,-1.8059342462997494,-1.7445562273120807,1.8042310728949322,1.1763239451539313,0.0023264844283865382,-0.005838628797692748,-0.011879943402939928,0.007409473909110657,-0.00986186018051716,0.013874659680559894,-0.001505491388093932,0.8621925472399125,0.9437405590099514
8.369999999999866,0.6024440722743775,-0.1992889116965784,0.01635159636160391,0.02092910434722253,0.1177371992345845,0.08916700062400196,ok,1.7014383130718636,-1.6715531094394427,-1.7488462486119567,-1.8058601515606583,-1.744654845913886,1.804369819491738,1.1763088902400505,0.0022926622736471106,-0.0058138616705952885,-0.011827770810749188,0.007342378374077692,-0.009824872591235555,0.013811135572503023,-0.0014856104027513618,0.8640971392285784,0.9456068074381357
8.379999999999866,0.6024499173929242,-0.1992985496314574,0.01627942813817039,0.02084561847924445,0.11773297962662484,0.09237500125891529,ok,1.7014612396946,-1.6716112480561487,-1.7489645263200642,-1.8057867277769175,-1.7447530946397984,1.804507930847463,1.176294034136023,0.002259120223553502,-0.0057892007974127795,-0.011775846790037457,0.00727577107236631,-0.009788035756458442,0.01374791521407156,-0.0014658938885032315,0.8660021162461999,0.9474734593881374
8.389999999999866,0.6024556516366778,-0.19930811180730232,0.016207589374575296,0.02076246568422095,0.11772876653300123,0.0743750006222399,ok,1.7014838308968356,-1.6716691400641228,-1.7490822847879646,-1.805713970066194,-1.744850974997363,1.8046454099996037,1.176279375197138,0.0022258561870867376,-0.005764645710298324,-0.011724169991525252,0.007209648591158869,-0.009751348874692017,0.013684997078034554,-0.0014463406001558857,0.867907475845257,0.9493405131021514
8.399999999999865,0.6024612760031463,-0.1993175987529426,0.016136078483563868,0.020679644649440537,0.117724560014188,0.04562499998428393,ok,1.7015060894587064,-1.6717267865212257,-1.74919952648788,-1.8056418735802824,-1.74494848848611,1.804782259970384,1.1762649117911366,0.002192868088877602,-0.005740195943597106,-0.011672739074605384,0.007144007542069071,-0.009714811151033127,0.013622379645075051,-0.0014269493019687632,0.8698132155991257,0.9512079668327081
8.409999999999865,0.602466791481766,-0.1993270109935204,0.01606489388617903,0.020597154067037153,0.11772036012953577,0.04308300049160607,ok,1.701528018139595,-1.6717841884806617,-1.749316253878626,-1.8055704335048617,-1.7450456365976204,1.8049184837668348,1.176250642298117,0.0021601538690926713,-0.005715851033840826,-0.011621552707269618,0.007078844560976785,-0.009678421797077221,0.013560061403740406,-0.0014077187675847198,0.8717193331018634,0.9530758188425971
8.419999999999865,0.6024721990539682,-0.19933634905051906,0.01599403401171233,0.020514992633973602,0.11771616693728419,0.20983300055377185,ok,1.701549619678286,-1.671841346991,-1.7494324694056986,-1.805499645059252,-1.7451424208155912,1.8050540843808722,1.1762365651104412,0.002127711483313151,-0.005691610519754266,-0.01157060956603004,0.007014156307841187,-0.009642180030878682,0.013498040850379955,-0.0013886477799559056,0.8736258259679944,0.9549440674047883
8.429999999999865,0.6024774996932449,-0.1993456134417896,0.01592349729765645,0.020433159052031392,0.11771198049457768,0.11366699982318096,ok,1.7015708967931191,-1.6718982630961976,-1.7495481755013589,-1.8054295034961736,-1.7452388426159,1.805189064789376,1.1762226786326415,0.0020955389024138577,-0.00566747394223004,-0.011519908335868061,0.006949939466526274,-0.009606085076853843,0.013436316489136001,-0.0013697351312841255,0.8755326918323003,0.9568127108023573
8.439999999999864,0.6024826943652151,-0.19935480468157818,0.01585328218965773,0.020351652027796728,0.11770780085747994,0.10450000081618782,ok,1.7015918521821434,-1.67195493783562,-1.7496633745847177,-1.8053600041015083,-1.7453349034666685,1.8053234279542674,1.1762089812813288,0.0020636341124513308,-0.0056434408442957084,-0.011469447710182424,0.0068861907446223,-0.009570136165701912,0.013374886831921317,-0.0013509796229231473,0.8774399283496105,0.9586817473284083
8.449999999999864,0.6024877840276897,-0.19936392328055194,0.015783387141468985,0.020270470272648975,0.1177036280809869,0.050749998990795575,ok,1.701612488523268,-1.672011372244063,-1.7497780690618194,-1.805291142194062,-1.7454306048283255,1.8054571768225867,1.1761954714850995,0.0020319951145363717,-0.005619510771159342,-0.011419226390683756,0.006822906873269402,-0.009534332534371246,0.013313750398322334,-0.0013323800653340743,0.879347533194597,0.9605511752859993
8.459999999999864,0.6024927696307354,-0.19937296974582622,0.01571381061490222,0.020189612502746954,0.1176994622190422,0.043125000956933945,ok,1.7016328084744132,-1.6720675673517746,-1.7498922613257262,-1.8052229131253295,-1.7455259481536691,1.80559031432657,1.176182147684446,0.0020006199247335726,-0.005595683270137923,-0.011369243087377237,0.006760084606993531,-0.009498673425938266,0.013252905715625476,-0.0013139352780050296,0.8812555040615713,0.9624209929880684
8.469999999999864,0.6024976521167391,-0.1993819445809896,0.015644551079782312,0.020109077439016645,0.1176953033245499,0.18474999887985177,ok,1.7016528146736605,-1.672123524184476,-1.7500059537566,-1.8051553122792596,-1.7456209348879286,1.8057228433837262,1.176169008331666,0.0019695065739346504,-0.005571957890683513,-0.011319496518473113,0.006697720723523431,-0.009463158089580332,0.013192351318745703,-0.0012956440893746627,0.8831638386642825,0.9642911987573598
8.479999999999864,0.6025024324204713,-0.19939084828613113,0.015575607013900733,0.020028863807138378,0.11769115144938874,0.09354200119560119,ok,1.7016725097393999,-1.672179243763383,-1.7501191487217846,-1.8050883350720244,-1.7457155664688244,1.8058547668969136,1.1761560518907723,0.0019386531077515538,-0.0055483341843283445,-0.011269985410350302,0.006635812023620764,-0.009427785780463075,0.013132085750225243,-0.001277505336768749,0.8850725347357193,0.9661617909263506
8.489999999999863,0.602507111469148,-0.19939968135786537,0.015506976902969066,0.01994897033753346,0.11768700664442482,0.08541600072931033,ok,1.7016918962704775,-1.6722347271052262,-1.750231848575888,-1.8050219769517881,-1.745809844326629,1.8059860877544158,1.1761432768374047,0.0019080575863931561,-0.005524811704770975,-0.011220708497436028,0.0065743553309194755,-0.0093925557597449,0.01307210756011207,-0.0012595178663468442,0.8869815900279134,0.9680327678371782
8.499999999999863,0.6025116901824943,-0.1994084442893578,0.01543865924057393,0.01986939576535204,0.11768286895952633,0.0452920012321556,ok,1.7017109768463414,-1.672289975222274,-1.7503440556608625,-1.804956233398479,-1.7459037698842264,1.806116808830017,1.1761306816587414,0.0018777180845716034,-0.005501390007713896,-0.01117166452224104,0.006513347491744157,-0.009357467294406202,0.013012415306059497,-0.001241680532996495,0.8888910023117456,0.9699041278415704
8.509999999999863,0.6025161694728046,-0.19941713757035112,0.015370652528130857,0.019790138830459686,0.11767873844357482,0.04266699943400454,ok,1.7017297540271872,-1.6723449891223512,-1.750455772306085,-1.8048910999235614,-1.7459973445571704,1.8062469329830777,1.1761182648534114,0.001847632691373238,-0.005478068650998234,-0.011122852235201952,0.006452785374956645,-0.00932251965727616,0.012953007553153284,-0.0012239922003106506,0.8908007693767533,0.9717758693007715
8.519999999999863,0.6025205502450052,-0.19942576168718942,0.015302955274839838,0.01971119827742481,0.11767461514447983,0.19058299949392676,ok,1.701748230354101,-1.672399769808861,-1.750567000828437,-1.8048265720698118,-1.7460905697537432,1.8063764630586092,1.1761060249314084,0.0018177995101505637,-0.005454847194519069,-0.011074270394677106,0.006392665871773173,-0.009287712126934886,0.012893882873956498,-0.0012064517404879343,0.8927108890309422,0.9736479905854741
8.529999999999863,0.6025248333967139,-0.19943431712284346,0.0152355659976397,0.01963257285550471,0.11767049910919042,0.12266699923202395,ok,1.7017664083492023,-1.6724543182808063,-1.750677743532384,-1.804762645411094,-1.7461834468750126,1.8065054018873488,1.1760939604140035,0.001788216658426391,-0.005431725200210281,-0.01102591776688132,0.006332985895616263,-0.00925304398762347,0.012835039848456093,-0.0011890580342748661,0.8946213591005973,0.9755204900757487
8.539999999999862,0.6025290198183003,-0.19944280435693568,0.015168483221164125,0.01955426131863375,0.11766639038370906,0.1087909986381419,ok,1.7017842905157865,-1.6725086355328083,-1.7507880027100526,-1.804699315552138,-1.7462759773148888,1.8066337522858333,1.1760820698336607,0.0017588822677677724,-0.005408702232061263,-0.010977793125811413,0.006273742381935372,-0.009218514529218598,0.012776477064015631,-0.0011718099709089125,0.896532177430099,0.9773933661609743
8.549999999999862,0.6025331103929455,-0.19945122386576428,0.015101705477696487,0.019476262425408807,0.11766228901310345,0.10562500028754584,ok,1.7018018793384642,-1.672562722555129,-1.7508977806413109,-1.8046365781283187,-1.746368162460181,1.8067615170564735,1.1760703517339517,0.0017297944836870698,-0.005385777856097561,-0.010929895253198067,0.006214932288054674,-0.009184123047153181,0.01271819311534653,-0.0011547064480376614,0.8984433418817398,0.9792666172397705
8.559999999999862,0.602537105996701,-0.19945957612232823,0.015035231307127417,0.019398574939077855,0.1176581950415173,0.08725000043341424,ok,1.7018191772833011,-1.6726165803336899,-1.7510070795938428,-1.8045744288054382,-1.7464600036906526,1.806888698987627,1.1760588046694713,0.001700951465536762,-0.005362951640353446,-0.010882222938453564,0.0061565525930097394,-0.009149868842341804,0.012660186604481967,-0.0011377463716636992,0.9003548503355424,0.9811402417199283
8.569999999999862,0.6025410074985472,-0.19946786159635094,0.014969059256909362,0.019321197627525443,0.11765410851218637,0.2012919994740514,ok,1.7018361867979566,-1.6726702098500934,-1.7511159018232274,-1.804512863279508,-1.746551502379076,1.8070153008536718,1.1760474272057546,0.001672351386393378,-0.005340223154902827,-0.010834774978590173,0.0060986002973847575,-0.009115751221154324,0.012602456140708155,-0.0011209286560871258,0.9022667006890827,0.983014238018345
8.579999999999862,0.602544815760452,-0.1994760807543044,0.01490318788201389,0.0192441292632597,0.1176500294674459,0.13741700058744755,ok,1.7018529103118205,-1.6727236120816424,-1.7512242495730133,-1.804451877276534,-1.7466426598912876,1.8071413254150788,1.1760362179191937,0.0016439924329643108,-0.005317591971783428,-0.010787550178203797,0.006041072423151174,-0.009081769495309835,0.01254500034058002,-0.001104252223818561,0.9041788908573113,0.9848886045609554
8.589999999999861,0.6025485316374273,-0.19948423405943277,0.014837615744888816,0.019167368623400315,0.11764595794874641,0.07287500011443626,ok,1.7018693502361502,-1.6727767880013602,-1.7513321250747953,-1.8043914665523026,-1.7467334775862406,1.8072667754184846,1.1760251753969555,0.001615872805473708,-0.005295057665051167,-0.01074054734937736,0.005983966013515958,-0.009047922981858818,0.012487817827834641,-0.001087716005535717,0.9060914187723789,0.986763339782666
8.599999999999861,0.602552155977587,-0.19949232197177663,0.014772341415414544,0.01909091448966352,0.11764189399666271,0.09574999967298936,ok,1.7018855089642049,-1.6728297385780106,-1.751439530548289,-1.8043316268921674,-1.7468239568160593,1.807391653596763,1.1760142982369002,0.0015879907175605995,-0.005272619810737038,-0.010693765311644099,0.005927278132758086,-0.009014211003103782,0.0124309072333832,-0.0010713189400149911,0.9080042823834654,0.988638442127291
8.60999999999986,0.6025556896222029,-0.1995003449481953,0.014707363470861864,0.019014765648350116,0.11763783765090711,0.17899999875226058,ok,1.7019013888713805,-1.672882464776118,-1.7515464682014055,-1.8042723541108399,-1.7469140989260903,1.8075159626690966,1.1760035850475001,0.0015603443961766375,-0.005250277986835956,-0.010647202891938311,0.005871005866075739,-0.00898063288654033,0.012374267195278768,-0.0010550599740622583,0.9099174796566066,0.9905139100474861
8.61999999999986,0.6025591334057604,-0.1995083034423912,0.014642680495849464,0.01893892089033101,0.11763378895033952,0.13625000065076165,ok,1.7019169923153423,-1.6729349675559864,-1.751652940230325,-1.8042136440521792,-1.7470039052549557,1.8076397053410493,1.1759930344477596,0.001532932081490706,-0.005228031773293496,-0.0106008589245319,0.005815146319435383,-0.008947187964797798,0.012317896358670487,-0.0010389380624591827,0.9118310085745277,0.9923897420046842
8.62999999999986,0.6025624881560153,-0.19951619790493233,0.014578291082302242,0.018863379011035682,0.11762974793298017,0.12458300079742912,ok,1.7019323216361573,-1.6729872478737193,-1.7517589488195702,-1.8041554925889849,-1.7470933771346038,1.807762884304636,1.175982645067135,0.0015057520267724275,-0.005205880752024256,-0.01055473225097066,0.005759696619408956,-0.008913875575602711,0.012261793375756136,-0.0010229521678968086,0.9137448671364744,0.9942659364690315
8.63999999999986,0.6025657546940478,-0.1995240287832749,0.014514193829408675,0.01878813881043717,0.11762571463601919,0.10308300079486798,ok,1.701947379156425,-1.6730393066812397,-1.75186449614208,-1.8040978956227909,-1.7471825158903598,1.8078855022383935,1.1759724155454558,0.0014788024983044613,-0.005183824506863103,-0.01050882172004284,0.005704653913032065,-0.00888069506169271,0.012205956905780968,-0.0010071012609152938,0.9156590533580503,0.9961424919193255
8.64999999999986,0.6025689338343173,-0.1995317965217869,0.014450387343579937,0.01871319909303884,0.11762168909582946,0.04549999903247226,ok,1.701962167181408,-1.6730911449263084,-1.7519695843592804,-1.8040408490836606,-1.7472713228409766,1.8080075618074514,1.1759623445328466,0.0014520817752714222,-0.005161862623599993,-0.010463126187694802,0.005650015367640186,-0.008847645770806224,0.012150385614955047,-0.000991384319845118,0.9175735652710514,0.9980194068429503
8.65999999999986,0.6025720263847165,-0.19953950156176933,0.014386870238408372,0.01863855866786255,0.1176176713479751,0.22004200036462862,ok,1.7019766879991607,-1.6731427635525444,-1.7520742156211573,-1.8039843489299843,-1.7473597992986847,1.8081290656636009,1.1759524306896483,0.0014255881496817934,-0.0051399946898866246,-0.010417644517032035,0.005595778170735528,-0.008814727055546293,0.012095078176491442,-0.0009758003307402706,0.919488400923307,0.9998966797358163
8.66999999999986,0.6025750331466254,-0.19954714434147966,0.014323641134626072,0.018564216348432847,0.11761366142722463,0.20058400150446687,ok,1.7019909438806575,-1.6731941634994434,-1.7521783920663276,-1.8039283911482769,-1.74744794656924,1.8082500164453659,1.175942672686341,0.0013993199262351877,-0.005118220295353483,-0.010372375578187936,0.0055419395298181625,-0.00878193827344172,0.012040033270475458,-0.0009603482873321051,0.9214035583785193,1.0017743091022981
8.67999999999986,0.6025779549149642,-0.19955472529615323,0.014260698660064755,0.01849017095276614,0.1176096593675603,0.10233299872197676,ok,1.70200493707992,-1.673245345702397,-1.7522821158221096,-1.8038729717529787,-1.7475357659519746,1.8083704167780705,1.1759330692034675,0.0013732754222555196,-0.005096539031482161,-0.010327318248342956,0.005488496672251555,-0.008749278786793085,0.011985249583910373,-0.0009450271909492579,0.9233190357161062,1.003652293455173
8.68999999999986,0.6025807924782458,-0.1995622448580259,0.014198041449614854,0.01841642130335473,0.11760566520218828,0.13137499990989454,ok,1.7020186698341424,-1.673296311092712,-1.752385389004593,-1.803818086786256,-1.7476232587398426,1.8084902692739095,1.175923618931558,0.0013474529675821824,-0.005074950491646261,-0.010282471411642574,0.005435446845110967,-0.008716747962666896,0.01193072581065312,-0.0009298360504728598,0.9252348310310453,1.0055306313155614
8.699999999999859,0.6025835466186282,-0.199569703456355,0.014135668145185493,0.01834296622715544,0.1176016789635493,0.1932499999384163,ok,1.7020321443638182,-1.6733470605976284,-1.7524882137187094,-1.803763732317805,-1.7477104262194691,1.808609576532016,1.1759143205710534,0.0013218509044750958,-0.005053454271105143,-0.010237833959143395,0.005382787315044511,-0.008684345172830623,0.011876460651369485,-0.00091477388228321,0.9271509424337202,1.0074093212128645
8.709999999999859,0.6025862181119668,-0.1995771015174416,0.014073577395663978,0.018269804555575184,0.11759770068332946,0.13412500084086787,ok,1.702045362872863,-1.6733975951403395,-1.752590592058301,-1.8037099044446547,-1.7477972696711974,1.8087283411385298,1.1759051728322305,0.0012964675875086927,-0.005032049967007044,-0.010193404788754832,0.005330515368109683,-0.008652069793742261,0.011822452813497126,-0.0008998397101863698,0.9290673680497689,1.0092883616847093
8.719999999999859,0.6025888077278652,-0.1995844394646521,0.01401176785687655,0.018196935124456862,0.11759373039246979,0.08958300168160349,ok,1.702058327548738,-1.6734479156400095,-1.7526925261061885,-1.8036565992909737,-1.7478837903691349,1.8088465656666648,1.1758961744351286,0.0012713013835035575,-0.005010737178296851,-0.010149182805241616,0.005278628309653127,-0.008619921206402113,0.01176870101127253,-0.0008850325653613302,0.9309841060199316,1.0111677512768849
8.729999999999858,0.6025913162297263,-0.19959171771843875,0.013950238191548739,0.01812435677406756,0.11758976812117587,0.0836670005810447,ok,1.702071040562573,-1.6734980230117924,-1.752794017934241,-1.803603813007877,-1.7479699895811989,1.8089642526767775,1.175887324109475,0.001246350671396978,-0.004989515505840355,-0.010105166920085503,0.005227123464147713,-0.008587898796432972,0.011715203965590025,-0.0008703514863130928,0.9329011544999047,1.0130474885432874
8.739999999999858,0.6025937443748021,-0.19959893669636125,0.013888987069265973,0.018052068349082705,0.11758581389892767,0.04749999970954377,ok,1.702083504069287,-1.673547918166851,-1.7528950696034418,-1.8035515417732355,-1.7480558685691632,1.8090814047164334,1.175878620594612,0.001221613842185327,-0.004968384552295026,-0.010061356051515369,0.005175998175069856,-0.00855600195392177,0.01166196040405863,-0.0008557955188062543,0.9348185116601907,1.0149275720458604
8.749999999999858,0.6025960929142457,-0.19960609681310795,0.013828013166434769,0.017980068698575963,0.117581867754491,0.04320799962442834,ok,1.702095720207709,-1.6735976020123737,-1.7529956831639568,-1.8034997817914848,-1.7481414285887025,1.809198024320474,1.1758700626394238,0.001197089298803807,-0.00494734392216047,-0.010017749124418598,0.00512524980473953,-0.008524230073425346,0.011608969060931985,-0.0008413637158039746,0.9367361756859548,1.016808000354538
8.759999999999858,0.6025983625931579,-0.19961319848051615,0.01376731516624373,0.017908356676001196,0.11757792971592333,0.17808400116336998,ok,1.702107691100697,-1.6736470754515953,-1.753095860655201,-1.8034485292934375,-1.7482266708894367,1.8093141140110833,1.1758616490022658,0.001172775456051295,-0.004926393221763863,-0.009974345070293829,0.005074875734198858,-0.008492582553916444,0.011556228677063731,-0.0008270551374293168,0.9386541447768811,1.0186887720471889
8.769999999999857,0.60260055415064,-0.19962024210759297,0.013706891758625273,0.01783693113918319,0.11757399981058775,0.08720900041225832,ok,1.7021194188552575,-1.673696339383813,-1.7531956041059038,-1.8033977805360955,-1.7483115967149758,1.809429676297854,1.1758533784508916,0.0011486707404921358,-0.004905532059215053,-0.009931142827232163,0.005024873363055357,-0.008461058798719235,0.01150373799992128,-0.0008128688508861965,0.9405724171470292,1.0205698857095575
8.779999999999857,0.6026026683198389,-0.1996272281005357,0.013646741640217272,0.01776579095030104,0.11757007806515854,0.08758300100453198,ok,1.7021309055626626,-1.673745394704405,-1.7532949155341762,-1.803347531802465,-1.748396207302963,1.809544713677853,1.1758452497623826,0.0011247735903681937,-0.004884760044450449,-0.009888141339824864,0.004975240109363197,-0.008429658215482097,0.011451495783485317,-0.0007988039304268142,0.9424909910246942,1.022451339935211
8.789999999999857,0.6026047058279981,-0.19963415686275238,0.013586863514324934,0.01769493497587657,0.11756616450563272,0.04854100006923545,ok,1.7021421532985663,-1.6737942423048495,-1.7533937969475744,-1.8032977794013714,-1.7484805038851179,1.8096592286356878,1.1758372617230783,0.0011010824555032926,-0.004864076789204228,-0.009845339559136367,0.004925973409472739,-0.008398380216133103,0.011399500788252177,-0.0007848594572906596,0.9444098646522693,1.0243331333254815
8.799999999999857,0.6026066673965048,-0.19964102879488158,0.013527256090882914,0.01762436208676,0.11756225915733866,0.042875000872300006,ok,1.7021531641231213,-1.6738428830727416,-1.7534922503431658,-1.8032485196672767,-1.7485644876872792,1.8097732236435704,1.1758294131285054,0.0010775957972233774,-0.004843481906964995,-0.009802736442676614,0.004877070717896567,-0.008367224216813768,0.011347751781219781,-0.000771034519635548,0.9463290362861053,1.026215264489413
8.809999999999857,0.6026085537409368,-0.19964784429481258,0.013467918086418465,0.017554071158116004,0.11755836204494405,0.19475000044621993,ok,1.7021639400810935,-1.6738913178918113,-1.7535902777075925,-1.8031997489600977,-1.7486481599294474,1.8098867011613826,1.175821702783309,0.0010543120882653908,-0.00482297501300225,-0.009760330954331216,0.004828529507185238,-0.008336189637841452,0.011296247535826011,-0.0007573282125022474,0.9482485041963781,1.0280977320437052
8.819999999999856,0.6026103655711103,-0.19965460375770508,0.013408848224013212,0.017484061069410344,0.11755447319246579,0.12016700020467397,ok,1.702174483201976,-1.6739395476419414,-1.7536878810171357,-1.8031514636650259,-1.748731521825826,1.8099996636367408,1.1758141295011841,0.0010312298126856371,-0.004802555724354153,-0.009718122064316012,0.004780347267782786,-0.008305275903678437,0.011244986831913375,-0.0007437396377558304,0.9501682666669521,1.0299805346126614
8.829999999999856,0.6026121035911264,-0.199661307576009,0.013350045233266244,0.01741433070439713,0.11755059262327817,0.09024999963003211,ok,1.7021847955001028,-1.673987573199185,-1.7537850622377789,-1.803103660192348,-1.7488145745848627,1.81011211350506,1.1758066921048065,0.0010083474657756138,-0.004782223659823333,-0.00967610874913048,0.00473252150790074,-0.008274482442887305,0.011193968455699704,-0.0007302679040275567,0.9520883219952473,1.031863670828133
8.839999999999856,0.602613768499418,-0.19966795613948393,0.013291507850257858,0.0173448789511049,0.11754672036012297,0.069874999098829,ok,1.7021948789747605,-1.6740353954357832,-1.7538818233252702,-1.803056334977269,-1.7488973194092916,1.810224053189617,1.1757993894257661,0.0009856635539776764,-0.004761978439925707,-0.009634289991538428,0.004685049753382631,-0.008243808688054062,0.01114319119978096,-0.0007169121266708247,0.9540086684921104,1.0337471393294677
8.849999999999856,0.6026153609887936,-0.19967454983521823,0.013233234817512568,0.017275704701821392,0.11754285642511549,0.20141599998169113,ok,1.7022047356103003,-1.6740830152201824,-1.7539781662251857,-1.8030094844797353,-1.748979757496172,1.810335485101615,1.1757922203044995,0.0009631765947925072,-0.004741819686951331,-0.009592664780478296,0.004637929547573468,-0.008213254075806623,0.011092653863031585,-0.0007036714277011691,0.955929304481682,1.0356309387634568
8.859999999999856,0.6026168817464862,-0.19968108904764917,0.013175224883962403,0.01720680685308247,0.11753900083975519,0.16900000082387123,ok,1.7022143673762482,-1.674130433417052,-1.7540740928729905,-1.8029631051842596,-1.7490618900369301,1.8104464116402452,1.1757851835902224,0.0009408851167067891,-0.004721747024878491,-0.009551232111065996,0.004591158451194686,-0.0081828180467035,0.011042355250642674,-0.0006905449357452856,0.9578502283012699,1.037515067784282
8.869999999999855,0.6026183314541949,-0.1996875741585809,0.013117476804911307,0.017138184305656234,0.11753515362493325,0.1204999989568023,ok,1.7022237762274153,-1.6741776508873008,-1.7541696051941011,-1.8029171935997477,-1.7491437182173972,1.8105568351927517,1.175778278140865,0.0009187876590951925,-0.004701760079432883,-0.009509990984508223,0.004544734042211557,-0.008152500045248852,0.01099229417402919,-0.000677531785997794,0.9597714383012211,1.0393995250534651
8.879999999999855,0.602619710788132,-0.1996940055472037,0.013059989341998993,0.01706983596453232,0.1175313148009399,0.09124999996856786,ok,1.7022329641040062,-1.674224668488095,-1.7542647051039462,-1.8028717462593256,-1.7492252432178497,1.810666758134492,1.175771502823005,0.0008968827721461496,-0.004681858478032666,-0.009468940408090796,0.004498653915707159,-0.008122299519821515,0.010942469450840885,-0.0006646311201583426,0.9616929328447982,1.0412843092398159
8.889999999999855,0.6026210204190664,-0.19970038359011313,0.013002761263165019,0.017001760738904213,0.11752748438747446,0.26900000011664815,ok,1.7022419329317275,-1.6742714870728754,-1.7543593945080271,-1.8028267597201686,-1.749306466213048,1.8107761828290003,1.1757648565118033,0.0008751690167746588,-0.004662041849802816,-0.009428079395113502,0.004452915683756105,-0.008092215922638276,0.010892879904902801,-0.00065184208639749,0.9636147103080527,1.043169419019381
8.899999999999855,0.6026222610123682,-0.19970670866132822,0.012945791342613741,0.016933957542160632,0.11752366240365157,0.10699999984353781,ok,1.7022506846218952,-1.6743181074913736,-1.7544536753019784,-1.802782230563331,-1.7493873883722744,1.8108851116280493,1.1757583380909393,0.000853644964540382,-0.004642309825564321,-0.009387406964855717,0.004407516975295893,-0.008062248709732555,0.01084352436619435,-0.0006391638392850887,0.9655367690797024,1.0450548530753947
8.909999999999854,0.6026234332280511,-0.19971298113231023,0.012889078360778794,0.016866425291867583,0.11751984886801076,0.08858399996825028,ok,1.7022592210715406,-1.674364530589629,-1.754547549371627,-1.802738155393578,-1.7494680108593716,1.8109935468717113,1.1757519464525465,0.0008323091975662116,-0.0046226620378139365,-0.009346922142536265,0.004362455436006005,-0.00803239734088457,0.01079440167082079,-0.0006265955397607019,0.9674591075610132,1.0469406100982275
8.919999999999854,0.602624537720817,-0.1997192013719804,0.012832621104287956,0.016799162909757893,0.11751604379852192,0.07087499943736475,ok,1.7022675441635162,-1.6744107572100073,-1.7546410185930523,-1.802694530839218,-1.7495483348327805,1.8111014908884195,1.175745680497149,0.0008111603084607954,-0.004603098120718885,-0.009306623959269381,0.004317728728181598,-0.008002661279605465,0.010745510660978702,-0.0006141363550676483,0.9693817241656747,1.0488266887853381
8.929999999999854,0.6026255751400976,-0.1997253697467394,0.012776418365928716,0.01673216932171449,0.11751224721259591,0.1735419991746312,ok,1.7022756557666008,-1.6744567881912145,-1.754734084832645,-1.8026513535519362,-1.7496283614455765,1.8112089459950294,1.1757395391335983,0.0007901969002320775,-0.004583617710115121,-0.009266511452018351,0.00427333453061051,-0.007973039993087683,0.010696850184922026,-0.0006017854587225285,0.9713046173196839,1.050713087841222
8.939999999999854,0.6026265461300979,-0.19973148662048384,0.012720468944613358,0.016665443457760255,0.1175084591270899,0.20141700042586308,ok,1.702283557735603,-1.6745026243683157,-1.754826749947165,-1.80260862020663,-1.7497080918455075,1.8113159144968787,1.175733521279011,0.000769417586215558,-0.0045642204434955215,-0.00922658366355881,0.004229270538459318,-0.007943532952167884,0.010648419096929394,-0.0005895420304469277,0.9732277854612276,1.0525998059773654
8.949999999999854,0.6026274513298376,-0.19973755235462506,0.012664771645344436,0.01659898425204238,0.11750467955831602,0.09325000064563937,ok,1.7022912519114652,-1.6745482665727507,-1.7549190157838006,-1.8025663275012453,-1.7497875271750292,1.811422398687848,1.1757276258587066,0.0007488209899853156,-0.004544905960006942,-0.009186839642427797,0.0041855344631371635,-0.007914139631305312,0.010600216257267562,-0.0005774052561364753,0.9751512270405659,1.0544868419121955
8.959999999999853,0.6026282913731935,-0.19974356730810686,0.012609325279181044,0.01653279064281949,0.11750090852204904,0.20595900059561245,ok,1.7022987401213652,-1.6745937156323507,-1.755010884180225,-1.802524472156614,-1.7498666685713422,1.8115284008504207,1.1757218518061452,0.000728405745280483,-0.004525673900430719,-0.009147278442894055,0.004142124032186615,-0.007884859508519715,0.010552240532174439,-0.0005653743277961021,0.9770749405199165,1.056374194371032
8.969999999999853,0.6026290668889401,-0.19974953183742317,0.012554128663204961,0.016466861572447318,0.11749714603353245,0.20187500012980308,ok,1.702306024178818,-1.674638972371355,-1.755102356964654,-1.8024830509162921,-1.7499455171664273,1.8116339232557424,1.1757161980628672,0.0007081704959323138,-0.004506523907175053,-0.009107899124917523,0.004099036989160823,-0.007855692065374162,0.010504490793822367,-0.000553448443506873,0.9789989243733427,1.0582618620860413
8.979999999999853,0.6026297785007912,-0.199755446296635,0.01249918062048637,0.016401195987366644,0.1174933921074865,0.09958299960999284,ok,1.7023131058837773,-1.6746840376104268,-1.7551934359559032,-1.8024420605464004,-1.7500240740870812,1.8117389681636806,1.1757106635784322,0.0006881138957772867,-0.0044874556242829435,-0.00906870075409392,0.004056271093509264,-0.007826636786926482,0.010456965920275674,-0.0005416268073761074,0.9809231770866395,1.060149843796188
8.989999999999853,0.602630426827441,-0.19976131103738817,0.012444479980050549,0.016335792838088923,0.11748964675811605,0.07108299905667081,ok,1.702319987022735,-1.6747289121666697,-1.7552841229634442,-1.8024014978354654,-1.7501023404549505,1.8118435378228834,1.1757052473103584,0.0006682346085901002,-0.0044684686973841545,-0.009029682401645351,0.004013824120452776,-0.007797693161689488,0.010409664795495308,-0.0005299086294799558,0.9828476971572241,1.0620381382471886
8.999999999999853,0.6026310124826031,-0.19976712640893118,0.01239002557684482,0.016270651079182324,0.11748590999911655,0.08541699935449287,ok,1.7023266693688208,-1.6747735968536437,-1.7553744197874606,-1.802361359594261,-1.7501803173865673,1.8119476344708383,1.1756999482240635,0.0006485313079945756,-0.004449562773772404,-0.008990843144322642,0.003971693860875549,-0.0077688606816400775,0.010362586309229774,-0.0005182931258392509,0.9847724830940233,1.063926744191465
9.009999999999852,0.6026315360750519,-0.19977289275813084,0.012335816251705045,0.016205769669258456,0.11748218184368144,0.20758400023623835,ok,1.7023331546819007,-1.6748180924813814,-1.7554643282189037,-1.802321642655652,-1.7502580059933837,1.8120512603339305,1.1756947652928051,0.0006290026774065579,-0.004430737502279115,-0.00895218206443837,0.00392987812120112,-0.007740138842111403,0.01031572935708231,-0.0005067795183448741,0.9866975334173688,1.0658156603880993
9.019999999999852,0.6026319982086614,-0.19977861042949022,0.012281850851323162,0.01614114757095987,0.11747846230450902,0.11820800136774778,ok,1.7023394447086748,-1.674862399856404,-1.7555538500395482,-1.80228234387444,-1.7503354073818047,1.8121544176275013,1.1756896974976216,0.000609647409940372,-0.004411992533367469,-0.008913698249773803,0.003888374723285081,-0.007711527141823422,0.010269092840414665,-0.0004953670347355861,0.9886228466588854,1.0677048856027878
9.029999999999852,0.6026323994824452,-0.19978427976516586,0.012228128228213828,0.01607678375094511,0.1174747513938097,0.08941600026446395,ok,1.7023455411827741,-1.6749065197817377,-1.755642987022046,-1.802243460127207,-1.750412522653223,1.8122571085559054,1.1756847438272744,0.0005904642083508497,-0.00439332751904285,-0.008875390793578006,0.003847181504295322,-0.007683025082793323,0.01022267566635593,-0.00048405490854333994,0.9905484213613874,1.0695944186077955
9.039999999999852,0.6026327404905948,-0.19978990110498307,0.012174647240683026,0.016012677179877213,0.11747104912331165,0.1238330005435273,ok,1.7023514458248576,-1.6749504530569281,-1.7557317409299817,-1.802204988312164,-1.7504893529040508,1.8123593353125689,1.175679903278189,0.0005714517849489516,-0.004374742112911629,-0.00883725879449522,0.0038062963166040358,-0.007654632170350488,0.010176476747734479,-0.0004728423790409181,0.9924742560787728,1.0714842581819115
9.049999999999851,0.6026330218225185,-0.19979547478645387,0.012121406752794453,0.015948826832407056,0.11746735550426861,0.1812919999792939,ok,1.7023571603427072,-1.6749942004780574,-1.7558201135179268,-1.802166925348998,-1.7505658992257542,1.8124611000800461,1.1756751748543985,0.0005526088615267563,-0.004356235970166791,-0.008799301356528942,0.00376571702767182,-0.007626347913102595,0.010130495003046544,-0.00046172869122172115,0.9944003493759191,1.0733744031104049
9.059999999999851,0.6026332440628802,-0.19980100114479282,0.01206840563433867,0.015885231687163284,0.11746367054746576,0.0987920011539245,ok,1.7023626864313226,-1.675037762837759,-1.755908106531492,-1.8021292681787213,-1.7506421627048852,1.8125624050300766,1.1756705575674864,0.0005339341692986542,-0.004337808747509031,-0.008761517589049602,0.0037254415199376024,-0.007598171822842204,0.010084729356494668,-0.0004507130957268215,0.9963266998285792,1.075264852184981
9.069999999999851,0.6026334077916367,-0.1998064805129334,0.012015642760800388,0.015821890726736877,0.11745999426322627,0.08458400043309666,ok,1.7023680257730156,-1.6750811409252342,-1.7559957217073825,-1.802092013763522,-1.7507181444231135,1.8126632523236414,1.175666050436529,0.0005154264488134366,-0.004319460103228829,-0.00872390660669964,0.003685467690706278,-0.007570103414591213,0.010039178737871352,-0.000439794848814675,0.9982533060232822,1.0771556042037367
9.07999999999985,0.6026335135840758,-0.19981191322154404,0.011963117013326988,0.01575880293766864,0.11745632666141834,0.07391699909931049,ok,1.7023731800375037,-1.6751243355262664,-1.7560829607734494,-1.8020551590866147,-1.7507938454572594,1.8127636441110202,1.175661652488041,0.0004970844498945654,-0.004301189697140876,-0.008686467529389492,0.003645793452044145,-0.007542142206516617,0.009993842082577262,-0.0004289732123242263,1.0001801665572307,1.079046657971117
9.08999999999985,0.6026335620108536,-0.19981729959904435,0.01191082727869723,0.01569596731043513,0.1174526677514607,0.06800000119255856,ok,1.7023781508820026,-1.6751673474232378,-1.7561698254487432,-1.8020187011520943,-1.7508692668793244,1.812863582531846,1.1756573627559177,0.00047890693156422216,-0.004282997190599934,-0.00864919948225194,0.003606416730665015,-0.007514287719925762,0.009948718331583367,-0.0004182474536206105,1.0021072800382016,1.0809380122978738
9.09999999999985,0.6026335536380315,-0.19982263997162122,0.011858772449289581,0.015633382839435148,0.11744901754232881,0.20495799981290475,ok,1.7023829399513182,-1.6752101773951438,-1.7562563174435657,-1.8019826369847876,-1.7509444097565237,1.8129630697151617,1.1756531802813814,0.0004608926619693995,-0.004264882246499211,-0.008612101595598077,0.0035673354678238014,-0.007486539479231606,0.009903806431389228,-0.00040761684555307924,1.0040346450844475,1.0828296660010222
9.10999999999985,0.602633489027113,-0.19982793466324425,0.011806951423051784,0.015571048522978102,0.11744537604256189,0.09837500147114042,ok,1.7023875488779379,-1.6752528262176087,-1.7563424384595216,-1.8019469636301093,-1.751019275151316,1.8130621077794757,1.175649104112926,0.00044304041832405987,-0.004246844529225146,-0.008575173004903007,0.003528547619209737,-0.007458897011900238,0.00985910533401773,-0.0003970806664196204,1.0059622603246,1.084721617903798
9.11999999999985,0.6026333687350803,-0.19983318399568162,0.011755363103469293,0.015508963363268591,0.11744174326026846,0.11024999912478961,ok,1.7023919792821212,-1.675295294662901,-1.7564281901895706,-1.8019116781539173,-1.751093864121435,1.813160698832816,1.1756451333062619,0.0004253489868304231,-0.0042288837046895855,-0.008538412850748859,0.003490051154843329,-0.007431359848443662,0.009814613996967808,-0.0003866381999182889,1.007890124397572,1.0866138668356151
9.12999999999985,0.6026331933144294,-0.19983838828851608,0.011704006399534853,0.015447126366392947,0.11743811920313203,0.051375000111875124,ok,1.7023962327719895,-1.6753375834999478,-1.7565135743180782,-1.8018767776423688,-1.7511681777199195,1.8132588449727856,1.1756412669242626,0.00040781716260483453,-0.004210999440327339,-0.008501820278781902,0.003451844058959022,-0.007403927522407015,0.00977033138316971,-0.0003762887351132042,1.0098182359524632,1.0885064116320264
9.13999999999985,0.6026329633132077,-0.1998435478591596,0.011652880225717907,0.015385536542308417,0.11743450387841772,0.04291700133762788,ok,1.7024003109436154,-1.675379693494351,-1.756598592520866,-1.801842259201779,-1.7512422169951436,1.8133565482866172,1.1756375040369116,0.00039044374962988283,-0.0041931914050344545,-0.008465394439713593,0.0034139243299193727,-0.007376599570278599,0.00972625646100406,-0.0003660315663810362,1.0117465936484666,1.0903992511346805
9.14999999999985,0.6026326792750484,-0.19984866302286927,0.011601983501934296,0.01532419290482748,0.1174308972929775,0.17741699957696255,ok,1.7024042153811116,-1.6754216254084013,-1.756683246465263,-1.80180811995848,-1.7513159829908465,1.8134538108512273,1.1756338437212477,0.0003732275606657409,-0.00417545926921176,-0.00842913448925172,0.003376289980091622,-0.007349375531517733,0.009682388204229328,-0.00035586599337926087,1.0136751961547725,1.092292384191281
9.15999999999985,0.6026323417392049,-0.19985373409276225,0.011551315153516262,0.015263094471605235,0.11742729945325689,0.21654200099874288,ok,1.7024079476567182,-1.6754633800010934,-1.7567675378101555,-1.801774357058679,-1.7513894767461615,1.8135506347332695,1.1756302850613138,0.0003561674171920502,-0.004157802704768393,-0.008393039588061068,0.0033389390357589197,-0.007322254948525607,0.009638725591949048,-0.0003457913210062971,1.0156040421504788,1.0941858096555472
9.169999999999849,0.6026319512405877,-0.1998587613798312,0.011500874111182183,0.015202240264125724,0.11742371036529911,0.09241600128007121,ok,1.70241150933089,-1.6755049580281411,-1.756851468206036,-1.8017409676683214,-1.7514626992956468,1.813647021989189,1.1756268271481038,0.0003392621493440131,-0.004140221385040215,-0.008357108901772397,0.003301869537008265,-0.007295237366557528,0.009595267608641935,-0.00033580685935506613,1.017533130324499,1.0960795263871723
9.179999999999849,0.6026315083097976,-0.19986374519295882,0.011450659311007055,0.015141629307690979,0.1174201300347522,0.10437500168336555,ok,1.7024149019523835,-1.6755463602419916,-1.7569350392950538,-1.8017079489729513,-1.7515356516693124,1.8137429746652753,1.1756234690795102,0.00032251059584525164,-0.00412271498484633,-0.008321341600911221,0.0032650795376368514,-0.007268322333751653,0.009552013244081484,-0.0003259119236698022,1.0194624593754702,1.0979735332517846
9.189999999999849,0.6026310134731601,-0.19986868583893308,0.011400669694392879,0.01508126063140371,0.11741655846687431,0.19991700173704885,ok,1.702418127058342,-1.67558758739184,-1.757018252711063,-1.801675298177575,-1.7516083348926499,1.8138384947977162,1.1756202099602735,0.00030591160393823077,-0.004105283180492668,-0.008285736860850289,0.0032285671050487036,-0.007241509401104473,0.00950896149328263,-0.00031610583432161175,1.021392028011666,1.0998678291209079
9.199999999999848,0.60263046725276,-0.19987358362246202,0.011350904208039053,0.015021133268157483,0.11741299566653825,0.15587499910907354,ok,1.7024211861743814,-1.6756286402236449,-1.7571011100796714,-1.8016430125065246,-1.751680749986661,1.813933584412649,1.1756170489019302,0.0002894640293175972,-0.004087925649712308,-0.008250293861820404,0.0031923303201464234,-0.0072147981224032955,0.009466111356552941,-0.0003063879167550798,1.0233218349509066,1.1017624128719212
9.209999999999848,0.6026298701664754,-0.19987843884618792,0.011301361803913362,0.014961246254622754,0.11740944163823853,0.15337500008172356,ok,1.7024240808146747,-1.675669519480142,-1.7571836130182896,-1.801611089203323,-1.751752897967885,1.8140282455262144,1.1756139850227627,0.0002731667360804984,-0.004070642071672261,-0.008215011788856436,0.003156367277246144,-0.007188188054213515,0.009423461839416936,-0.00029675750144798565,1.025251878920472,1.1036572833880218
9.219999999999848,0.6026292227280092,-0.19988325181070243,0.011252041439223079,0.014901598631232074,0.11740589638609453,0.09908299944072496,ok,1.7024268124820354,-1.6757102259008587,-1.757265763136178,-1.8015795255305505,-1.751824779848427,1.8141224801446085,1.1756110174477483,0.0002570185966410401,-0.004053432127013216,-0.00817988983173876,0.003120676083967329,-0.007161678755880597,0.009381011952566841,-0.00028721392388748824,1.0271821586570153,1.1055524395581837
9.229999999999848,0.6026285254469257,-0.19988802281456022,0.011202942076385447,0.014842189442169706,0.11740235991385846,0.2101659993059002,ok,1.702429382668002,-1.6757507602221289,-1.7573475620344956,-1.8015483187697108,-1.7518963966359857,1.8142162902641341,1.1756081453085094,0.00024101849168852035,-0.004036295497770251,-0.008144927185009525,0.0030852548611432886,-0.0071352697894601054,0.009338760711890836,-0.00027775652451078077,1.0291126729064766,1.1074478802771235
9.239999999999847,0.6026277788286795,-0.19989275215429425,0.011154062683000121,0.014783017735355987,0.11739883222491841,0.15995799913071096,ok,1.702431792852919,-1.6757911231771065,-1.7574290113063458,-1.8015174662210993,-1.7519677493338803,1.814309677871253,1.1756053677432643,0.0002251653101060903,-0.004019231867433411,-0.008110123047891129,0.0030501017427185828,-0.0071089607197276205,0.00929670713839102,-0.0002683846486876795,1.031043420423998,1.1093436044452576
9.249999999999847,0.6026269833746516,-0.1998974401244292,0.011105402231819425,0.014724082562435696,0.1173953133223048,0.19858400082739536,ok,1.70243404450602,-1.675831315495781,-1.7575101125368247,-1.8014869652036722,-1.7520388389410777,1.814402644942637,1.1756026838967775,0.00020945794892109185,-0.0040022409208844735,-0.00807547662429415,0.0030152148756533077,-0.00708275111412779,0.009254850258200869,-0.00025909764666435435,1.0329743999738417,1.1112396109686689
9.259999999999847,0.6026261395821798,-0.19990208701749615,0.011056959700720903,0.014665382978764168,0.11739180320869465,0.12629200136871077,ok,1.7024361390855092,-1.6758713379049897,-1.7575908673030676,-1.8014568130549158,-1.7521096664522189,1.814495193445219,1.1756000929203108,0.0001938953132392726,-0.003985322344423561,-0.008040987122759543,0.0029805924198313925,-0.007056640542760875,0.009213189102527204,-0.00024989487353726885,1.0349056103293042,1.113135898759066
9.269999999999847,0.6026252479445914,-0.19990669312404594,0.011008734072678744,0.014606918043394793,0.1173883018864169,0.20437499915715307,ok,1.7024380780386417,-1.675911191128434,-1.7576712771742953,-1.8014270071307175,-1.7521802328576466,1.8145873253362441,1.1755975939715755,0.00017847631618098136,-0.003968475825748386,-0.008006653756440755,0.002946232547961527,-0.007030628578351435,0.009171722707644945,-0.00024077568921237062,1.036837050272637,1.1150324667337483
9.279999999999847,0.6026243089512348,-0.1999112587326636,0.010960724335735916,0.01454868681906553,0.117384809357458,0.1480409991927445,ok,1.7024398628018034,-1.6759508758866914,-1.7577513437118597,-1.801397544805238,-1.75225053914343,1.8146790425633206,1.1755951862146834,0.00016319987881939003,-0.003951701053974505,-0.007972475743048657,0.0029121334454851387,-0.007004714796247289,0.009130450114831011,-0.0002317394583688176,1.0387687185949634,1.1169293138155687
9.289999999999846,0.6026233230875111,-0.19991578412998182,0.010912929482976383,0.014490688372186146,0.11738132562346563,0.13508299889508635,ok,1.7024414948005915,-1.6759903928972313,-1.7578310684692902,-1.8013684234707832,-1.7523205862913924,1.814770347064469,1.1755928688200996,0.0001480649301271925,-0.003934997719580928,-0.007938452304854656,0.0028782933104814913,-0.006978898774356973,0.009089370370389635,-0.00022278555042174134,1.0407006140961985,1.1188264389328975
9.299999999999846,0.6026222908349058,-0.1999202696006947,0.010865348512497708,0.014432921772825649,0.11737785068575511,0.049917000069399364,ok,1.7024429754498926,-1.676029742874427,-1.7579104529923386,-1.8013396405376785,-1.752390375279136,1.8148612407681728,1.1755906409645953,0.00013307040691103498,-0.003918365514438389,-0.007904582668637148,0.00284471035357866,-0.00695318009314914,0.00904848252559238,-0.00021391333947820237,1.0426327355849712,1.1207238410195839
9.309999999999846,0.6026212126710191,-0.19992471542757137,0.010817980427382842,0.014375386094698081,0.1173743845453125,0.04345799970906228,ok,1.7024443061539618,-1.6760689265295714,-1.757989498819025,-1.8013111934341426,-1.7524599070800675,1.8149517255934287,1.1755885018312004,0.00011821525375235363,-0.003901804131796229,-0.007870866065651305,0.002811382797858974,-0.0069275583356244045,0.00900778563665531,-0.00020512220432131846,1.0445650818785426,1.122621519014924
9.319999999999846,0.6026200890695973,-0.1999291218914694,0.01077082423567359,0.01431808041515092,0.11737092720280029,0.19941699974879157,ok,1.7024454883064992,-1.6761079445708893,-1.7580682074796816,-1.801283079606164,-1.7525291826634237,1.8150418034497953,1.1755864506091573,0.0001034984229509908,-0.0038853132662632368,-0.007837301731609356,0.002778308878765817,-0.006902033087289705,0.008967278764723636,-0.00019641152834796102,1.0464976518027316,1.1245194718636222
9.329999999999846,0.6026189205005629,-0.19993348927134807,0.010723878950343158,0.014261003815151293,0.1173674786585624,0.11462499969638884,ok,1.7024465232907287,-1.676146797703552,-1.7581465804969978,-1.8012552965173765,-1.7525982029942966,1.8151314762374424,1.1755844864938738,8.891887446199598e-05,-0.0038688926138177775,-0.007803888906637733,0.0027454868440164944,-0.006876603936136655,0.008926960975831214,-0.0001877806995524033,1.0484304441918353,1.1264176985157568
9.339999999999845,0.6026177074300451,-0.19993781784428186,0.010677143589269328,0.014204155379273567,0.117364038912628,0.12966699978278484,ok,1.7024474124794733,-1.6761854866296901,-1.7582246193860642,-1.8012278416489362,-1.752666969033658,1.8152207458472007,1.1755826086868784,7.447557584070755e-05,-0.00385254187180087,-0.00777062683525078,0.0027129149535102455,-0.006851270472630617,0.008886831340879454,-0.00017922911049106352,1.050363457888554,1.128316197926745
9.349999999999845,0.6026164503204094,-0.19994210788547342,0.010630617175207413,0.014147534195685693,0.11736060796471622,0.10191699948336463,ok,1.7024481572352317,-1.6762240120484082,-1.7583023256544168,-1.8012007124994012,-1.7527354817383844,1.8153096141606095,1.1755808163957735,6.01675021904459e-05,-0.0038362607388721416,-0.007737514766336156,0.0026805914792413063,-0.006826032289646873,0.008846888935628058,-0.0001707561582286445,1.0522966917439147,1.1302149690573087
9.359999999999845,0.6026151496302882,-0.19994635966826665,0.010584298735764011,0.014091139356137958,0.117357185814241,0.21462500080815516,ok,1.7024487589102535,-1.676262374655797,-1.75837970080208,-1.8011739065846089,-1.752803742061281,1.8153980830499659,1.1755791088341911,4.5993636095404104e-05,-0.0038200489150670815,-0.007704551953094393,0.0026485147052112243,-0.006800888982503314,0.008807132840629192,-0.00016236124432473907,1.0542301446171987,1.1321140108734389
9.369999999999845,0.6026138058146089,-0.19995057346415995,0.010538187303369986,0.014034969955948174,0.11735377246031536,0.12324999988777563,ok,1.7024492188466145,-1.6763005751449476,-1.758456746321611,-1.8011474214375567,-1.752871750951106,1.8154861543783722,1.175577485221748,3.195296756803484e-05,-0.0038039061017327495,-0.00767173765303902,0.0026166829273324946,-0.006775840148895714,0.00876756214124689,-0.00015404377478347187,1.0561638153758648,1.1340133223463622
9.379999999999844,0.6026124193246248,-0.19995474954281853,0.010492281915254614,0.013979025093990339,0.1173503679017557,0.09245799992640968,ok,1.70244953837629,-1.6763386142059649,-1.7585334636981413,-1.8011212546082833,-1.752939509352595,1.8155738299997848,1.1755759447840002,1.8044493993200724e-05,-0.0037878320015736237,-0.007639071127937096,0.002585094453355179,-0.006750885388912325,0.008728175927581076,-0.00014580316004064915,1.0580977028954786,1.1359129024525072
9.389999999999844,0.602610990607943,-0.19995888817208762,0.01044658161341927,0.013923303872681323,0.11734697213708678,0.09987500015995465,ok,1.70244971882123,-1.6763764925259805,-1.7586098544094206,-1.8010954036637499,-1.753007018206484,1.8156611117590606,1.1755744867523998,4.267220072195673e-06,-0.003771826318585792,-0.007606551643819241,0.0025537476027659898,-0.006726024304970324,0.00868897329450527,-0.00013763881489598425,1.0600318060596385,1.1378127501734698
9.399999999999844,0.6026095201085532,-0.199962989618005,0.010401085444611269,0.013867805397967357,0.11734358516454456,0.22120799985714257,ok,1.7024497614934306,-1.6764142107891664,-1.7586859199258589,-1.8010698661877222,-1.7530742784495337,1.8157480014920058,1.1755731103642508,-9.379842224635036e-06,-0.003755888758079069,-0.007574178470928179,0.002522640706716945,-0.006701256501812009,0.00864995334159597,-0.00012955015851220068,1.0619661237599058,1.1397128644959809
9.409999999999844,0.6026080082668567,-0.19996705414481356,0.010355792460298871,0.01381252877931388,0.1173402069820816,0.3879169998981524,ok,1.7024496676950085,-1.6764517696767471,-1.7587616617105681,-1.801044639780655,-1.7531412910145519,1.8158345010254218,1.1755718148626657,-2.289767373332669e-05,-0.0037400190267085254,-0.007541950883670504,0.0024917721079297495,-0.006676581586510444,0.008611115173096843,-0.00012153661436714224,1.0639006548957326,1.1416132444118725
9.419999999999844,0.6026064555196947,-0.1999710820149741,0.010310701716644263,0.013757473129689252,0.11733683758737169,0.17637500059208833,ok,1.7024494387182711,-1.6764891698670141,-1.7588370812194047,-1.8010197220595756,-1.753208056830417,1.8159206121771527,1.175570599496522,-3.628724812976449e-05,-0.003724216832397287,-0.007509868160630209,0.0024611401606121283,-0.006651999168405862,0.008572457897938625,-0.00011359761021943091,1.0658353983743916,1.1435138889180452
9.429999999999843,0.6026048623003759,-0.19997507348917673,0.010265812274479064,0.013702637565555236,0.11733347697781184,0.051416998758213595,ok,1.7024490758457897,-1.676526412035338,-1.758912179901011,-1.8009951106579696,-1.753274576822101,1.816006336756132,1.1755694635204197,-4.954953199576762e-05,-0.0037084818843886634,-0.0074779295845069,0.0024307432303800934,-0.006627508859119129,0.008533980629672564,-0.0001057325780729798,1.0677703531109082,1.1454147970164361
9.439999999999843,0.6026032290387046,-0.1999790288263546,0.010221123199278481,0.01364802120685234,0.11733012515052904,0.24108400066324975,ok,1.7024485803504699,-1.6765634968541818,-1.758986959196856,-1.8009708032256657,-1.753340851910692,1.8160916765624289,1.175568406194639,-6.268548486575382e-05,-0.003692813893199849,-0.007446134442108037,0.002400579694169455,-0.0066031102725054415,0.008495682486471062,-9.79409541591321e-05,1.06970551802799,1.1473159677139846
9.449999999999843,0.6026015561610083,-0.19998294828369476,0.010176633561136475,0.013593623176988525,0.1173267821023822,0.12029199933749624,ok,1.7024479534956212,-1.676600424993114,-1.7590614205412771,-1.800946797428724,-1.753406883013417,1.8161766333872935,1.1755674267850973,-7.569605928447803e-05,-0.0036772125706370884,-0.007414482024312805,0.002370647940156258,-0.006578803024643538,0.008457562591092009,-9.022217888660359e-05,1.0716408920559601,1.1492174000226032
9.459999999999843,0.6025998440901648,-0.1999868321166516,0.010132342434740454,0.013539442602825146,0.11732344782996768,0.04583299960359,ok,1.7024471965350283,-1.6766371971188203,-1.7591355653615202,-1.8009230909493226,-1.7534726710436634,1.8162612090132044,1.1755665245633085,-8.858220085881382e-05,-0.003661677629792709,-0.007382971626040979,0.00234094636767302,-0.006554586733831254,0.0084196200708507,-8.25756968215788e-05,1.0735764741326896,1.151119092959142
9.469999999999843,0.6025980932456301,-0.19999068057895733,0.010088248899346258,0.013485478614666391,0.117320122329621,0.043416999687906355,ok,1.7024463107130197,-1.6766738138951183,-1.7592093950777805,-1.800899681485646,-1.7535382169110019,1.816345405213913,1.1755656988063403,-0.00010134484831172627,-0.003646208785020818,-0.00735160254623598,0.002311473387125162,-0.006530461020541186,0.008381854057607673,-7.50009566527899e-05,1.0755122632035312,1.1530210455453616
9.479999999999842,0.6025963040434641,-0.19999449392263546,0.010044352038753826,0.01343173034624446,0.11731680559742386,0.2411660007055616,ok,1.7024452972645365,-1.6767102759829684,-1.7592829111032429,-1.8008765667517748,-1.7536035215212074,1.816429223754489,1.1755649487967739,-0.00011398493352824358,-0.003630805751944666,-0.007320374087828961,0.002282227419918563,-0.006506425507410872,0.008344263687729881,-6.749741115198811e-05,1.0774482582212523,1.1549232568078969
9.489999999999842,0.6025944768963585,-0.19999827239801135,0.01000065094128215,0.013378196934709497,0.11731349762920493,0.1982909998332616,ok,1.7024441574152012,-1.6767465840404878,-1.7593561148441212,-1.8008537444775756,-1.7536685857762815,1.8165126663913662,1.1755642738226624,-0.00012650338161280842,-0.003615468247443624,-0.007289285557719267,0.0022532068983697816,-0.006482479819229636,0.008306848102078624,-6.006451715540551e-05,1.0793844581459715,1.1568257257782306
9.499999999999842,0.6025926122136623,-0.2000020162537245,0.00995714469974511,0.013324877520615144,0.11731019842054564,0.1266250001208391,ok,1.702442892381385,-1.6767827387229624,-1.7594290076996983,-1.800831212408592,-1.7537334105744737,1.816595734872387,1.1755636731774908,-0.00013890111094205538,-0.0036001959896678807,-0.00725833626673231,0.0022244102656318156,-0.006458623582924631,0.008269606445963893,-5.270173552445596e-05,1.0813208619450931,1.1587284514926584
9.509999999999842,0.6025907104014092,-0.20000572573674077,0.009913832411427265,0.013271771247907111,0.11730690796678292,0.1115830000344431,ok,1.7024415033702756,-1.676818740682859,-1.7595015910623657,-1.8008089683059356,-1.753797996810303,1.8166784309368464,1.1755631461601355,-0.00015117903320551243,-0.0035849886979922316,-0.007227525529617731,0.0021958359756170244,-0.0064348564275122835,0.008232537869151436,-4.540853111607552e-05,1.083257468593243,1.160631432992261
9.519999999999841,0.602588771862342,-0.20000940109236304,0.009870713178059057,0.013218877263910219,0.11730362626301336,0.16074999984994065,ok,1.7024399915799435,-1.6768545905698389,-1.7595738663176619,-1.8007870099461794,-1.753862345374578,1.816760756315538,1.1755626920748243,-0.00016333805347045437,-0.003569846093050422,-0.007196852665002691,0.0021674824929120567,-0.006411177984116217,0.008195641525820042,-3.818437275680465e-05,1.0851942770722058,1.1625346693228729
9.529999999999841,0.6025867969959398,-0.20001304256424285,0.009827786105793879,0.013169787402180505,0.1173003533040969,0.061459000789909624,ok,1.702438358199409,-1.6768902890307693,-1.7596458348443118,-1.8007653351212503,-1.7539264571544193,1.816842712730796,1.1755623102310968,-0.00017451662245579133,-0.003554685096265148,-0.007165845269648111,0.002140561232375094,-0.006387077929262381,0.008158509891620584,-3.1498194742690204e-05,1.0871312863708635,1.1644381595350517
9.539999999999841,0.6025847891689321,-0.20001665139461874,0.009785052051675652,0.013124749472701737,0.11729708953685365,0.04616699879989028,ok,1.7024366130331843,-1.676925835881732,-1.7597174932970083,-1.8007439295089265,-1.753990327933712,1.8169242978297122,1.1755619952491494,-0.0001846602671841301,-0.0035394957090348856,-0.007134474697472881,0.0021151472034047665,-0.0063625193828989405,0.00812111930890048,-2.5378670587331652e-05,1.0890684953360537,1.16634190310059
9.54999999999984,0.6025827519331327,-0.20002022888746426,0.009742511991310376,0.013079864031655015,0.11729383543677861,0.04437500138010364,ok,1.7024347664305124,-1.6769612308388224,-1.759788838043983,-1.8007227780368924,-1.754053953127541,1.8170055090228012,1.1755617414624435,-0.00019470996860559004,-0.0035243636103316637,-0.007103257262724272,0.0020899155716834067,-0.006338054494067131,0.00808391598784511,-1.931256202206696e-05,1.0910059028143355,1.168245899518064
9.55999999999984,0.6025806855965684,-0.2000237752539418,0.00970016500093375,0.013035130588037066,0.11729059098593432,0.04387499939184636,ok,1.7024328193308262,-1.6769964744749257,-1.7598598706166102,-1.8007018788811755,-1.7541173336724816,1.8170863481826798,1.1755615483368234,-0.00020466647682851888,-0.0035092890674555443,-0.007072191850963896,0.0020648651682317162,-0.006313683244392566,0.008046898540720198,-1.3299550721522303e-05,1.0929435078219591,1.1701501478320637
9.56999999999984,0.6025785904649006,-0.20002729070387762,0.009658010161434416,0.012990548652106767,0.11728735616627607,0.1077920005627675,ok,1.702430772666058,-1.6770315673656002,-1.7599305925351199,-1.8006812302294932,-1.7541804705049255,1.817166817168087,1.175561415341316,-0.00021453053205345692,-0.0034942723189033283,-0.007041277371227604,0.0020399948321162464,-0.0062894055939053265,0.008010065610529993,-7.339317172199092e-06,1.0948813093820942,1.1720546470924835
9.57999999999984,0.6025764668414437,-0.20003077544577044,0.009616046558328928,0.012946117735386216,0.11728413095965423,0.04770799932884984,ok,1.7024286273607374,-1.6770665100887892,-1.7600010053088322,-1.800660830281172,-1.7542433645608646,1.8172469178241923,1.1755613419481443,-0.0002243028649029364,-0.0034793135759048585,-0.007010512755019603,0.0020153034103322573,-0.006265221482292911,0.00797341586967006,-1.4315408510525413e-06,1.0968193065247565,1.1739593963544601
9.58999999999984,0.6025743150271828,-0.20003422968679946,0.009574273281736878,0.01290183735066152,0.11728091534781752,0.043416999687906355,ok,1.7024263843320884,-1.6771013032245483,-1.7600711104363824,-1.8006406772470687,-1.7543060167756874,1.817326651982889,1.175561327632736,-0.00023398419673687542,-0.0034644130239955377,-0.0069798969552819995,0.0019907897577282957,-0.006241130830123805,0.007936948018528851,4.4240995781192035e-06,1.09875749828674,1.1758643946783118
9.59999999999984,0.6025721353207888,-0.20003765363283363,0.009532689426356253,0.012857707011982137,0.11727770931241305,0.04291699951863848,ok,1.702424044490121,-1.6771359473547882,-1.7601409094059353,-1.8006207693494913,-1.7543684280839886,1.8174060214630743,1.1755613718737317,-0.00024357523993808527,-0.0034495708243689597,-0.006949428945504343,0.0019664527369029515,-0.0062171335399519925,0.007900660784295863,1.0227926134984277e-05,1.1006958837115501,1.1777696411294785
9.60999999999984,0.602569928018637,-0.2000410474884391,0.00949129409143866,0.012813726234662775,0.11727451283499078,0.28770900098606944,ok,1.7024216087377217,-1.6771704430630319,-1.7602104036953903,-1.8006011048221222,-1.754430599419388,1.8174850280709172,1.175561474152993,-0.00025307669820858483,-0.003434787115296928,-0.006919107718794874,0.0019422912181247293,-0.0061932294974250835,0.007864552919710497,1.598026133495035e-05,1.1026344618493353,1.1796751347784664
9.61999999999984,0.6025676934148237,-0.20004441145688825,0.009450086380764791,0.012769894535283257,0.11727132589700445,0.22341600015352014,ok,1.7024190779707398,-1.6772047909341847,-1.7602795947725782,-1.800581681909941,-1.7544925317143623,1.8175636736001142,1.1755616339556063,-0.0002624892668198097,-0.0034200620133198207,-0.00688893228709205,0.0019183040792390789,-0.006169418572254929,0.007828623201993542,2.168142807173787e-05,1.1045732317568218,1.1815808747007917
9.62999999999984,0.6025654318011814,-0.20004774574016734,0.009409065402620626,0.01272621143168724,0.11726814847981407,0.10029199984273873,ok,1.7024164530780717,-1.677238991554318,-1.760348484095449,-1.8005624988691487,-1.7545542259000848,1.817641959832134,1.175561850769887,-0.00027181363287448614,-0.0034053956145041657,-0.006858901680331945,0.0018944902055972649,-0.0061457006191943195,0.007792870431737183,2.733174946059087e-05,1.1065121924972499,1.1834868599769268
9.639999999999839,0.6025631434672973,-0.20005105053898573,0.009368230269772751,0.012682676442986615,0.11726498056468852,0.058417001127963886,ok,1.702413734941743,-1.677273045510463,-1.7604170731122524,-1.8005435539670926,-1.7546156829062767,1.8177198885364514,1.1755621240873817,-0.0002810504755652319,-0.0033907879956170976,-0.006829014945679899,0.0018708484899595025,-0.006122075478992118,0.007757293431871007,3.2931548720731545e-05,1.1084513431403102,1.1853930896922487
9.649999999999839,0.6025608287005283,-0.20005432605278256,0.009327580099444566,0.012639289089556891,0.11726182213280613,0.21720800032198895,ok,1.7024109244369874,-1.6773069533904192,-1.7604853632617092,-1.8005248454821932,-1.7546769036610665,1.8177974614707701,1.1755624534028688,-0.0002902004663702054,-0.003376239215108492,-0.00679927114686893,0.001847377832439633,-0.006098542979151109,0.007721891046764114,3.8481149050710034e-05,1.110390682762081,1.1872995629369878
9.659999999999838,0.6025584877860174,-0.2000575724797365,0.009287114013292325,0.01259604889304051,0.11725867316525929,0.11462499969638884,ok,1.7024080224323237,-1.6773407157825704,-1.7605533559731779,-1.8005063717038687,-1.754737889090858,1.8178746803812378,1.1755628382143593,-0.00029926426931507647,-0.003361749314259232,-0.0067696693634467335,0.0018240771404041726,-0.006075102934861658,0.007686662141226112,4.3980873514281316e-05,1.1123302104449682,1.18920627880618
9.669999999999838,0.6025561210067107,-0.20006079001677254,0.009246831137381561,0.012552955376346516,0.11725553364305323,0.048874999265535735,ok,1.7024050297896305,-1.677374333275713,-1.7606210526668122,-1.8004881309324647,-1.7547986401202067,1.81795154700265,1.1755632780230945,-0.00030824254115313605,-0.0033473183180600012,-0.006740208690184086,0.001800945328417612,-0.006051755149681527,0.0076516055997061195,4.943104493295643e-05,1.1142699252776431,1.1911132363996173
9.679999999999838,0.6025537286433729,-0.2000639788595705,0.009206730602163107,0.012510008063650026,0.11725240354711114,0.04516700028034393,ok,1.702401947364219,-1.6774078064588935,-1.760688454753714,-1.8004701214791805,-1.7548591576717034,1.818028063058647,1.1755637723335437,-0.00031713593157490637,-0.0033329462361667366,-0.006710888236437953,0.0017779813181654665,-0.006028499416299147,0.00761672032543661,5.4831985784021196e-05,1.1162098263549858,1.1930204348218016
9.689999999999838,0.6025513109746028,-0.20006713920257294,0.009166811542450012,0.012467206480392136,0.11724928285827466,0.04312499913794454,ok,1.702398776004903,-1.677441135921255,-1.7607555636360783,-1.8004523416659988,-1.7549194426658663,1.8181042302619013,1.1755643206534014,-0.0003259450834009645,-0.0033186330637611284,-0.006681707125581767,0.0017551840383804303,-0.0060053355172179496,0.007582005239677135,6.018401811045483e-05,1.1181499127780246,1.1949278731819004
9.699999999999838,0.6025488682768494,-0.20007027123899274,0.009127073097393676,0.012424550153280308,0.11724617155730506,0.1233750008395873,ok,1.7023955165540692,-1.6774743222518926,-1.7608223807073342,-1.800434789825615,-1.7549794960210385,1.818180050314298,1.1755649224935825,-0.0003346706327707862,-0.0033043787824183876,-0.006652664494417779,0.0017325524247764664,-0.0059822632254381315,0.007547459280925766,6.548746342082075e-05,1.120090183653879,1.1968355505937018
9.709999999999837,0.6025464008244283,-0.20007337516082163,0.009087514410461031,0.012382038610288705,0.11724306962488726,0.34458300069672987,ok,1.7023921698477416,-1.6775073660397168,-1.7608889073522784,-1.8004174643013673,-1.7550393186532929,1.8182555249071073,1.1755655773682168,-0.00034331320929641937,-0.003290183360803903,-0.006623759492708211,0.0017100854199874813,-0.005959282305008025,0.007513081404282841,7.074264262081177e-05,1.1220306380957041,1.1987434661755718
9.719999999999837,0.6025439088895366,-0.20007645115883776,0.009048134629411578,0.01233967138065798,0.1172399770416301,0.28462500085879583,ok,1.7023887367156485,-1.6775402678733249,-1.7609551449472056,-1.8004003634471675,-1.755098911476343,1.81833065572115,1.1755662847946429,-0.00035187343624907815,-0.0032760467554948927,-0.006594991282628462,0.001687781973498192,-0.005936392511670796,0.007478870580731654,7.594987591912834e-05,1.1239712752226345,1.2006516190504108
9.729999999999837,0.6025413927422673,-0.20007949942261255,0.009008932906274067,0.012297447994893726,0.11723689378806817,0.10145799933525268,ok,1.702385217981286,-1.6775730283408798,-1.761021094860032,-1.8003834856274326,-1.7551582754014596,1.8184054444269573,1.175567044293402,-0.0003603519307082842,-0.0032619689116464203,-0.006566359038307456,0.001665641041579479,-0.00591359359339679,0.007444825796515525,8.110948276736956e-05,1.1259120941597287,1.2025600083456152
9.739999999999837,0.602538852650627,-0.20008252014051955,0.008969908397323853,0.012255367984768254,0.11723381984466542,0.14583300071535632,ok,1.7023816144619788,-1.6776056480299963,-1.761086758450415,-1.8003668292170167,-1.7552174113373935,1.8184798926849224,1.1755678553882298,-0.00036874930370779186,-0.003247949763624066,-0.0065378619454047405,0.0016436615872337979,-0.005890885290872258,0.0074109460525764006,8.622178178403315e-05,1.1278530940379154,1.204468633193036
9.749999999999837,0.6025362888805497,-0.20008551349974127,0.008931060263059953,0.012213430883319554,0.11723075519181524,0.054457999794976786,ok,1.7023779269689416,-1.6776381275276326,-1.761152137069869,-1.8003503926011444,-1.7552763201903023,1.818554002145448,1.1755687176060476,-0.0003770661603971288,-0.0032339892357069393,-0.006509499200631858,0.0016218425801263802,-0.005868267338057229,0.007377230363918703,9.128709068055993e-05,1.129794273993941,1.2063774927289397
9.759999999999836,0.602533701695911,-0.20008847968627722,0.008892387668182997,0.012171636224849677,0.11722769980984218,0.21066599947516806,ok,1.7023741563073376,-1.6776704674199896,-1.7612172320618753,-1.8003341741753431,-1.755335002863683,1.8186277744490873,1.1755696304769545,-0.0003853031001572955,-0.0032200872426119717,-0.0064812700113938545,0.0016001829965394388,-0.005845739462595717,0.007343677759124729,9.630572621968997e-05,1.1317356331703163,1.2082865860939702
9.769999999999836,0.6025310913585455,-0.2000914188849512,0.00885388978157213,0.012129983544926953,0.11722465367900516,0.20204100110277068,ok,1.702370303276336,-1.6777026682924157,-1.7612820447619892,-1.8003181723453778,-1.755393460258309,1.8187012112266785,1.1755705935342167,-0.00039346071675245263,-0.0032062436900945836,-0.006453173595373765,0.0015786818192959234,-0.005823301386293864,0.007310287279805314,0.00010127800414631329,1.1336771707152644,1.210195912433112
9.779999999999836,0.6025284581282596,-0.20009433127941886,0.008815565776263176,0.012088472380383455,0.11722161677949822,0.04858299871557392,ok,1.7023663686691684,-1.6777347307293167,-1.761346576497943,-1.800302385527185,-1.755451693272172,1.8187743140994765,1.175571606314258,-0.0004015395984422363,-0.003192458475462376,-0.006425209180185947,0.00155733803772416,-0.005800952825506653,0.007277057980139574,0.00010620423913521436,1.1356188857826706,1.2121054708956533
9.789999999999836,0.6025258022628469,-0.200097217052175,0.008777414829426525,0.0120471022693155,0.1172185890914521,0.04387499939184636,ok,1.702362353273184,-1.6777666553140713,-1.761410828589745,-1.8002868121468076,-1.755509702800427,1.818847084679278,1.1755726683566494,-0.000409540328104997,-0.0031787314880885346,-0.006397376003019174,0.0015361506475916208,-0.005778693491559153,0.007243988926394511,0.000111084744749503,1.1375607775320309,1.2140152606351502
9.799999999999836,0.6025231240181039,-0.2001000763845613,0.00873943612234461,0.012005872751084187,0.11721557059493679,0.043792000724351965,ok,1.702358257869903,-1.6777984426289523,-1.761474802349775,-1.8002714506403317,-1.7555674897353426,1.818919524568542,1.175573779204097,-0.0004174634833636461,-0.0031650626098960522,-0.006369673310303138,0.0015151186510471938,-0.005756523091111465,0.007211079196489367,0.00011591983337995197,1.1395028451284033,1.2159252808093917
9.809999999999835,0.602520423647842,-0.20010290945677317,0.008701628840390246,0.011964783366311627,0.11721256126996289,0.04350000017439015,ok,1.7023540832350694,-1.6778300932550512,-1.7615384990828782,-1.8002562994538212,-1.7556250549662538,1.8189916353605067,1.1755749384024308,-0.0004253096366794234,-0.0031514517158008144,-0.006342100357393024,0.001494241056582207,-0.005734441326507257,0.007178327879570477,0.0001207098162181948,1.1414450877423583,1.2178355305803654
9.819999999999835,0.6025177014039055,-0.20010571644786737,0.008663992173004939,0.011923833656884706,0.11720956109648278,0.042915999074466527,ok,1.7023498301387026,-1.6778616077722093,-1.7616019200864521,-1.8002413570432554,-1.7556823993795188,1.8190634186393024,1.1755761455005929,-0.00043307935547601083,-0.0031378986741568632,-0.006314656408270334,0.0014735168789652346,-0.0057124478961212396,0.007145734075620434,0.00012545500319861128,1.1433875045499304,1.219746009114225
9.829999999999835,0.6025149575361829,-0.20010849753576881,0.008626525313677053,0.011883023165950687,0.11720657005439268,0.20808399858651683,ok,1.702345499345148,-1.677892986758951,-1.761665066650535,-1.8002266218744658,-1.7557395238584799,1.8191348759800587,1.175577400050625,-0.00044077320221530466,-0.0031244033471076035,-0.006287340735284401,0.0014529451392045836,-0.005690542494633183,0.007113296895105873,0.00013015570298038535,1.1453300947325706,1.2216567155812554
9.839999999999835,0.6025121922926222,-0.20011125289727874,0.008589227459920093,0.011842351437919191,0.11720358812353422,0.09208399933413602,ok,1.7023410916131256,-1.677924230792422,-1.7617279400578878,-1.8002120924230738,-1.7557964292834263,1.8192060089490099,1.1755787016076547,-0.0004483917345253346,-0.0031109655910503344,-0.006260152618836223,0.0014325248644820883,-0.005668724813390931,0.007081015458573926,0.00013481222289642687,1.1472728574770992,1.2235676491558425
9.849999999999834,0.602509405919246,-0.20011398270808053,0.008552097813251724,0.011801818018460416,0.1172006152836958,0.10020800073107239,ok,1.7023366076957804,-1.6779553404483325,-1.7617905415840762,-1.800197767174429,-1.7558531165315603,1.8192768191035955,1.1755800497298836,-0.0004559355052678096,-0.0030975852569408977,-0.006233091347152796,0.0014122550881227416,-0.0056469945406383785,0.007048888896337037,0.0001394248689344665,1.1492157919756592,1.2254788090164395
9.859999999999834,0.6025065986601638,-0.2001166871427474,0.008515135579171926,0.011761422454504124,0.1171976515146149,0.13949999993201345,ok,1.7023320483407278,-1.677986316300902,-1.7618528724975477,-1.8001836446235477,-1.7559095864769667,1.8193473079925588,1.175581443978573,-0.00046340506263788984,-0.003084262190653107,-0.00620615621603752,0.0013921348495365227,-0.005625351361797446,0.007016916348154973,0.00014399394569381376,1.1511588974256701,1.2273901943455374
9.869999999999834,0.602503770757587,-0.2001193663747499,0.008478339967142284,0.011721164294239977,0.11719469679597909,0.16645899995637592,ok,1.7023274142901015,-1.6780171589228083,-1.761914934059708,-1.8001697232750524,-1.7559658399905846,1.8194174771560403,1.17558288391803,-0.00047080095025329495,-0.0030709962333203247,-0.006179346528622908,0.0013721631941708353,-0.005603794959736456,0.006985096962907491,0.0001485197563683634,1.1531021730297835,1.2293018043296338
9.879999999999834,0.6025009224518427,-0.20012202057646233,0.008441710190564292,0.011681043087115458,0.11719175110742724,0.08395800068683457,ok,1.702322706280599,-1.6780478688851415,-1.7619767275249942,-1.8001560016431106,-1.756021877940182,1.8194873281256694,1.1755843691155936,-0.00047812370722652734,-0.00305778722161285,-0.006152661595174504,0.001352339173468756,-0.005582325014977584,0.006953429898331294,0.00015300260271763143,1.1550456179958364,1.2312136381592027
9.889999999999834,0.602498053981387,-0.20012464991916928,0.008405245466759276,0.011641058383835863,0.11718881442855136,0.06820899943704717,ok,1.7023179250435267,-1.6780784467573575,-1.762038254140946,-1.800142478251376,-1.7560777011903317,1.8195568624246528,1.1755858991416208,-0.00048537386825504164,-0.0030446349880770434,-0.006126100732841803,0.0013326618448211184,-0.005560941205959391,0.006921914320693091,0.0001574427850391326,1.1569892315368095,1.2331256950286655
9.899999999999833,0.6024951655828192,-0.2001272545730739,0.008368945016946766,0.011601209736363902,0.1171858867388983,0.06783400021959096,ok,1.7023130713048442,-1.6781088931072383,-1.7620995151482746,-1.8001291516329279,-1.7561333106023913,1.8196260815678598,1.1755874735694711,-0.000492551963681101,-0.003031539361327906,-0.006099663265515695,0.0013131302715228385,-0.005539643209183978,0.006890549404608877,0.00016184060215537524,1.1589330128707807,1.2350379741363613
9.909999999999833,0.6024922574908941,-0.20012983470730336,0.008332808066224204,0.011561496697917137,0.11718296801797146,0.06020800174155738,ok,1.7023081457852074,-1.6781392085008515,-1.7621605117809298,-1.8001160203302127,-1.756188707034483,1.819694987061906,1.1755890919754928,-0.0004996585195809022,-0.0030185001664194645,-0.006073348523562517,0.001293743522732563,-0.005518430699497965,0.00685933433268255,0.00016619635138824862,1.1608769612208842,1.2369504746845192
9.919999999999833,0.6024893299385372,-0.2001323904899163,0.008296833843546306,0.011521918822969228,0.11718005824523128,0.1686670002527535,ok,1.7023031492000116,-1.6781693935025157,-1.7622212452661654,-1.8001030828949853,-1.756243891341478,1.8197635804052328,1.1755907539390067,-0.0005066940578257898,-0.003005517225004491,-0.006047155843707499,0.00127450067342117,-0.005497303350221317,0.006828268295365455,0.00017051032853937232,1.1628210758152666,1.2388631958792296
9.929999999999833,0.6024863831568564,-0.20013492208790953,0.008261021581704261,0.011482475667246715,0.11717715740009746,0.17920800019055605,ok,1.7022980822594334,-1.6781994486747658,-1.7622817168246026,-1.8000903378882511,-1.7562988643749802,1.8198318630881865,1.1755924590422921,-0.0005136590961499735,-0.0029925903556075354,-0.006021084568821639,0.0012554008043358326,-0.0054762608333490965,0.006797350490671039,0.00017478282787983915,1.1647653558870446,1.2407761369304169
9.939999999999833,0.6024834173751563,-0.20013742966722495,0.008225370517306,0.011443166787729966,0.11717426546195016,0.11954099863942247,ok,1.702292945668472,-1.6782293745783219,-1.7623419276702907,-1.8000777838802078,-1.7563536269833138,1.8198998365930932,1.175594206870571,-0.000520554148217121,-0.0029797193738411876,-0.005995134047772633,0.0012364430019585616,-0.00545530281971128,0.0067665801239830715,0.00017901414212922215,1.166709800674264,1.2426892970518115
9.949999999999832,0.6024804328209509,-0.20013991339275564,0.008189879890755175,0.011403991742651358,0.1171713824101307,0.11995800014119595,ok,1.7022877401269898,-1.6782591717720603,-1.7624018790107685,-1.8000654194501882,-1.7564081800115108,1.819967502394333,1.1755959970119922,-0.0005273797236804305,-0.0029669040926014233,-0.00596930363526682,0.0012176263584591652,-0.005434428979133806,0.006735956407843239,0.00018320456244747053,1.1686544094198579,1.2446026754609245
9.959999999999832,0.6024774297199764,-0.20014237342835298,0.00815454894623166,0.01136495009149357,0.11716850822394514,0.1589580006111646,ok,1.702282466329753,-1.6782888408129863,-1.762461572047121,-1.8000532431866036,-1.7564625243013021,1.8200348619584112,1.1755978290576168,-0.0005341363282487963,-0.002954144322316744,-0.005943592691671779,0.0011989499716639183,-0.005413638980607959,0.006705478561725947,0.00018735437841202763,1.170599181371606,1.2465162713790203
9.969999999999832,0.6024744082962044,-0.20014480993683326,0.008119376931671252,0.01132604139498913,0.11716564288266237,0.14466599895968102,ok,1.7022771249664705,-1.6783183822562096,-1.7625210079740379,-1.800041253686887,-1.7565166606911082,1.8201019167440284,1.175599702601401,-0.0005408244637305691,-0.0029414398710392504,-0.005918000582930808,0.0011804129450045328,-0.005392932492381057,0.006675145811926441,0.00019146387802680906,1.1725441157820944,1.2484300840310902
9.979999999999832,0.602471368771855,-0.20014722307998373,0.00808436309874594,0.011287265215120414,0.11716278636551855,0.07287500011443626,ok,1.7022717167218333,-1.6783477966549198,-1.7625801879798673,-1.800029449557437,-1.756570590016032,1.8201686682021476,1.175601617240181,-0.000547444628110204,-0.002928790544715263,-0.005892526680368527,0.0011620143874813166,-0.005372309182140858,0.006644957391310618,0.00019553334769520895,1.1744892119086767,1.250344112645828
9.989999999999831,0.602468311367409,-0.2001496130185698,0.008049506702843656,0.011248621115115844,0.11715993865171602,0.07712499973422382,ok,1.7022662422755521,-1.678377084560367,-1.762639113246671,-1.800017829413562,-1.7566243131078534,1.8202351177760607,1.175603572573658,-0.0005539973155775933,-0.002916196147315693,-0.0058671703605825114,0.0011437534136413462,-0.005351768717111688,0.006614912539161763,0.00019956307220838897,1.176434469013433,1.2522583564556033
9.999999999999831,0.6024652363016207,-0.20015197991234052,0.008014807003049323,0.011210108659450985,0.11715709972042654,0.06770899926777929,ok,1.7022607023023963,-1.6784062465218401,-1.7626977849502767,-1.8000063918794256,-1.7566778307950246,1.8203012669014524,1.17560556820438,-0.0005604830166038356,-0.0029036564809943335,-0.0058419310053196795,0.0011256291435092108,-0.0053313107641946725,0.006585010501036624,0.00020355333476311494,1.1783798863631312,1.2541728146964382
10.009999999999831,0.602462143791531,-0.20015432392003626,0.007980263262124546,0.011171727413846205,0.11715426955079061,0.165082999956212,ok,1.7022550974722304,-1.67843528308665,-1.76275620426033,-1.7999951355879904,-1.7567311439026665,1.8203671170064628,1.1756076037377277,-0.0005669022179741993,-0.0028911713462268056,-0.00581680800136379,0.0011076407025720134,-0.005310934990041984,0.00655525052861401,0.00020750441692540098,1.18032546322919,1.2560874866079805
10.01999999999983,0.6024590340524787,-0.20015664519939397,0.007945874746488835,0.011133476945265917,0.11715144812192052,0.24620800104457885,ok,1.7022494284500507,-1.6784641948001122,-1.7628143723403435,-1.7999840591809646,-1.7567842532525668,1.820432669511749,1.1756096787818968,-0.0005732554028439412,-0.002878740541984095,-0.005791800740400455,0.0010897872217376446,-0.005290641061201199,0.0065256318795150646,0.00021141659863966263,1.1822711988876387,1.2580023714334818
10.02999999999983,0.6024559072981138,-0.20015894390715405,0.00791164072619957,0.011095356821916686,0.11714863541290098,0.11629199980234262,ok,1.7022436958960223,-1.6784929822055321,-1.7628722903477476,-1.7999731613087473,-1.7568371596631789,1.820497925830544,1.1756117929478833,-0.0005795430507807416,-0.0028663638658366357,-0.005766908618929503,0.0010720678372943403,-0.005270428644188021,0.006496153817196177,0.0002152901582258658,1.184217092619081,1.2599174684197711
10.03999999999983,0.6024527637404102,-0.20016122019906668,0.007877560474933404,0.01105736661324703,0.11714583140278945,0.05849999979545828,ok,1.7022379004655146,-1.6785216458441905,-1.762929959433937,-1.7999624406303742,-1.7568898639496207,1.820562887368716,1.1756139458494657,-0.0005857656378210626,-0.0028540411141003063,-0.005742131038148609,0.0010544816908688974,-0.005250297405596051,0.006466815610802081,0.0002191253723737716,1.1861631437086573,1.261832776817234
10.04999999999983,0.6024496035896759,-0.20016347422989786,0.007843633269966982,0.011019505889945136,0.11714303607061856,0.04549999903247226,ok,1.7022320428091364,-1.6785501862553316,-1.7629873807443184,-1.7999518958134655,-1.7569423669236766,1.8206275555248241,1.1756161371031895,-0.0005919236364976446,-0.0028417720819513556,-0.005717467403855403,0.001037027929405616,-0.005230247012172449,0.006437616535032051,0.00022292251613236137,1.1881093514460077,1.263748295879786
10.05999999999983,0.6024464270545677,-0.20016570615343554,0.0078098583921573095,0.010981774223937467,0.11714024939539766,0.1573330009705387,ok,1.7022261235727714,-1.678578603976151,-1.763044555418357,-1.7999415255341715,-1.7569946693937983,1.8206919316901744,1.1756183663283508,-0.0005980175158938373,-0.002829556563523063,-0.005692917126364246,0.0010197057051153993,-0.005210277130893948,0.006408555870042309,0.00022668186292293605,1.1900557151252353,1.2656640248648527
10.06999999999983,0.6024432343421013,-0.20016791612249596,0.007776235125923903,0.01094417118838789,0.11713747135611159,0.08220899871957954,ok,1.7022201433976125,-1.6786068995417862,-1.7631014845896205,-1.7999313284771203,-1.7570467721651073,1.8207560172488748,1.17562063314698,-0.0006040477416804471,-0.0028173943520445775,-0.005668479620392868,0.0010025141754496894,-0.005190387429064049,0.006379632901290912,0.00023040368451888375,1.1920022340448708,1.2675799630333437
10.07999999999983,0.6024400256576637,-0.2001701042889295,0.0077427627592290965,0.010906696357695533,0.11713470193172422,0.062041999626671895,ok,1.7022141029201958,-1.6786350734853066,-1.7631581693858245,-1.7999213033353658,-1.7570986760393978,1.8208198135778877,1.1756229371838252,-0.0006100147761564889,-0.0028052852399134145,-0.00564415430499965,0.000985452503061919,-0.0051705775743648135,0.006350846919468605,0.00023408825106057465,1.1939489075078362,1.2694961096496338
10.08999999999983,0.6024368012050255,-0.20017227080362773,0.007709440583559796,0.0108693493074951,0.11713194110117953,0.04975000047124922,ok,1.7022080027724342,-1.6786631263377056,-1.7632146109288744,-1.7999114488103352,-1.7571503818151415,1.8208833220470824,1.1756252780663357,-0.0006159190782907965,-0.0027932290188296145,-0.005619940603467912,0.0009685198557715738,-0.005150847234958459,0.006322197220342883,0.0002377358310457109,1.1958957348214085,1.2714124639815365
10.09999999999983,0.6024335611863522,-0.2001744158165278,0.007676267893908725,0.010832129614652703,0.11712918884340061,0.04458399962459225,ok,1.7022018435816513,-1.678691058627894,-1.763270810334909,-1.7999017636117773,-1.757201890287491,1.8209465440192858,1.175627655424646,-0.0006217611037487854,-0.0027812254798104947,-0.0055958379432799335,0.0009517154065352689,-0.005131196079478891,0.006293683104732535,0.00024134669133726432,1.1978427152971876,1.2733290253002856
10.109999999999829,0.6024303058022155,-0.20017653947661979,0.0076432439887559045,0.010795036857265699,0.11712644513729344,0.04362499930721242,ok,1.7021956259706137,-1.6787188708826921,-1.763326768714342,-1.799892246457712,-1.7572532022482859,1.8210094808503332,1.1756300688915595,-0.0006275413049427877,-0.0027692744133666954,-0.005571845755980862,0.0009350383334061931,-0.005111623777185581,0.006265303878328216,0.0002449210971631384,1.199789848251058,1.2752457928805114
10.119999999999829,0.602427035251606,-0.20017864193195223,0.00761036817005073,0.010758070614662833,0.11712370996174559,0.043125000956933945,ok,1.7021893505575643,-1.6787465636268257,-1.7633824871719017,-1.799882896074378,-1.7573043184860577,1.8210721338891165,1.175632518102531,-0.0006332601310625915,-0.0027573756095418257,-0.005547963477128656,0.000918487819505167,-0.005092129997962299,0.00623705885163405,0.0002484593121030274,1.2017371330031577,1.27716276600022
10.129999999999828,0.6024237497319437,-0.20018072332963785,0.007577639743192741,0.010721230467399184,0.1171209832956294,0.17795799976738635,ok,1.7021830179562536,-1.6787741373829212,-1.763437966806673,-1.799873711196183,-1.7573552397860372,1.8211345044776328,1.1756350026956521,-0.0006389180281039208,-0.002745528857969091,-0.005524190546240511,0.0009020630529870955,-0.005072714412366149,0.006208947339896843,0.00025196159811453363,1.2036845688778421,1.279079943940771
10.139999999999828,0.6024204494390895,-0.2001827838158599,0.007545058017014578,0.010684515997257593,0.11711826511780206,0.18812500093190465,ok,1.7021766287759725,-1.678801592671501,-1.7634932087121356,-1.799864690565653,-1.757405966930161,1.8211965939510317,1.1756375223116333,-0.0006445154389063836,-0.002733733947969132,-0.0055005264067072455,0.0008857632270075768,-0.005053376691702629,0.006180968662999026,0.00025542821551936167,1.2056321552036517,1.2809973259868577
10.149999999999828,0.6024171345673569,-0.20018482353587755,0.007512622303763233,0.010647926787245753,0.11711555540710562,0.11025000094377901,ok,1.7021701836215835,-1.6788289300109807,-1.7635482139762026,-1.799855832933383,-1.757456500697078,1.8212584036376618,1.1756400765937884,-0.0006500528031948944,-0.002721990668627399,-0.005476970505724623,0.0008695875396844405,-0.005034116508072154,0.006153122145377921,0.0002588594230088712,1.2075798913132785,1.282914911426485
10.159999999999828,0.6024138053095234,-0.20018684263403164,0.007480331919081998,0.010611462421594785,0.1171128541423701,0.18845799968403298,ok,1.7021636830935516,-1.6788561499176669,-1.76360298368126,-1.799847137057986,-1.7575068418621587,1.8213199348591156,1.1756426651880185,-0.0006555305575912805,-0.0027102988088233693,-0.005453522294243943,0.0008535351940809492,-0.0050149335343768866,0.006125407115952726,0.00026225547764872155,1.2095277765435322,1.2848326995509507
10.169999999999828,0.6024104618568406,-0.2001888412537513,0.007448186181993152,0.010575122485757166,0.11711016130241318,0.07658300091861747,ok,1.7021571277879757,-1.6788832529057551,-1.7636575189042023,-1.7998386017060453,-1.7575569911975024,1.8213811889302751,1.175645287742795,-0.000660949135665882,-0.002698658157326231,-0.0054301812269026434,0.0008376053981556319,-0.004995827444409035,0.006097822908050292,0.00026561663488626936,1.211475810235309,1.286750689654822
10.179999999999827,0.6024071043990463,-0.20019081953755846,0.007416184414879609,0.010538906566406006,0.11710747686604173,0.16354200124624185,ok,1.702150518296619,-1.6789102394873283,-1.7637118207164713,-1.7998302256520637,-1.7576069494719464,1.8214421671593557,1.1756479439091438,-0.0006663089679517083,-0.0026870685028165865,-0.0054069467619811,0.0008217973647423665,-0.004976797912846429,0.006070368859341447,0.00026894314855069784,1.2134239917335583,1.2886688810359181
10.189999999999827,0.6024037331243752,-0.20019277762707463,0.007384325943467454,0.010502814251432136,0.11710480081205174,0.08641599924885668,ok,1.7021438552069394,-1.6789371101723565,-1.7637658901840911,-1.7998220076784164,-1.7576567174510749,1.821502870847949,1.1756506333406294,-0.0006716104819865194,-0.002675529633990691,-0.0053838183613193515,0.0008061103115179429,-0.004957844615327213,0.006043044311743342,0.0002722352708527496,1.2153723203872524,1.2905872729952885
10.199999999999827,0.6024003482195697,-0.20019471566302566,0.007352610096808765,0.01046684512994377,0.11710213311923112,0.07191699842223898,ok,1.7021371391021196,-1.6789638654686965,-1.7638197283677044,-1.7998139465753011,-1.757706295897228,1.8215633012910666,1.175653355693338,-0.0006768541023356718,-0.002664041339568462,-0.0053607954902855975,0.0007905434609641179,-0.004938967228454398,0.006015848611376431,0.00027549325239831744,1.2173207955493526,1.2925058648371945
10.209999999999827,0.6023969498698906,-0.2001966337852481,0.007321036207263654,0.01043099879226399,0.11709947376635907,0.07466600072802976,ok,1.7021303705610962,-1.6789905058820922,-1.7638733363226073,-1.7998060411406915,-1.7577556855695127,1.8216234597771803,1.1756561106258618,-0.0006820402506132832,-0.00265260340833605,-0.0053378776177353485,0.0007750960403465815,-0.004920165429822654,0.005988781108517385,0.000278717342193919,1.219269416576779,1.2944246558690882
10.219999999999827,0.602393538259128,-0.2001985321326944,0.007289603610483253,0.010395274829928414,0.11709682273220755,0.07983399882505182,ok,1.70212355015859,-1.6790170319161755,-1.7639267150987847,-1.799798290180288,-1.757804887223811,1.8216833475882654,1.1756588977992837,-0.0006871693455235745,-0.00264121562923269,-0.0053150642159306835,0.0007597672816772094,-0.0049014388980697455,0.005961841157497129,0.00028190778763989967,1.2212181828303805,1.2963436454015935
10.229999999999826,0.6023901135696124,-0.20020041084343815,0.007258311645391896,0.01035967283568434,0.11709417999554386,0.1976670009753434,ok,1.702116678465135,-1.6790434440724678,-1.763979865740944,-1.7997906925074714,-1.7578539016127916,1.8217429659998403,1.1756617168771601,-0.0006922418028785562,-0.002629877791370182,-0.005292354760506531,0.0007445564216870144,-0.004882787312896293,0.005935028116658272,0.0002850648345498682,1.2231670936749015,1.2982628327484877
10.239999999999826,0.6023866759822244,-0.20020227005468064,0.007227159654170548,0.010324192403489054,0.11709154553512693,0.12758299999404699,ok,1.7021097560471061,-1.6790697428503814,-1.764032789288549,-1.7997832469432544,-1.7579027294859206,1.8218023162810069,1.1756645675255057,-0.0006972580356277621,-0.0026185896840560446,-0.005269748730443172,0.0007294627017915516,-0.004864210355074393,0.005908341348330772,0.0002881887271485421,1.2251161484789546,1.300182217226681
10.249999999999826,0.6023832256764059,-0.2002041099027551,0.007196146982239582,0.010288833128507547,0.11708891932971406,0.06933300028322265,ok,1.70210278346675,-1.679095928747222,-1.7640854867758535,-1.7997759523162364,-1.7579513715894715,1.8218613996944901,1.1756674494127772,-0.000702218453882358,-0.0026073510968743115,-0.005247245607980989,0.0007144853680696936,-0.004845707706492491,0.005881780218709056,0.00029127970807529623,1.2270653466149881,1.302101798156199
10.259999999999826,0.60237976283017,-0.2002059305231327,0.0071652729782416685,0.01025359460710963,0.1170863013580576,0.06833400038885884,ok,1.7020957612822112,-1.6791220022581907,-1.7641379592319333,-1.7997688074625557,-1.7579998286665364,1.8219202174966773,1.1756703622098579,-0.0007071234649346829,-0.0025961618196597867,-0.005224844878634081,0.000699623671229978,-0.004827279050144259,0.005855344097889465,0.00029433801840796845,1.2290146874592578,1.3040215748601633
10.269999999999825,0.6023762876201121,-0.2002077320504286,0.007134536994024845,0.010218476436870962,0.1170836915989078,0.19425000027695205,ok,1.7020886900475618,-1.6791479638763873,-1.7641902076807197,-1.7997618112258433,-1.7580481014570377,1.8219787709376563,1.175673305590042,-0.0007119734732966696,-0.002585021642601974,-0.00520254603108715,0.0006848768665767794,-0.004808924070193107,0.005829032359730342,0.00029736389763826985,1.230964170391796,1.3059415466647715
10.279999999999825,0.6023728002214197,-0.20020951461840578,0.00710393838462578,0.010183478216567775,0.11708109003101343,0.09549999958835542,ok,1.702081570312829,-1.6791738140928134,-1.7642422331410306,-1.7997549624571776,-1.7580961906977397,1.8220370612612535,1.1756762792290183,-0.0007167688807142729,-0.0025739303562335543,-0.005180348557194967,0.0006702442139868799,-0.004790642451960132,0.005802844381855807,0.0003003575837082479,1.232913794796383,1.3078617128992818
10.289999999999825,0.6023693008078821,-0.2002112783599818,0.007073476508253712,0.010148599546177759,0.11707849663312161,0.08745800005272031,ok,1.7020744026240218,-1.6791995533963757,-1.7642940366266024,-1.7997482600150376,-1.7581440971222593,1.822095089705072,1.1756792828048555,-0.0007215100861844385,-0.002562887751450836,-0.005158251951942719,0.0006557249778825759,-0.004772433881932046,0.005776779545606017,0.0003033193130064294,1.2348635600605193,1.3097820728959924
10.299999999999825,0.6023657895519015,-0.20021302340723335,0.007043150726272374,0.010113840026875655,0.11707591138397919,0.07420800102408975,ok,1.7020671875231599,-1.6792251822738902,-1.764345619146122,-1.799741702765259,-1.7581918214610786,1.8221528575005281,1.1756823159979854,-0.0007261974859935846,-0.002551893619565588,-0.005136255713396811,0.0006413184271949085,-0.004754298047793468,0.005750837235985736,0.00030624932036544845,1.236813465575395,1.3117026259902247
10.309999999999825,0.6023622666245028,-0.2002147498914017,0.007012960403185303,0.01007919926103435,0.11707333426233471,0.04579200140142348,ok,1.7020599255483,-1.679250701210086,-1.7643969817032559,-1.799735289580987,-1.7582393644415566,1.822210365872888,1.1756853784911891,-0.000730831473738536,-0.002540947752356735,-0.005114359342655426,0.0006270238353405367,-0.004736234638463272,0.005725016841595778,0.0003091478390813129,1.2387635107358614,1.3136233715203045
10.319999999999824,0.6023587321953429,-0.20021645794289822,0.0069829049066177235,0.010044676852219235,0.11707076524693791,0.044624999645748176,ok,1.7020526172335626,-1.6792761106876095,-1.7644481252966824,-1.7997290193426336,-1.7582867267879412,1.822267616041304,1.17568846996958,-0.000735412440325818,-0.002530049942014036,-0.005092562343853174,0.0006128404802007581,-0.004718243344040652,0.005699317754635598,0.0003120151009171419,1.2407136949404054,1.3155443088275443
10.329999999999824,0.602355186432721,-0.20021814769130897,0.006952983607301594,0.010010272405189232,0.11706820431654072,0.17137500071839895,ok,1.7020452631091594,-1.6793014111870297,-1.7644990509201208,-1.7997228909378316,-1.7583339092213817,1.8223246092188503,1.175691590120589,-0.0007399407740275017,-0.0025191999812376577,-0.005070864224094944,0.0005987676440742922,-0.00470032385588503,0.005673739370841018,0.0003148513361111105,1.2426640175911179,1.3174654372562273
10.339999999999824,0.6023516295035894,-0.20021981926540042,0.006923195879058333,0.009975985525893922,0.11706565144989814,0.21004199879826047,ok,1.702037863701419,-1.6793266031868421,-1.7645497595623618,-1.7997169032613909,-1.7583809124599405,1.8223813466125587,1.1756947386339502,-0.00074441686047982,-0.002508397663240082,-0.005049264493421192,0.0005848046136710491,-0.004682475866593772,0.005648281089421716,0.00031765677337792006,1.244614478093669,1.319386756153587
10.349999999999824,0.6023480615735621,-0.20022147279312433,0.00689354109878372,0.00994181582147139,0.1170631066257695,0.10091699914482888,ok,1.7020304195328142,-1.6793516871634746,-1.764600252207296,-1.7997110552152542,-1.7584277372186066,1.822437829423453,1.175697915201684,-0.0007488410827094284,-0.002497642781751343,-0.005027762664795053,0.0005709506800730052,-0.00466469907001567,0.0056229423130563045,0.00032043163992279865,1.24656507585728,1.3213082648697925
10.359999999999824,0.6023444828069241,-0.2002231084016225,0.006864018646430825,0.009907762900244753,0.11706056982291835,0.09016600051836576,ok,1.7020229311219872,-1.6793766635912921,-1.764650529833944,-1.7997053457084535,-1.7584743842093067,1.8224940588465834,1.1757011195180833,-0.0007532138211553368,-0.0024869351310238177,-0.005006358254076538,0.0005572051387067966,-0.004646993161242654,0.0055977224478703114,0.000323176161451915,1.2485158102946956,1.32322996275793
10.369999999999823,0.6023408933666421,-0.20022472621723267,0.006834627904994811,0.009873826371723274,0.11705804102011426,0.1630000006116461,ok,1.7020153989837756,-1.6794015329426024,-1.7647005934164848,-1.7996997736570666,-1.7585208541409192,1.8225500360710623,1.1757043512796979,-0.0007575354536910855,-0.002476274505896818,-0.004985050779960289,0.0005435672893200218,-0.004629357836651173,0.005572620903345249,0.0003258905621700128,1.2504666808221574,1.3251518491739869
10.379999999999823,0.6023372934143743,-0.20022632636549303,0.006805368260496575,0.009840005846598261,0.11705552019613247,0.09787500130187254,ok,1.7020078236292386,-1.6794262956876613,-1.7647504439242845,-1.7996943379841734,-1.7585671477192857,1.8226057622800957,1.1757076101853197,-0.0007618063556454293,-0.0024656607017982434,-0.004963839763964613,0.0005300364359540827,-0.004611792793900687,0.005547637092314426,0.000328575064793019,1.2524176868593784,1.3270739234768327
10.389999999999823,0.6023336831104783,-0.20022790897114712,0.00677623910196723,0.009806300936740134,0.11705300732975554,0.07575000017823186,ok,1.7020002055656822,-1.6794509522946792,-1.764800082321924,-1.7996890376198138,-1.7586132656472246,1.8226612386510188,1.1757108959359677,-0.0007660268998123155,-0.0024550935147245705,-0.004942724730414246,0.0005166118869177872,-0.004594297731910482,0.005522770430939531,0.0003312298905640263,1.2543688278295135,1.328996185028205
10.399999999999823,0.6023300626140221,-0.20022947415814885,0.006747239821432327,0.009772711255198649,0.11705050239977378,0.10570799895504024,ok,1.701992545296684,-1.6794755032298265,-1.7648495095692283,-1.7996838715009447,-1.7586592086245438,1.8227164663553281,1.1757142082348733,-0.0007701974564872465,-0.002444572741291331,-0.004921705206398827,0.0005032929547538498,-0.004576872350891846,0.005498020338672989,0.0003338552592468843,1.2563201031591376,1.3309186331926912
10.409999999999823,0.6023264320827927,-0.20023102204966742,0.0067183698138963965,0.009739236416199004,0.11704800538498485,0.054999998610583134,ok,1.7019848433221192,-1.6794999489572395,-1.7648987266212923,-1.799678838571397,-1.7587049773480528,1.8227714465587148,1.1757175467874657,-0.0007743183934667772,-0.0024340981787407596,-0.00490078072174458,0.0004900789562289099,-0.004559516352347892,0.005473386238203163,0.00033645138914646964,1.2582715122782169,1.3328412673377117
10.419999999999822,0.6023227916733049,-0.2002325527680929,0.006689628477327056,0.009705876035140618,0.1170455162641969,0.16512500042153988,ok,1.7019771001381845,-1.679524289939027,-1.7649477344285098,-1.7996739377818347,-1.7587505725115762,1.8228261804210968,1.1757209113013571,-0.0007783900760871419,-0.002423669624952052,-0.004879950808993923,0.00047696921228866564,-0.004542229439072789,0.005448867555451782,0.00033901849710324936,1.2602230546200834,1.3347640868335053
10.429999999999822,0.6023191415408118,-0.20023406643503983,0.006661015212640273,0.009672629728594475,0.11704303501622683,0.1315000008617062,ok,1.7019693162374236,-1.6795485266352765,-1.7649965339365998,-1.799669168089712,-1.7587959948059668,1.8228806690966513,1.1757243014863281,-0.0007824128672247819,-0.002413286878435658,-0.004859215003386299,0.00046396304804444707,-0.004525011315150476,0.005424463719539233,0.00034155679852059694,1.262174729621411,1.3366870910531115
10.439999999999822,0.6023154818393132,-0.2002355631713533,0.00663252942368428,0.009639497114302125,0.11704056161990281,0.07979200017871335,ok,1.7019614921087514,-1.679572659504061,-1.7650451260866338,-1.7996645284592314,-1.7588412449191184,1.8229349137338466,1.1757277170543132,-0.0007863871273298818,-0.0024029497383936636,-0.004838572842805481,0.00045105979274448656,-0.004507861685981946,0.0054001741627237145,0.00034406650735247565,1.2641265367221886,1.338610279372354
10.449999999999822,0.602311812721564,-0.20023704309711277,0.006604170517224728,0.009606477811171127,0.11703809605406303,0.08658300066599622,ok,1.701953628237478,-1.6795966890014449,-1.765093511815062,-1.799660017861304,-1.7588863235359782,1.822988915475474,1.1757311577193867,-0.000790313214435572,-0.0023926580046497448,-0.0048180238678048075,0.0004382587797398907,-0.004490780258237491,0.005375998320443372,0.0003465478361300705,1.2660784753656966,1.340533651169827
10.459999999999821,0.6023081343390846,-0.2002385063316373,0.0065759379029293324,0.009573571439275327,0.11703563829755839,0.13145800039637834,ok,1.7019457251053338,-1.6796206155814914,-1.76514169205374,-1.7996556352735067,-1.7589312313385606,1.8230426754586784,1.1757346231977481,-0.0007941914841775419,-0.002382411477764117,-0.004797567621518702,0.000425559346480268,-0.0044737667399260585,0.005351935631188088,0.00034900099594887315,1.2680305449984817,1.3424572058268767
10.469999999999821,0.6023044468421691,-0.20023995299349082,0.0065478309933528905,0.0095407776198521,0.11703318832925173,0.09475000115344301,ok,1.701937783190492,-1.679644439696269,-1.7651896677299552,-1.799651379680042,-1.7589759690059599,1.8230961948149902,1.1757381132077076,-0.0007980222898105661,-0.0023722099589189144,-0.004777203649713136,0.00041296083446031023,-0.004456820840322103,0.005327985536589229,0.0003514261965058703,1.2699827450703314,1.3443809427275875
10.479999999999821,0.6023007503798932,-0.20024138320048548,0.006519849203922665,0.009508095975298014,0.11703074612801921,0.10624999958963599,ok,1.701929802967594,-1.6796681617958582,-1.7652374397664523,-1.7996472500716973,-1.759020537214363,1.823149474670356,1.1757416274696726,-0.0008018059822309453,-0.0023620532500477987,-0.004756931500690455,0.0004004625892214482,-0.004439942270030326,0.005304147481280684,0.0003538236460742028,1.2719350750342517,1.3463048612587651
10.48999999999982,0.6022970451001256,-0.20024279706968787,0.006491991952922521,0.009475526129170703,0.11702831167275046,0.057375000324100256,ok,1.7019217849077717,-1.6796917823283586,-1.7652850090814591,-1.7996432454458051,-1.7590649366370634,1.8232025161451688,1.1757451657061333,-0.0008055429099891172,-0.0023519411537573317,-0.004736750725320144,0.0003880639603091457,-0.004423130740941453,0.005280420912956547,0.0003561935515367793,1.2738875343464413,1.348228960809922
10.49999999999982,0.602293331149534,-0.20024419471742233,0.006464258661478886,0.00944306770618222,0.11702588494234889,0.04433299909578636,ok,1.7019137294786717,-1.6797153017398962,-1.7653323765887123,-1.7996393648062021,-1.7591091679444728,1.8232553203542985,1.1757487276416487,-0.0008092334193055958,-0.0023418734733606375,-0.004716660877000296,0.00037576430125309083,-0.004406385966250904,0.005256805282314139,0.0003585361183891,1.2758401224662683,1.3501532407732617
10.50999999999982,0.6022896086735953,-0.20024557625927641,0.006436648753545743,0.009410720332199867,0.1170234659157339,0.16808300097181927,ok,1.7019056371444787,-1.67973872047463,-1.7653795431974824,-1.7996356071631896,-1.7591532318041354,1.8233078884071217,1.1757523130028327,-0.0008128778540913246,-0.002331850012912078,-0.004696661511617597,0.00036356296954969113,-0.004389707660469409,0.005233300043006172,0.0003608515507369937,1.2777928388562476,1.3520777005436633
10.51999999999982,0.6022858778166041,-0.2002469418101055,0.006409161655890075,0.009378483634243194,0.11702105457184019,0.10770799963211175,ok,1.7018975083659378,-1.679762038974759,-1.7654265098125985,-1.799631971533494,-1.7591971288807402,1.8233602214075517,1.17575592151834,-0.000816476555967985,-0.0023218705771714363,-0.004676752187557294,0.000351459326625212,-0.004373095539389084,0.005209904651668922,0.000363140051311516,1.2797456829820162,1.3540023395186662
10.52999999999982,0.6022821387216807,-0.20024829148403667,0.006381796798077058,0.009346357240480576,0.11701865088961734,0.09216699982061982,ok,1.7018893436003781,-1.6797852576805308,-1.7654732773344741,-1.7996284569402279,-1.759240859836134,1.8234123204540684,1.1757595529188531,-0.0008200298642669041,-0.0023119349716148618,-0.004656932465670951,0.0003394527378236571,-0.004356549320104433,0.005186618567862825,0.00036540182149045423,1.2816986543123097,1.3559271570984561
10.53999999999982,0.6022783915307799,-0.20024962539447405,0.006354553612455488,0.009314340780228397,0.11701625484803302,0.08091700146906078,ok,1.7018811433017356,-1.679808377030247,-1.7655198466591309,-1.7996250624128496,-1.759284425329335,1.823464186639747,1.175763206937068,-0.0008235381160646248,-0.002302043002457995,-0.004637201909253418,0.00032754257237626173,-0.004340068720997837,0.0051634412540643975,0.0003676370612803886,1.2836517523189415,1.3578521526858494
10.54999999999982,0.6022746363846995,-0.20025094365410254,0.006327431534144098,0.009282433883947625,0.11701386642607085,0.18916599947260693,ok,1.701872907920575,-1.6798313974602717,-1.7655662186782235,-1.7996217869871258,-1.7593278260165448,1.8235158210522877,1.1757668833076809,-0.0008270016461946922,-0.002292194476664611,-0.004617560084018543,0.0003157282033728688,-0.0043236534617720635,0.00514037217562672,0.00036984596934907095,1.2856049764767776,1.3597773256862775
10.55999999999982,0.602270873423089,-0.20025224637489314,0.0063004300010164604,0.009250636183243784,0.1170114856027339,0.19350000002305023,ok,1.7018646379041131,-1.6798543194050384,-1.7656123942790636,-1.799618629705092,-1.7593710625511625,1.823567224774044,1.1757705817673743,-0.0008304207872574648,-0.0022823892019411952,-0.004598006558081544,0.000304009007753667,-0.004307303263402868,0.005117410800763738,0.00037202874301186736,1.2875583262637151,1.361702675507774
10.569999999999819,0.6022671027844573,-0.20025353366810664,0.006273548453686564,0.009218947310860905,0.11700911235704181,0.13545799993153196,ok,1.7018563336962405,-1.6798771432970578,-1.7656583743446443,-1.7996155896150146,-1.7594141355837964,1.8236183988820516,1.1757743020548044,-0.0008337958696392152,-0.0022726269867180044,-0.0045785409019616155,0.0002923843662662433,-0.004291017848155632,0.005094556600559484,0.00037418557826425703,1.2895118011606603,1.363628201560958
10.579999999999819,0.6022633246061803,-0.20025480564429846,0.006246786335495219,0.00918736690068158,0.11700674666803419,0.1249169999937294,ok,1.701847995737544,-1.679899869566925,-1.765704159753664,-1.7996126657713518,-1.759457045762278,1.8236693444480572,1.175778043910587,-0.0008371272215196689,-0.0022629076401693487,-0.0045591626885447874,0.00028085366346166003,-0.004274796939569324,0.005071809048912077,0.0003763166697723763,1.2914654006515054,1.3655539032590218
10.589999999999819,0.6022595390245118,-0.2002560624133228,0.0062201430924958,0.0091558945877257,0.11700438851476981,0.15470800099137705,ok,1.7018396244653289,-1.6799224986433265,-1.7657497513805496,-1.7996098572347172,-1.7594997937316736,1.8237200625385463,1.1757818070772847,-0.0008404151689069799,-0.002253230972251446,-0.004539871493050785,0.00026941628765488886,-0.004258640262490995,0.005049167622504333,0.0003784222108803042,1.2934191242231075,1.3674797800177156
10.599999999999818,0.6022557461745881,-0.20025730408433703,0.006193618173440288,0.009124530008145258,0.11700203787632733,0.09233300079358742,ok,1.7018312203136399,-1.679945030953049,-1.76579515009548,-1.7996071630718407,-1.7595423801342986,1.8237705542147713,1.1757855912993935,-0.0008436600356360374,-0.0022435967936491343,-0.0045206668930492765,0.0002580716309077778,-0.0042425475430353,0.005026631800828905,0.00038050239363488837,1.295372971365266,1.3694058312553319
10.609999999999818,0.6022519461904388,-0.2002585307658065,0.006167211029764724,0.00909327279922409,0.11699969473180566,0.09216699982061982,ok,1.7018227837132835,-1.6799674669209854,-1.7658403567644105,-1.7996045823555316,-1.759584805609729,1.8238208205327795,1.17578939632333,-0.000846862143384174,-0.0022340049158091294,-0.004501548468415811,0.00024681908901198524,-0.004226518508587539,0.005004201066118535,0.0003825574087748805,1.297326941570702,1.3713320563926932
10.619999999999818,0.6022481392049931,-0.20025974256550808,0.006140921115576237,0.009062122599374752,0.11699735906032499,0.08495899965055287,ok,1.7018143150918497,-1.6799898069701436,-1.7658853722490946,-1.7996021141646414,-1.7596270707948147,1.8238708625434408,1.1757932218974176,-0.0008500218116912808,-0.0022244551509212006,-0.004482515801339628,0.0002356580614581932,-0.004210552887800895,0.0049818749033806965,0.0003845874457552634,1.2992810343350358,1.3732584548531377
10.629999999999818,0.6022443253500888,-0.20026093959053493,0.0061147478876383415,0.009031079048135542,0.11699503084102723,0.0519580007676268,ok,1.7018058148737327,-1.6800120515216528,-1.765930197407108,-1.7995997575840268,-1.7596691763236927,1.8239206812924746,1.1757970677718752,-0.0008531393579785752,-0.002214947311954263,-0.004463568476273989,0.0002245879514130062,-0.004194650410609009,0.004959652800320134,0.00038659269273848593,1.3012352491567665,1.375185026062504
10.639999999999818,0.6022405047564799,-0.2002621219473007,0.006088690805358191,0.009000141786170465,0.11699271005307521,0.19691699890245218,ok,1.701797283480153,-1.6800342009947724,-1.7659748330918708,-1.7995975117045127,-1.7597111228277988,1.8239702778204778,1.1758009336988027,-0.000856215097549664,-0.0022054812126205046,-0.004444706079949961,0.00021360816570501197,-0.004178810808198484,0.0049375342473626195,0.00038857333661961567,1.3031895855372508,1.377111769449119
10.649999999999817,0.6022366775538444,-0.2002632897415436,0.006062749330771985,0.008969310455264065,0.1169903966756556,0.13908300024922937,ok,1.7017887213291774,-1.6800562558068985,-1.7660192801526702,-1.7995953756228555,-1.759752910935881,1.8240196531629516,1.1758048194321689,-0.0008592493436181319,-0.00219605666740171,-0.004425928201340598,0.00020271811479518186,-0.004163033813014389,0.00491551873761591,0.0003905295630254828,1.3051440429806818,1.3790386844437827
10.659999999999817,0.6022328438707917,-0.20026444307833052,0.006036922928532265,0.008938584698320146,0.11698809068797679,0.11041699872293975,ok,1.7017801288357413,-1.6800782163735726,-1.7660635394346835,-1.7995933484417075,-1.759794541274011,1.8240688083503278,1.175808724727799,-0.0008622424073166555,-0.0021866734915429674,-0.004407234431652949,0.00019191721275333424,-0.004147319158770893,0.004893605766857992,0.0003924615563220421,1.3070986209940687,1.3809657704797558
10.669999999999817,0.6022290038348707,-0.20026558206206158,0.006011211065893432,0.008907964159359266,0.11698579206927087,0.07370799903583247,ok,1.701771506411668,-1.680100083108488,-1.766107611779,-1.79959142926958,-1.7598360144655987,1.8241177444079963,1.1758126493433623,-0.0008651945977066068,-0.002177331501035491,-0.004388624364319663,0.00018120487724514607,-0.004131666580403928,0.0048717948335317935,0.0003943694996238495,1.3090533190872164,1.3828930269927446
10.679999999999817,0.6022251575725778,-0.20026670679647404,0.005985613212699359,0.008877448483517326,0.11698350079879428,0.07104199903551489,ok,1.701762854465691,-1.6801218564234983,-1.7661514980226432,-1.7995896172208077,-1.7598773311314027,1.8241664623563316,1.1758165930383586,-0.0008681062217995979,-0.0021680305126496892,-0.004370097594963608,0.00017058052950050096,-0.004116075814120057,0.004850085438695223,0.0003962535748053385,1.311008136772705,1.384820453420888
10.689999999999817,0.6022213052093639,-0.20026781738464644,0.005960128841369372,0.008847037317041655,0.11698121685582756,0.2069589991151588,ok,1.7017541734034731,-1.6801435367286248,-1.766195198998593,-1.7995879114155127,-1.7599184918895439,1.8242149632107185,1.1758205555741066,-0.0008709775845713258,-0.002158770343913579,-0.00435165372139952,0.0001600435942945704,-0.0041005465973543015,0.004828477086039125,0.0003981139625014343,1.3129630735658688,1.3867480492047473
10.699999999999816,0.6022174468696426,-0.2002689139290025,0.00593475742688547,0.008816730307289753,0.1169789402196753,0.16804199913167395,ok,1.7017454636276275,-1.680165124432064,-1.7662387155358068,-1.7995863109795698,-1.7599594973555175,1.824263247981579,1.1758245367137317,-0.0008738089889672508,-0.0021495508131263055,-0.004333292343604926,0.00014959349993089727,-0.004085078668786598,0.0048069692818360045,0.0003999508421272009,1.3149181289847793,1.3886758137872857
10.709999999999816,0.6022135826767967,-0.2002699965313154,0.005909498446778391,0.00878652710272531,0.11697667086966777,0.12908400094602257,ok,1.7017367255377378,-1.6801866199401951,-1.7662820484592427,-1.7995848150445706,-1.7600003481422053,1.8243113176743975,1.175828536222153,-0.000876600735921575,-0.002140371739322252,-0.004315013063732261,0.0001392296782138864,-0.004069671768304174,0.004785561534971271,0.0004017643918743115,1.316873302550221,1.3906037466138637
10.719999999999816,0.6022097127531867,-0.20027106529271183,0.005884351381115219,0.008756427352917331,0.11697440878516115,0.0820420009404188,ok,1.7017279595303787,-1.6802080236575883,-1.76632519858988,-1.7995834227477885,-1.7600410448598884,1.8243591732897473,1.1758325538660717,-0.0008793531243734622,-0.002131232942324476,-0.004296815486059167,0.0001289515644290735,-0.00405432563704075,0.0047642533568740065,0.000403554788723547,1.3188285937856767,1.3925318471322188
10.729999999999816,0.6022058372201577,-0.20027212031367606,0.005859315712485921,0.008726430708537656,0.1169721539455372,0.2137080009561032,ok,1.7017191659991349,-1.6802293359870115,-1.7663681667447406,-1.7995821332321442,-1.7600815881162588,1.824406815823316,1.1758365894139589,-0.0008820664512760981,-0.0021221342427138468,-0.004278699216992294,0.0001187585973255155,-0.004039040017346188,0.004743044261529124,0.0004053222084504018,1.320784002217303,1.3944601147924571
10.739999999999815,0.6022019561980467,-0.20027316169405354,0.0058343909259905985,0.008696536821356621,0.11696990633020438,0.12879200039606076,ok,1.701710345334622,-1.6802505573294386,-1.7664109537369106,-1.7995809456461709,-1.7601219785164324,1.8244542462659312,1.1758406426360433,-0.0008847410116109006,-0.002113075461820408,-0.004260663865055833,0.0001086502190869369,-0.004023814652777063,0.004721933765461215,0.00040706682564039105,1.322739527373915,1.3963885490470391
10.749999999999815,0.6021980698061903,-0.20027418953305504,0.0058095765092266854,0.008666745344243044,0.11696766591859784,0.10999999904015567,ok,1.701701497924506,-1.680271688084057,-1.7664535603755611,-1.79957985914398,-1.7601622166629602,1.8245014656035858,1.1758447133042997,-0.0008873770983998159,-0.002104056421738425,-0.00424270904087467,9.862587532073866e-05,-0.004008649288100522,0.004700921387716681,0.00040878881369011484,1.3246951687869668,1.3983171493507647
10.759999999999815,0.6021941781629314,-0.20027520392926101,0.005784871952275589,0.008637055931160377,0.1169654326901796,0.047917001211317256,ok,1.701692624153522,-1.6802927286482743,-1.7664959874659698,-1.7995788728852269,-1.7602023031558411,1.824548474817463,1.1758488011924366,-0.0008899750027225447,-0.0020950769453295178,-0.004224834357149236,8.868501502689413e-05,-0.003993543669296993,0.004680006649831937,0.00041048834481387036,1.326650925990529,1.400245915160764
10.769999999999815,0.6021902813856265,-0.20027620498062484,0.0057602767476903904,0.00860746823716384,0.11696320662443999,0.1172500014945399,ok,1.7016837244034948,-1.6803136794177276,-1.7665382358095414,-1.7995779860350767,-1.760242238592534,1.8245952748839613,1.1758529060758847,-0.0008925350137241735,-0.0020861368562042275,-0.00420703942865617,7.88270905874822e-05,-0.003978497543530417,0.004659189075842219,0.00041216559005560137,1.3286067985212748,1.402174845936483
10.779999999999815,0.602186379590653,-0.20027719278447748,0.0057357903904832475,0.008577981918399839,0.11696098770089688,0.09983299969462678,ok,1.7016747990533576,-1.6803345407862895,-1.7665803062038279,-1.7995771977641708,-1.7602820235679693,1.8246418667747197,1.1758570277317852,-0.0008950574186333091,-0.0020772359787422016,-0.004189323872225122,6.90515577362917e-05,-0.003963510659175811,0.004638468192248343,0.0004138207192886304,1.3305627859184581,1.4041039411396696
10.789999999999814,0.6021824728934165,-0.20027816743753038,0.005711412378111916,0.008548596632100424,0.11695877589909673,0.13095800022711046,ok,1.7016658484791714,-1.680355313146077,-1.7666221994425502,-1.7995765072485934,-1.760321658674561,1.8246882514566423,1.1758611659389782,-0.0008975425027671066,-0.0020683741380624716,-0.004171687306734236,5.935787554670663e-05,-0.0039485827657748645,0.004617843528010186,0.0004154539012441988,1.3325188877238963,1.4060332002343638
10.799999999999814,0.6021785614083578,-0.2002791290358798,0.00568714221046851,0.008519312036584525,0.11695657119861474,0.04654099939216394,ok,1.7016568730541437,-1.6803759968874574,-1.7666639163156175,-1.799575913669838,-1.7603611445022187,1.8247344298919224,1.1758653204779905,-0.0008999905495516665,-0.0020595511600450703,-0.004154129353093086,4.97455064060474e-05,-0.003933713614062404,0.004597314614537958,0.0004170653034897063,1.334475103481952,1.4079626226868838
10.809999999999814,0.6021746452489586,-0.20028007767501133,0.005662979389865874,0.008490127791251918,0.1169543735790555,0.043833999370690435,ok,1.7016478731486482,-1.6803965923990578,-1.7667054576091483,-1.799575416214774,-1.7604004816383594,1.8247804030380677,1.1758694911310255,-0.0009024018405329246,-0.002050766871327737,-0.004136649634222488,4.0213915995396974e-05,-0.0039189029559501855,0.004576880985659758,0.00041865509246012255,1.3364314327395135,1.409892207965813
10.819999999999814,0.6021707245277503,-0.20028101344980206,0.005638923421025843,0.008461043556583099,0.11695218302005217,0.21949999973003287,ok,1.7016388491302428,-1.680417100067771,-1.7667468241054904,-1.799575014075614,-1.7604396706679188,1.8248261718479242,1.17587367768195,-0.0009047766553856543,-0.0020420210992985566,-0.004119247775046617,3.0762573275126685e-05,-0.0039041505445170637,0.004556542177614965,0.00042022343344851244,1.3383878750459794,1.41182195554199
10.829999999999814,0.6021667993563204,-0.20028193645452552,0.005614973811066529,0.008432058994135235,0.11694999950126929,0.0954589995671995,ok,1.701629801363689,-1.680437520278764,-1.7667880165832408,-1.7995747064498813,-1.760478712173364,1.8248717372697003,1.1758778799162846,-0.0009071152719272104,-0.002033313672083734,-0.004101923402491125,2.139095045754305e-05,-0.0038894561340032147,0.004536297729054556,0.00042177049062976844,1.340344429953239,1.4137518648884946
10.839999999999813,0.602162869845318,-0.20028284678285563,0.005591130069490052,0.008403173766541257,0.11694782300240004,0.09524999950372148,ok,1.7016207302109698,-1.6804578534154848,-1.7668290358172658,-1.7995744925403767,-1.7605176067347041,1.8249171002469908,1.1758820976211908,-0.000909417966136068,-0.0020246444185711334,-0.004084676145449084,1.2098522988423229e-05,-0.0038748194798154494,0.004516147181003669,0.00042329642705448144,1.3423010970156548,1.4156819354806356
10.849999999999813,0.6021589361044623,-0.2002837445278695,0.005567391708170791,0.008374387537505941,0.11694565350316898,0.046582999857491814,ok,1.7016116360313085,-1.6804780998596704,-1.7668698825787204,-1.7995743715551469,-1.7605563549295022,1.8249622617188008,1.1758863305854612,-0.0009116850121435061,-0.0020160131683754313,-0.004067505634791044,2.884769542318897e-06,-0.0038602403384933133,0.004496090076863059,0.00042480140466072934,1.3442578757900443,1.4176121667959412
10.859999999999813,0.602154998242548,-0.20028462978205164,0.0055437582413427056,0.008345699971803486,0.11694349098333119,0.18941600137623027,ok,1.701602519181187,-1.6804982599913543,-1.7669105576350683,-1.7995743427074515,-1.7605949573328872,1.8250072226195695,1.1758905785995077,-0.0009139166822848035,-0.0020074197518895457,-0.0040504115033222566,-6.250828032342393e-06,-0.0038457184677647025,0.004476125962378554,0.000426285584288562,1.3462147658356651,1.4195425583141432
10.869999999999813,0.6021510563674535,-0.20028550263729755,0.005520229185587422,0.008317110735276568,0.11694133542267335,0.13945799946668558,ok,1.701593380014364,-1.6805183341888732,-1.7669510617501016,-1.7995744052157319,-1.7606334145175648,1.8250519838791932,1.1758948414553507,-0.0009161132470627837,-0.0019988640002140817,-0.004033393385807505,-1.530878468647006e-05,-0.003831253626454412,0.004456254385648269,0.00042774912567072605,1.3481717667141953,1.4214731095171689
10.879999999999812,0.6021471105861455,-0.20028636318491738,0.005496804059822474,0.00828861949483112,0.1169391868010132,0.10691599891288206,ok,1.7015842188818935,-1.6805383228288753,-1.7669913956839598,-1.7995745583035787,-1.7606717270538295,1.8250965464230497,1.1758991189466075,-0.0009182749751980134,-0.001990345745205111,-0.004016450918933802,-2.4289612227837966e-05,-0.0038168455745457622,0.004436474897102767,0.0004291921874598257,1.3501288779897167,1.4234038198891277
10.889999999999812,0.6021431610046873,-0.20028721151563947,0.005473482385288803,0.008260225918436432,0.11693704509820083,0.08337500003108289,ok,1.7015750361321416,-1.6805582262863272,-1.7670315601931492,-1.799574801199701,-1.760709895509575,1.8251409111720207,1.175903410868482,-0.0009204021336237142,-0.001981864819457123,-0.003999583741301964,-3.3193819325535815e-05,-0.0038024940731592066,0.004416787049477749,0.0004306149272223931,1.3520860992286992,1.4253346889162988
10.899999999999812,0.602139207728245,-0.200288047719614,0.005450263685539344,0.008231929675120455,0.11693491029411789,0.04524999894783832,ok,1.7015658321108054,-1.6805780449345218,-1.7670715560305623,-1.7995751331378942,-1.7607479204503067,1.8251850790425155,1.1759077170177543,-0.0009224949874969456,-0.001973421056299275,-0.0039827914934180185,-4.2021911522131676e-05,-0.003788198884520392,0.004397190397807458,0.00043201750144412915,1.3540434299999826,1.4272657160871212
10.909999999999812,0.6021352508610934,-0.20028887188641656,0.0054271474864271835,0.008203730434968972,0.11693278236867842,0.04329100011091214,ok,1.7015566071609305,-1.6805977791450848,-1.7671113839454966,-1.7995755533570095,-1.7607858024391518,1.8252290509464935,1.1759120371927687,-0.0009245538002154182,-0.0019650142897808765,-0.003966073817694509,-5.0774391265968205e-05,-0.003773959771980768,0.004377684499442167,0.0004334000655548846,1.3560008698747605,1.4291969008921812
10.919999999999812,0.6021312905066227,-0.20028968410505182,0.005404133316093476,0.008175627869121807,0.11693066130182989,0.18454100063536316,ok,1.7015473616229284,-1.6806174292879825,-1.7671510446836736,-1.7995760611009222,-1.7608235420368716,1.8252728277914878,1.1759163711934242,-0.0009265788334274979,-0.0019566443547064274,-0.003949430358401779,-5.94517579200679e-05,-0.003759776500008279,0.0043582689139663785,0.0004347627739105683,1.3579584184265645,1.431128242824201
10.929999999999811,0.6021273267673448,-0.200290484463957,0.005381220704956183,0.008147621649770917,0.11692854707355246,0.1865840004029451,ok,1.701538095834594,-1.6806369957315297,-1.7671905389872575,-1.7995766556185013,-1.7608611398018716,1.8253164104806274,1.1759207188211633,-0.000928570347041729,-0.0019483110865988146,-0.00393286076169359,-6.805450778650529e-05,-0.0037456488341818,0.004338943203248419,0.00043610577981926244,1.3599160752312462,1.433059741378027
10.939999999999811,0.6021233597449005,-0.20029127305100497,0.005358409185697979,0.008119711450157644,0.11692643966385871,0.0955420000536833,ok,1.7015288101311237,-1.6806564788423957,-1.7672298675948745,-1.7995773361635792,-1.7608985962902135,1.8253597999126598,1.1759250798789616,-0.000930528599240655,-0.0019400143216920735,-0.0039163646755893,-7.658313412376954e-05,-0.0037315765411613873,0.004319706931421354,0.0004374292355430103,1.3618738398669628,1.4349913960506202
10.949999999999811,0.6021193895400649,-0.20029204995350858,0.005335698293255239,0.008091896944570557,0.11692433905279659,0.08758400144870393,ok,1.7015195048451313,-1.6806758789856127,-1.7672690312416304,-1.7995781019949204,-1.7609359120556252,1.825402996981974,1.175929454171317,-0.000932453846494868,-0.001931753896978206,-0.003899941749931771,-8.50381271669133e-05,-0.003717559388733898,0.004300559664815288,0.0004387332922992061,1.3638317119141594,1.4369232063410429
10.95999999999981,0.6021154162527532,-0.2002928152582231,0.005313087564806002,0.008064177808341368,0.11692224522044668,0.21424999977170955,ok,1.7015101803066663,-1.6806951965245824,-1.7673080306591298,-1.799578952376192,-1.7609730876495124,1.825446002578622,1.17593384150424,-0.0009343463435601358,-0.001923529650124708,-0.00388359163643281,-9.341997413818403e-05,-0.0037035971457383536,0.00428150097203576,0.0004400181002795736,1.3657896909555536,1.4388551717504487
10.96999999999981,0.6021114399820285,-0.20029356905135068,0.005290576539759034,0.0080365537178446,0.11692015814692364,0.22391700076695997,ok,1.7015008368432307,-1.6807144318210836,-1.7673468665754941,-1.7995798865759334,-1.7610101236209699,1.8254888175883424,1.1759382416852429,-0.0009362063435054232,-0.0019153414195669516,-0.0038673139885927704,-0.00010172915926967136,-0.0036896895821286247,0.004262530423841767,0.0004412838086364676,1.367747776576121,1.4407872917820712
10.97999999999981,0.6021074608261068,-0.20029431141854284,0.0052681647597420805,0.008009024350493162,0.1169180778123772,0.05162500019650906,ok,1.7014914747797956,-1.6807335852352792,-1.7673855397153801,-1.7995809038675261,-1.7610470205167912,1.8255314428925808,1.1759426545233291,-0.0009380340977205046,-0.0019071890444233481,-0.0038511084617503496,-0.00010996616383430624,-0.0036758364689242996,0.0042436475932369,0.00044253056552080136,1.369705968363077,1.4427195659412135
10.98999999999981,0.6021034788823634,-0.20029504244490454,0.005245851768590659,0.007981589384736625,0.11691600419699112,0.06808299986005295,ok,1.7014820944388183,-1.6807526571257234,-1.7674240507999976,-1.7995820035291645,-1.7610837788814804,1.8255738793685132,1.1759470798289844,-0.000939829855917874,-0.001899072364545856,-0.0038349747130315553,-0.00011813146613950633,-0.003662037578219282,0.004224852055381287,0.0004437585180536716,1.3716642659058638,1.4446519937352358
10.99999999999981,0.6020994942473389,-0.2002957622149974,0.005223637112336768,0.007954248500058611,0.11691393728098437,0.05012499968870543,ok,1.701472696140259,-1.6807716478493688,-1.767462400547128,-1.799583184843826,-1.7611203992572626,1.825616127889067,1.1759515174141648,-0.000941593866148904,-0.0018909912204847004,-0.003818912401364786,-0.0001262255415639981,-0.003648292683174067,0.004206143387627013,0.00044496781236342284,1.3736226687961328,1.4465845746735468
11.00999999999981,0.6020955070167457,-0.20029647081284274,0.005201520339198087,0.007927001376974555,0.11691187704461137,0.17041600040101912,ok,1.7014632802015976,-1.6807905577615736,-1.7675005896711415,-1.7995844470992417,-1.7611568821840944,1.8256581893229433,1.1759559670922886,-0.0009433263748217723,-0.001882945453510413,-0.0038029211874503165,-0.00013424886256998772,-0.003634601558010413,0.004187521169480655,0.0004461585935707125,1.3755811766277304,1.4485173082675908
11.01999999999981,0.6020915172854734,-0.20029716832192537,0.005179500999566156,0.007899847697027361,0.11690982346816146,0.23591599892824888,ok,1.7014538469378495,-1.6808093872161087,-1.767538618883016,-1.7995857895878673,-1.7611932281996745,1.8257000645346382,1.1759604286782244,-0.0009450276266980502,-0.001874934905599077,-0.003787000733757384,-0.00014220189871542595,-0.0036209639780062862,0.004168984982587999,0.0004473310058060651,1.3775397889966827,1.4504501940308383
11.02999999999981,0.6020875251475944,-0.20029785482519663,0.005157578645995919,0.007872787142786875,0.11690777653195976,0.17608300004212651,ok,1.7014443966615824,-1.6808281365651647,-1.7675764888903536,-1.7995872116068545,-1.7612294378394546,1.825741754384464,1.1759649019882825,-0.0009466978649147936,-0.0018669594194171237,-0.0037711507045266033,-0.00015008511668382135,-0.0036073797194882667,0.004150534410758485,0.00044848519221997354,1.379498505501181,1.4523832314787752
11.039999999999809,0.602083530696372,-0.20029853040507758,0.00513575283319434,0.007845819397846895,0.11690573621636735,0.12841699935961515,ok,1.7014349296829332,-1.6808468061593589,-1.767614200397399,-1.7995887124580214,-1.7612655116366496,1.8257832597285717,1.1759693868402048,-0.0009483373309904053,-0.001859018838347675,-0.003755370765734594,-0.00015789898028717688,-0.003593848559821947,0.004132169039905144,0.0004496212949712512,1.3814573257415654,1.4543164201288912
11.049999999999809,0.602079534024263,-0.2002991951434626,0.005114023118010028,0.007818944146821452,0.11690370250178135,0.2235000010841759,ok,1.7014254463096232,-1.6808653963477425,-1.7676517541050563,-1.7995902914478243,-1.7613014501222477,1.8258245814189706,1.1759738830531545,-0.0009499462648364564,-0.0018511130064720008,-0.003739660585097535,-0.00016564395049613537,-0.0035803702774272602,0.004113888458056155,0.0004507394552580359,1.383416249320311,1.4562497595006714
11.059999999999809,0.6020755352229261,-0.2002998491217222,0.005092389059421387,0.0077921610753431785,0.11690167536863508,0.20525000036286656,ok,1.701415946846975,-1.6808839074778072,-1.7676891507109072,-1.7995919478873292,-1.761337253825022,1.825865720303551,1.175978390447707,-0.0009515249047654815,-0.0018432417685607817,-0.0037240198320615064,-0.00017332048544925106,-0.0035669446517434446,0.00409569225534736,0.00045183981330893744,1.3853752758420146,1.4581832491155833
11.069999999999808,0.6020715343832269,-0.20030049242070674,0.005070850218526685,0.007765469870060689,0.11689965479739879,0.23624999994353857,ok,1.7014064315979274,-1.6809023398954928,-1.7677263909092278,-1.7995936810921838,-1.7613729232715394,1.8259066772261046,1.17598290884584,-0.0009530734875048492,-0.0018354049700739772,-0.0037084481777964386,-0.00018092904047264328,-0.0035535714632335437,0.00407758002401204,0.0004529225083884923,1.3873344049133762,1.4601168884970692
11.079999999999808,0.6020675315952431,-0.20030112512074957,0.005049406158532818,0.007738870218635313,0.11689764076857927,0.06170899905555416,ok,1.7013969008630523,-1.6809206939451935,-1.7677634753910056,-1.7995954903825886,-1.7614084589861718,1.8259474530263446,1.1759874380709239,-0.0009545922482022163,-0.0018276024571705705,-0.0036929452951700585,-0.00018847006809563193,-0.003540250493391842,0.004059551358347384,0.00045398767881381835,1.3892936361431885,1.4620506771705326
11.089999999999808,0.6020635269482707,-0.2003017473016696,0.0050280564447446885,0.007712361809739427,0.11689563326271994,0.16395800048485398,ok,1.7013873549405703,-1.6809389699697652,-1.7678004048439573,-1.7995973750832694,-1.7614438614911057,1.825988048539928,1.175991977947712,-0.0009560814204490728,-0.0018198340767041129,-0.00367751085874644,-0.0001959440180778197,-0.003526981524737228,0.004041605854724377,0.00045503546195244966,1.3912529691423212,1.4639846146633315
11.099999999999808,0.6020595205308301,-0.20030235904277524,0.005006800644554693,0.007685944333053171,0.11689363226040239,0.2638750011101365,ok,1.7013777941263657,-1.6809571683105322,-1.7678371799525447,-1.7995993345234502,-1.761479131306353,1.8260284645984752,1.1759965283023315,-0.0009575412362688966,-0.0018120996762049691,-0.003662144544780113,-0.00020335133740363693,-0.003513764340782626,0.004023743111566249,0.0004560659942288051,1.3932124035237061,1.4659187005047658
11.109999999999808,0.6020555124306707,-0.200302960422867,0.004985638327432193,0.00765961747926183,0.11689163774224426,0.17495899919595104,ok,1.701368218714003,-1.6809752893072942,-1.7678738013979924,-1.7996013680368244,-1.7615142689497607,1.826068702029591,1.1760010889622738,-0.0009589719261456149,-0.0018043991038778596,-0.003646846031208882,-0.00021069247032337094,-0.003500598726049146,0.004005962729354079,0.00045707941113869887,1.3951719389023238,1.4678529342260684
11.119999999999807,0.6020515027347771,-0.20030355152024096,0.004964569064912494,0.007633380940053212,0.11688964968890131,0.173166999957175,ok,1.7013586289947416,-1.6809933332983331,-1.7679102698583045,-1.7996034749615275,-1.7615492749370212,1.8261087616568845,1.1760056597563853,-0.0009603737190249443,-0.0017967322086273583,-0.0036316149976233962,-0.00021796785835440818,-0.003487484466071703,0.003988264310577743,0.0004580758472468648,1.3971315748951898,1.4697873153603946
11.129999999999807,0.602047491529375,-0.20030413241269185,0.00494359243058673,0.00760723440811641,0.11688766808106765,0.08424999941780698,ok,1.7013490252575514,-1.6810113006204195,-1.7679465860082806,-1.7996056546401111,-1.761584149781682,1.8261486442999904,1.1760102405148578,-0.0009617468423294446,-0.0017890988400204142,-0.003616451125282333,-0.0002251779403053612,-0.0034744213473651957,0.003970647459773492,0.0004590554361965225,1.39909131112134,1.471721843442812
11.139999999999807,0.6020434788999356,-0.20030470317751606,0.004922708000091633,0.007581177577136226,0.11688569289947526,0.07029100015643053,ok,1.7013394077891282,-1.6810291916088196,-1.7679827505195334,-1.7996079064195143,-1.7616188939951556,1.8261883507745882,1.1760148310692198,-0.0009630915219604543,-0.0017814988482918275,-0.003601354097095871,-0.0002323231522870811,-0.0034614091574270995,0.00395311178348316,0.0004600183107126321,1.4010511472018172,1.4736565180102916
11.149999999999807,0.6020394649311819,-0.2003052638915146,0.004901915351098907,0.007555210141793998,0.11688372412489301,0.17154099987237714,ok,1.7013297768739086,-1.6810470065973024,-1.7680187640605043,-1.7996102296510372,-1.76165350808673,1.826227881892423,1.1760194312523269,-0.0009644079823185264,-0.0017739320843809122,-0.0035863235975926375,-0.0002394039277326442,-0.0034484476847737385,0.00393565689022797,0.0004609646026178759,1.4030110827596587,1.4755913386016961
11.159999999999807,0.6020354497070945,-0.20030581463099634,0.004881214063304828,0.007529331797762879,0.11688176173812928,0.17287499940721318,ok,1.7013201327940854,-1.6810647459181463,-1.76805462729648,-1.7996126236903145,-1.7616879925635778,1.8262672384613252,1.176024040898353,-0.0009656964463048883,-0.0017663983998626547,-0.0035713593129472554,-0.0002464206974134666,-0.003435536718862145,0.00391828239054201,0.0004618944428233079,1.40497111741988,1.4775263047577727
11.169999999999806,0.6020314333109159,-0.2003063554717806,0.004860603718420051,0.007503542241704781,0.11687980572003023,0.09295800009567756,ok,1.7013104758296225,-1.6810824099021449,-1.7680903408896096,-1.7996150878972885,-1.7617223479307664,1.8263064212852307,1.1760286598427814,-0.0009669571353332538,-0.0017588976469871049,-0.0035564609309513637,-0.00025337388945553005,-0.003422676050140686,0.003900987896935125,0.0004628079613500112,1.406931250809465,1.4794614160211412
11.179999999999806,0.6020274158251567,-0.2003068864892012,0.004840083900159622,0.007477841171270148,0.11687785605148197,0.08395899931201711,ok,1.701300806258269,-1.6810999988786148,-1.7681259054989191,-1.799617621636183,-1.7617565746912678,1.8263454311642,1.176033287922395,-0.0009681902693398065,-0.0017514296786778564,-0.003541628140995943,-0.00026026392934999653,-0.0034098654700224764,0.0038837730238661283,0.00046370528732219015,1.4088914825573489,1.4813966719362857
11.189999999999806,0.6020233973316004,-0.20030740775810799,0.004819654194232803,0.007452228285092525,0.11687591271340775,0.04987499960407149,ok,1.7012911243555757,-1.6811175131754017,-1.7681613217803291,-1.7996202242754764,-1.761790673345968,1.8263842688944387,1.1760379249752682,-0.000969396066794561,-0.0017439943485097855,-0.0035268606340803357,-0.00026709123997799896,-0.0033971047708839202,0.0038666373877692486,0.0004645865489820414,1.4108518122944083,1.4833320720495438
11.199999999999806,0.6020193779113086,-0.2003079193528713,0.004799314188332807,0.007426703282788613,0.11687397568677083,0.20166700051049702,ok,1.7012814303949078,-1.6811349531188868,-1.7681965903866699,-1.799622895187876,-1.761824644393677,1.8264229352683163,1.176042570840758,-0.0009705747447078597,-0.0017365915107168523,-0.0035121581027943017,-0.000273856241619605,-0.0033843937460546337,0.0038495806070210645,0.00046545187368902816,1.4128122396534457,1.4852676159090978
11.209999999999805,0.6020153576446271,-0.20030842134738366,0.004779063472126754,0.007401265864953053,0.11687204495257332,0.08966700079326984,ok,1.7012717246474607,-1.681152319033994,-1.7682317119676978,-1.7996256337502923,-1.7618584883311375,1.8264614310743865,1.176047225359495,-0.000971726518643216,-0.0017292210201897168,-0.0034975202413055975,-0.0002805593519761254,-0.0033717321898224643,0.0038326023019314664,0.00046630138793622136,1.414772764269179,1.4872033030649654
11.219999999999805,0.60201133661119,-0.2003089138150635,0.004758901637245808,0.007375915733157615,0.11687012049185672,0.07045799975458067,ok,1.7012620073822742,-1.681169611244196,-1.768266687170111,-1.799628439343812,-1.7618922056530357,1.8264997570974058,1.1760518883733744,-0.0009728516027203568,-0.00172188273247571,-0.003482946745354246,-0.00028720098617596065,-0.003359119897425096,0.00381570209472795,0.0004671352173394319,1.416733385778226,1.4891391330689911
11.229999999999805,0.602007314889926,-0.2003093968288579,0.004738828277275314,0.0073506525899486586,0.11686820228570233,0.06820800081186462,ok,1.701252278866247,-1.681186830071521,-1.7683015166375644,-1.7996313113536737,-1.76192579685201,1.826537914118353,1.1760565597255477,-0.0009739502096322348,-0.0017145765037631128,-0.003468437312244395,-0.0002937815567999374,-0.0033465566650285592,0.003798879609563296,0.0004679534866631766,1.4186941038190926,1.4910751054748337
11.239999999999805,0.6020032925590622,-0.20030987046124543,0.004718842987744998,0.007325476138843234,0.11686629031522956,0.0635840005998034,ok,1.7012425393641506,-1.6812039758365585,-1.768336201010687,-1.7996342491692416,-1.7619592624186602,1.8265759029144488,1.1760612392604144,-0.0009750225506530458,-0.0017073021909045066,-0.0034539916408313884,-0.00030030147389260636,-0.003334042289758305,0.0037821344724889992,0.00046875631980420403,1.4206549180321615,1.4930112198379608
11.249999999999805,0.6019992696961302,-0.2003103347842388,0.004698945366118423,0.007300386084327003,0.1168643845615998,0.049415999455959536,ok,1.701232789138644,-1.6812210488584676,-1.7683707409270952,-1.7996372521839805,-1.7619926028415578,1.8266137242591738,1.1760659268236124,-0.000976068835635286,-0.0017000596513695406,-0.003439609431521874,-0.00030676114497470223,-0.0033215765696436874,0.003765466311448945,0.0004695438398213063,1.4226158280596775,1.4949474757156376
11.259999999999804,0.6019952463779704,-0.20031078986938827,0.0046791350117844355,0.007275382131852253,0.11686248500601269,0.04545800038613379,ok,1.7012230284502876,-1.6812380494549812,-1.7684051370214104,-1.7996403197954303,-1.7620258186072542,1.8266513789222882,1.1760706222620108,-0.0009770892730376214,-0.001692848743289759,-0.003425290386254499,-0.0003131609750650123,-0.0033091593036640075,0.0037488747562772094,0.0004703161689217941,1.4245768335457365,1.4968838726669176
11.269999999999804,0.6019912226807383,-0.2003112357877839,0.004659411526046389,0.007250463987834549,0.1168605916297081,0.18366699987382162,ok,1.7012132575575571,-1.6812549779424142,-1.768439389925273,-1.799643451405181,-1.7620589102002908,1.826688867669851,1.1760753254237,-0.0009780840699266586,-0.0016856693254387169,-0.0034110342084910173,-0.00031950136669166263,-0.003296790291713109,0.0037323594386749572,0.0004710734284706937,1.4265379341362725,1.4988204102526346
11.279999999999804,0.601987198679908,-0.2003116726100589,0.0046397745121131845,0.007225631359650554,0.11685870441396715,0.10162500075239222,ok,1.7012034767168578,-1.6812718346356685,-1.768473500267358,-1.7996466464188479,-1.762091878103208,1.8267261912642376,1.1760800361579846,-0.00097905343197169,-0.0016785212572012773,-0.003396840603224179,-0.00032578271990318236,-0.003284469334590699,0.0037159199922117605,0.0004718157390092365,1.4284991294790461,1.5007570880353918
11.289999999999804,0.6019831744502778,-0.20031210040639197,0.004620223575089288,0.007200883955635028,0.11685682334010972,0.1445420002710307,ok,1.701193686182538,-1.6812886198482406,-1.7685074686733901,-1.799649904246047,-1.762124722796554,1.8267633504641598,1.1760847543153747,-0.0009799975634812476,-0.0016714043986274581,-0.003382709276939705,-0.0003320054322946857,-0.003272196234027255,0.003699556052303337,0.00047254322024345376,1.430460419223631,1.5026939055795554
11.299999999999804,0.6019791500659752,-0.20031251924651058,0.004600758321965298,0.007176221485078775,0.11685494838949707,0.09750000026542693,ok,1.7011838862069033,-1.6813053338922268,-1.7685412957661595,-1.79965322430037,-1.7621574447588941,1.8268003460246829,1.1760894797475772,-0.0009809166673864298,-0.0016643186103824168,-0.003368639937631673,-0.00033816989900986566,-0.0032599707926538246,0.0036832672562045247,0.00047325599105898776,1.4324218030214024,1.5046308624512439
11.309999999999803,0.6019751256004614,-0.20031292919969323,0.004581378361608421,0.007151643658224987,0.11685307954353079,0.17508299970359076,ok,1.7011740770402295,-1.6813219770783305,-1.7685749821655359,-1.7996566059993602,-1.7621900444668206,1.8268371786972448,1.1760942123074878,-0.000981810945266788,-0.0016572637537577667,-0.003354632294790541,-0.000344276512768391,-0.003247792814000209,0.0036670532430227113,0.0004739541695300175,1.434383280525527,1.506567958218319
11.319999999999803,0.6019711011265367,-0.20031333033477283,0.004562083304752829,0.007127150186268002,0.11685121678365303,0.09041700104717165,ok,1.7011642589307767,-1.6813385497158682,-1.7686085284884838,-1.7996600487644878,-1.7622225223949606,1.826873849229675,1.1760989518491831,-0.0009826805973434166,-0.0016502396906657123,-0.0033406860593899533,-0.0003503256638644159,-0.003235662102483697,0.003650913653674045,0.0004746378729097157,1.4363448513909478,1.5085051924503774
11.329999999999803,0.6019670767163449,-0.2003137227201387,0.004542872763990943,0.007102740781349976,0.1168493600913466,0.09045899969351012,ok,1.7011544321248033,-1.681355052112775,-1.7686419353490777,-1.7996635520211264,-1.7622548790159853,1.8269103583662116,1.1761036982279123,-0.0009835258225042544,-0.0016432462836465493,-0.0033268009438761994,-0.0003563177402003642,-0.003223578463427973,0.0036348481308941666,0.00047530721765506965,1.4383065152743746,1.5104425647187432
11.339999999999803,0.601963052441378,-0.20031410642373967,0.004523746353763097,0.007078415156558029,0.11684750944813543,0.049291998948319815,ok,1.7011445968665784,-1.6813714845756114,-1.7686752033585165,-1.7996671151985284,-1.7622871148006196,1.8269467068475205,1.1761084513000888,-0.0009843468183042073,-0.0016362833958695566,-0.003312976662158392,-0.0003622531272879487,-0.003211541703047256,0.003618856319213234,0.00047596231942207594,1.440268271834272,1.5123800745964557
11.349999999999802,0.6019590283724816,-0.2003144815130872,0.004504703690349082,0.007054173025922131,0.11684566483558431,0.04362499930721242,ok,1.7011347533983954,-1.68138784740957,-1.768708333125138,-1.7996707377298014,-1.76231923021765,1.8269828954107126,1.176113210923283,-0.00098514378097587,-0.0016293508911183851,-0.0032992129296053494,-0.0003681322082681117,-0.0031995516284346096,0.00360293786495996,0.00047660329306081577,1.442230120730847,1.5143177216582653
11.359999999999802,0.6019550045798581,-0.20031484805525723,0.004485744391858268,0.007030014104411627,0.11684382623529911,0.1965829997061519,ok,1.7011249019605856,-1.6814041409184812,-1.7687413252544342,-1.799674419051884,-1.7623512257339344,1.8270189247893622,1.1761179769562136,-0.000985916905431495,-0.0016224486337806051,-0.003285509463042506,-0.00037395536392086326,-0.0031876080475561485,0.0035870924162537603,0.00047723025264295103,1.444192061626038,1.5162555054806213
11.369999999999802,0.6019509811330732,-0.2003152061168935,0.004466868078220998,0.007005938107934648,0.11684199362892723,0.11454200102889445,ok,1.7011150427915314,-1.681420365404819,-1.7687741803490646,-1.7996781586055233,-1.76238310181441,1.8270547957135248,1.17612274925874,-0.0009866663852787958,-0.0016155764888595246,-0.0032718659807322308,-0.00037972297268556836,-0.003175710769253369,0.0035713196229803694,0.0004778433114550071,1.4461540941835047,1.5181934256416645
11.379999999999802,0.6019469581010598,-0.2003155557642099,0.004448074371178987,0.00698194475333325,0.11684016699815591,0.12566700024763122,ok,1.7011051761276785,-1.6814365211697075,-1.768806899008872,-1.7996819558352501,-1.7624148589221025,1.8270905089097547,1.1761275276918546,-0.000987392412828679,-0.0016087343219594622,-0.0032582822023796815,-0.00038543541067331344,-0.0031638596032300017,0.003555619136809392,0.0004784425820017269,1.4481162180686133,1.52013148172122
11.389999999999802,0.601942935552122,-0.20031589706299327,0.004429362894276034,0.006958033758381689,0.11683834632471653,0.10937499973806553,ok,1.7010953022035502,-1.681452608512927,-1.7688394818308957,-1.799685810189357,-1.7624464975181349,1.8271260651011227,1.1761323121176745,-0.0009880951790991615,-0.001601921999312007,-0.003244757849097943,-0.0003910930516727319,-0.0031520543600669325,0.0035399906111362334,0.000479028176013844,1.4500784329484298,1.5220696733007861
11.399999999999801,0.6019389135539401,-0.20031623007860574,0.004410733272849701,0.006934204841783629,0.11683653159037923,0.17712500084599014,ok,1.7010854212517592,-1.6814686277329203,-1.7688719294093866,-1.7996897211198737,-1.7624780180617354,1.827161465007234,1.1761371023994347,-0.000988774873835605,-0.001595139387750137,-0.0032312926434233777,-0.00039669626718202215,-0.003140294851208631,0.003524433701117562,0.0004796002044500496,1.4520407384917047,1.5240079999635285
11.409999999999801,0.6019348921735759,-0.2003165548759879,0.004392185134021967,0.006910457723170684,0.1168347227769567,0.09708299876365345,ok,1.7010755335030208,-1.6814845791267978,-1.7689042423358208,-1.7996936880825456,-1.7625094210102474,1.8271967093442452,1.176141898401479,-0.0009894316854975043,-0.0015883863546792638,-0.00321788630931779,-0.0004022454264046287,-0.0031285808889305873,0.003508948063662794,0.0004801587775160984,1.4540031343688646,1.5259464612942701
11.419999999999801,0.6019308714774758,-0.20031687151966066,0.004373718106689739,0.006886792123097963,0.11683291986630445,0.08512500062352046,ok,1.7010656391861658,-1.6815004629903447,-1.768936421198914,-1.7996977105368097,-1.7625407068191368,1.8272317988248818,1.1761466999892543,-0.000990065801288506,-0.0015816627681428156,-0.0032045385721190273,-0.00040774089627068893,-0.0031169122863843723,0.0034935333573768448,0.0004807040046492169,1.4559656202520013,1.5278850568794837
11.4299999999998,0.6019268515314767,-0.2003171800737286,0.0043553318215169,0.006863207763043363,0.11683112284031748,0.049665999540593475,ok,1.7010557385281528,-1.681516279618026,-1.7689684665846352,-1.7997017879457724,-1.7625718759420006,1.8272667341584556,1.1761515070293007,-0.0009906774071471362,-0.001574968496737365,-0.0031912491585845506,-0.0004131830414529586,-0.0031052888575391095,0.003478189242619753,0.00048123599453716144,1.4579281958148587,1.5298237863072839
11.4399999999998,0.601922832400809,-0.2003174806018817,0.004337025910924719,0.006839704365402758,0.11682933168093423,0.04475000059755985,ok,1.7010458317540813,-1.6815320293029934,-1.769000379076221,-1.7997059197761869,-1.762602928830576,1.8273015160508819,1.1761563193892461,-0.0009912666877716987,-0.0015683034096968384,-0.0031780177968314697,-0.0004185722243767133,-0.003093710417237919,0.003462915381426084,0.00048175485512218274,1.4598908607328238,1.5317626491674177
11.4499999999998,0.6019188141501024,-0.20031777316739866,0.004318800009083232,0.0068162816534898625,0.11682754637013514,0.19483399955788627,ok,1.7010359190872035,-1.6815477123370903,-1.7690321592541893,-1.7997101054984306,-1.7626338659347485,1.8273361452046961,1.1761611369377973,-0.0009918338266168044,-0.0015616673768188408,-0.0031648442163708067,-0.0004239088052370063,-0.0030821767811397578,0.0034477114375544788,0.00048226069359544554,1.461853614682916,1.5337016450512577
11.4599999999998,0.6019147968433893,-0.2003180578331487,0.004300653751902556,0.006792939351531746,0.11682576688994137,0.27150000096298754,ok,1.7010260007489373,-1.6815633290108585,-1.769063807696353,-1.799714344586483,-1.7626646877025598,1.8273706223190718,1.1761659595447334,-0.0009923790058978881,-0.0015550602684865622,-0.0031517281480848702,-0.00042919314200537157,-0.0030706877657356003,0.003432577076450424,0.00048275361642210817,1.4638164573437757,1.5356407735517934
11.4699999999998,0.6019107805441095,-0.20031833466159485,0.004282586777024158,0.006769677184666629,0.11682399322241703,0.16116600090754218,ok,1.7010160769588782,-1.6815788796135434,-1.7690953249778338,-1.799718636517903,-1.762695394580217,1.8274049480898362,1.1761707870808975,-0.0009929024066146752,-0.0015484819556835423,-0.003138669324206683,-0.0004344255904526313,-0.0030592431883509938,0.0034175119652346,0.0004832337293215649,1.4657793883956547,1.5375800342636226
11.4799999999998,0.6019067653151146,-0.20031860371479568,0.004264598723812338,0.006746494878942771,0.1168222253496686,0.10179199853155296,ok,1.7010061479348122,-1.6815943644331002,-1.7691267116710758,-1.7997229807738075,-1.7627259870121006,1.8274391232094886,1.1761756194181907,-0.0009934042085427389,-0.0015419323099685877,-0.00312566747833031,-0.0004396065041529821,-0.0030478428671340024,0.0034025157727023934,0.0004837011372913429,1.4677424075204044,1.5395194267829453
11.4899999999998,0.6019027512186723,-0.20031886505440855,0.004246689233345022,0.00672339216131398,0.11682046325384389,0.19195899949409068,ok,1.7009962138927268,-1.6816097837561998,-1.7691579683458591,-1.799727376838849,-1.762756465440772,1.8274731483672157,1.1761804564295637,-0.0009938845902538798,-0.0015354112034861906,-0.0031127223453955265,-0.00044473623450571204,-0.0030364866210563883,0.0033875881693178123,0.0004841559446037898,1.4697055144014668,1.541458950707553
