t,ee_x,ee_y,ee_z,ee_err,manipulability,qp_solve_ms,qp_status,q0,q1,q2,q3,q4,q5,qd0,qd1,qd2,qd3,qd4,qd5,dist_s0,dist_s1
0.0,0.4869,0.10915,0.43185900000000005,0.6279089999999999,0.08116927312499998,0.2274999988003401,ok,0.0,-1.5707963267948966,1.5707963267948966,-1.5707963267948966,-1.5707963267948966,0.0,-0.450527188522653,0.029312823915318184,0.00770432728053718,-0.028197113439076996,-0.0028607164123682946,-0.44771593984195074,0.30171152158190345,0.2988780756714031
0.01,0.48750408891966546,0.10695240002464747,0.43170543415693396,0.6261709899283817,0.0811900364905616,0.2121659999829717,ok,-0.00450527188522653,-1.5705031985557434,1.570873370067702,-1.5710782979292874,-1.5708249339590203,-0.004477159398419507,-0.4488818265739885,0.030936455628865937,0.005947838014047482,-0.028150919830134454,-0.0028716351963574724,-0.446102268054875,0.30187300614000756,0.29750601586404757
0.02,0.4881034504717157,0.10475953218797017,0.4315524315712009,0.6244334695711177,0.08121194084150633,0.29216699840617366,ok,-0.008994090150966416,-1.5701938339994548,1.5709328484478424,-1.5713598071275887,-1.570853650310984,-0.008938182078968258,-0.4472306434845031,0.03253380170881718,0.0042208203419210315,-0.028107647021057315,-0.0028817835479688567,-0.4444825960624678,0.3020184842711248,0.29612566208852215
0.03,0.4886980577516792,0.10257140781837734,0.43139997319583895,0.6226964049900185,0.08123496789856262,0.11691699910443276,ok,-0.013466396585811446,-1.5698684959823666,1.5709750566512617,-1.5716408835977993,-1.5708824681464637,-0.013383008039592937,-0.44557390780844025,0.034105033263487225,0.0025229182017920612,-0.028067101865212163,-0.002891171981185484,-0.44285719167317206,0.30214809568885465,0.29473771714569835
0.04,0.4892878846678352,0.10038803875497444,0.431248040516951,0.6209597640964835,0.0812590994225285,0.12829200022679288,ok,-0.01792213566389585,-1.5695274456497317,1.5710002858332797,-1.5719215546164513,-1.5709113798662755,-0.01781157995632466,-0.4439118853129477,0.03565032200550604,0.0008537818164805547,-0.028029098336246054,-0.002899811054835757,-0.44122631993259864,0.30226198091153145,0.2933428786105027
0.05,0.48987290593751137,0.09820943732733163,0.43109661554331874,0.619223516616705,0.08128431721889964,0.08020800123631489,ok,-0.022361254517025326,-1.5691709424296767,1.5710088236514446,-1.5722018455998137,-1.5709403779768238,-0.022223843155650645,-0.4422448389188861,0.03716984029247234,-0.00078693252928726,-0.027993457341467354,-0.0029077113672155873,-0.4395902430646474,0.3023602813922461,0.2919412504055051
0.060000000000000005,0.4904530970833398,0.09603561633555424,0.43094568079626294,0.6174876340574188,0.08131060314236571,0.07712499973422382,ok,-0.026783702906214187,-1.568799244026752,1.5710009543261516,-1.5724817801732283,-1.570969455090496,-0.02661974558629712,-0.44057302864477477,0.038663761162688624,-0.002399562703548586,-0.027960006539022583,-0.0029148835507965334,-0.43794922041573875,0.3024468071659083,0.290532937834506
0.07,0.491028434429467,0.09386658903065195,0.43079521929973996,0.6157520896721708,0.08133793910117781,0.09245900037058163,ok,-0.031189433192661934,-1.5684126064151251,1.570976958699116,-1.5727613802386184,-1.570998603926004,-0.030999237790454506,-0.43889671155381565,0.0401322583662488,-0.003984440933552104,-0.027928580158646712,-0.002921338267025956,-0.43630350840209825,0.302532597549063,0.2891180474910901
0.08,0.4915988950977127,0.09170236909520264,0.4306452145706668,0.6140168584280933,0.0813663070613905,0.07133299914130475,ok,-0.035578400308200094,-1.5680112838314626,1.5709371142897806,-1.573040666040205,-1.5710278173086742,-0.03536227287447549,-0.437216141703989,0.04157550639162288,-0.005541894004195452,-0.02789901882600795,-0.0029270862012196718,-0.4346533604600877,0.3026183627584349,0.28769668722908415
0.09,0.4921644570036734,0.08954297062430862,0.430495650609468,0.6122819169731665,0.08139568905098037,0.22125000032247044,ok,-0.03995056172523998,-1.5675955287675463,1.5708816953497386,-1.573319656228465,-1.5710570881706865,-0.03970880647907637,-0.43553157010115556,0.04299368048804448,-0.007072243448844666,-0.027871169390505622,-0.0029321380575499396,-0.4329990269995173,0.30270407246845465,0.28626896604444857
0.09999999999999999,0.4927250988527652,0.08738840810684169,0.43034651189083173,0.6105472436039496,0.08142606716384561,0.12104199959139805,ok,-0.044305877426251535,-1.567165591962666,1.5708109729152502,-1.5735983679223702,-1.571086409551262,-0.04403879674907154,-0.4338432446551498,0.044386956683825946,-0.008575805732752172,-0.02784488475644184,-0.0029365045541314932,-0.4313407553599264,0.30278969519261417,0.28483499400355006
0.10999999999999999,0.4932808001362044,0.08523869640697446,0.43019778335467296,0.608812818233771,0.08145742356368815,0.07362500036833808,ok,-0.048644309872803035,-1.5667217223958276,1.5707252148579227,-1.5738768167699346,-1.5711157745968034,-0.0483522043026708,-0.43215141013880537,0.04575551180084817,-0.010052892429374193,-0.027820023717516636,-0.0029401964182075423,-0.4296787897697718,0.3028751979494292,0.2833949260942097
0.11999999999999998,0.49383154112691957,0.08309385074599529,0.4300494503972935,0.6070786223613571,0.08148974048778153,0.06954200034670066,ok,-0.05296582397419109,-1.5662641672778193,1.570624685933629,-1.5741550170071097,-1.5711451765609854,-0.05264899220036852,-0.4304563081498807,0.04709952346539308,-0.011503810389826324,-0.02779645079457854,-0.0029432243814351802,-0.42801337130849315,0.3029605468885031,0.28195630632045277
0.12999999999999998,0.49437730287539455,0.08095388668440487,0.4299014988627329,0.6053446390398928,0.08152300025062531,0.3051250005228212,ok,-0.057270387055689896,-1.5657931720431653,1.5705096478297307,-1.5744329815150555,-1.5711746088047998,-0.05692912591345345,-0.4287581770758277,0.04841917011551671,-0.012928861905746422,-0.027774036076551243,-0.0029455991752750173,-0.42634473787139854,0.3030457065847156,0.28052467212432464
0.13999999999999999,0.49491806720543746,0.07881882010429188,0.4297539150343014,0.6036108528464919,0.08155718524749232,0.1404169997840654,ok,-0.06155796882644817,-1.5653089803420102,1.5703803592106733,-1.574710721875821,-1.5712040647965526,-0.061192573292167436,-0.427057252061371,0.04971463100513796,-0.014328344865794315,-0.027752655064467415,-0.0029473315264843276,-0.42467312413733954,0.30313064094569664,0.27910012080767327
0.15,0.4954538167098762,0.07668866719198587,0.42960668562629234,0.6018772498520777,0.08159227795786597,0.21270800061756745,ok,-0.06582854134706188,-1.5648118340319588,1.5702370757620154,-1.5749882484264657,-1.5712335381118174,-0.06543930453354083,-0.4253537649788347,0.050986086204992016,-0.01570255290599379,-0.027732188518588698,-0.0029484321527161123,-0.42299876153911176,0.30321531243318106,0.2776827466198639
0.16,0.49598453474617327,0.07456344442098525,0.42945979777586396,0.6001438175916481,0.08162826094877376,0.13424999997369014,ok,-0.07008207899685023,-1.5643019731699088,1.5700800502329555,-1.5752655703116516,-1.5712630224333446,-0.06966929214893194,-0.4236479444011783,0.05223371660066741,-0.01705177555418631,-0.02771252230852224,-0.002948911758223238,-0.42132187823654277,0.30329968262451923,0.2762726407450489
0.17,0.4965102054319634,0.072443168535159,0.42931323903508706,0.598410545034929,0.08166511687801613,0.07354099943768233,ok,-0.07431855844086202,-1.5637796360039022,1.5699095324774137,-1.575542695534737,-1.5712925115509269,-0.07388251093129737,-0.42194001557767424,0.05345770388781682,-0.01837629836874395,-0.027693547266304477,-0.0029487810296710522,-0.41964269909220264,0.30338371197567676,0.2748698913172393
0.18000000000000002,0.49703081364050916,0.07032785653222005,0.4291669973631507,0.5966774225573933,0.08170282849729567,0.1005829999485286,ok,-0.07853795859663876,-1.563245058965024,1.5697257694937263,-1.5758196310074,-1.5713219993612235,-0.0780789379222194,-0.4202302004121963,0.05465823056476197,-0.019676403071797393,-0.02767515904240478,-0.0029480506320569934,-0.4179614456497046,0.3034673601408466,0.27347458341005654
0.19000000000000003,0.497546344996072,0.06821752564746864,0.42902106111872423,0.5949444419116444,0.08174137865524456,0.11174999963259324,ok,-0.08274026060076071,-1.5626984766593763,1.5695290054630084,-1.576096382597824,-1.571351479867544,-0.08225855237871645,-0.4185187174440441,0.05583547992258918,-0.020952367677133092,-0.027657257964580816,-0.0029467312047388957,-0.41627833611452225,0.30355058570166177,0.27208679908211586
0.20000000000000004,0.4980567858692027,0.06611219333780474,0.42887541905246496,0.5932115961991543,0.08178075030035678,0.16437500016763806,ok,-0.08692544777520116,-1.5621401218601505,1.569319481786237,-1.57637295517747,-1.5713809471795914,-0.08642133573986167,-0.41680578183125694,0.056989636032911704,-0.02220446661297045,-0.027639748899568665,-0.002944833357573495,-0.41459358533727886,0.3036333464760846,0.27070661739894625
0.21000000000000005,0.4985621233719429,0.06401187726600764,0.428730060299671,0.5914788798423414,0.08182092648382219,0.10820799980137963,ok,-0.09109350559351373,-1.5615702254998214,1.5690974371201074,-1.5766493526664656,-1.571410395513167,-0.09056727159323447,-0.4150916053363672,0.05812088373342301,-0.02343297083978495,-0.02762254111757326,-0.0029423676671606397,-0.41290740479945437,0.3037155993082328,0.2693341143988786
0.22000000000000006,0.49906234535294364,0.06191659528528116,0.4285849743730714,0.5897462885569887,0.08186189036226754,0.07787499998812564,ok,-0.09524442164687741,-1.5609890166624871,1.5688631074117096,-1.5769255780776412,-1.5714398191898387,-0.09469634564122902,-0.41337639631452294,0.05922940861138006,-0.024638147963360373,-0.027605548159454863,-0.002939344673202274,-0.41122000260144914,0.30379730037911074,0.26796936313640873
0.23000000000000007,0.49955744039249617,0.05982636542406376,0.4284401511557516,0.5880138193249916,0.08190362520040419,1.9206249999115244,ok,-0.09937818561002264,-1.5603967225763733,1.568616725932076,-1.5772016335592358,-1.5714692126365706,-0.09880854566724351,-0.4116603597039267,0.06031539698514571,-0.02582026234322392,-0.02758868770669591,-0.002935774874964584,-0.40953158345294294,0.30387840499783875,0.26661243377890387
0.24000000000000007,0.5000473977974764,0.057741205871101695,0.4282955808942072,0.5862814703674256,0.08194611437358447,0.073666000389494,ok,-0.1034947892070619,-1.5597935686065219,1.5683585233086437,-1.5774775204363027,-1.5714985703853201,-0.10290386150177294,-0.40994369701854766,0.061379035883891556,-0.02697957519661946,-0.027571881453977314,-0.002931668727854021,-0.40784234866550984,0.3039588677810785,0.2652633934132672
0.25000000000000006,0.5005322075962029,0.05566113496078463,0.428151254191522,0.5845492411179327,0.0819893413702693,0.10900000052060932,ok,-0.10759422617724737,-1.5591797782476828,1.5680887275566775,-1.5777532392508424,-1.5715278870725986,-0.10698228498842804,-0.4082266063430151,0.06242051302563148,-0.028116344698211032,-0.02755505498440457,-0.002927036640101932,-0.4061524961474045,0.30403864266987024,0.2639223063642754
0.26000000000000006,0.5010118605332068,0.0535861711587416,0.4280071620006693,0.5828171321964156,0.08203328979440563,0.1491249986429466,ok,-0.11167649224067752,-1.5585555731174265,1.5678075641096954,-1.5780287898006864,-1.5715571574389997,-0.1110438099499021,-0.40650928232967193,0.06344001679363791,-0.029230826075598026,-0.027538137647382402,-0.0029218889695531765,-0.4044622204004847,0.30411768294784425,0.2625892339835262
0.2700000000000001,0.5014863480639168,0.05151633304769715,0.4278632956179271,0.5810851453830381,0.08207794336771976,0.0797909997345414,ok,-0.11574158506397424,-1.5579211729494902,1.5675152558489394,-1.5783041711771602,-1.5715863763286952,-0.11508843215390695,-0.4047919161976955,0.06443773621141291,-0.030323271700866357,-0.027521062438993205,-0.00291623602057015,-0.40277171251919325,0.30419594126997374,0.2612642346436318
0.2800000000000001,0.5019556623492557,0.04945163931358569,0.4277196466764094,0.5793532835925231,0.0821232859319221,2.1103339986439096,ok,-0.1197895042259512,-1.557276795587376,1.5672120231319306,-1.57857938180155,-1.571615538688901,-0.11911614927909887,-0.4030746957342519,0.06541386091625855,-0.03139393117822557,-0.02750376588497191,-0.002910088041037847,-0.4010811601915552,0.3042733697325336,0.259947363998712
0.2900000000000001,0.5024197962501534,0.047392108731923385,0.427576207139704,0.577621550848744,0.08216930145082992,0.11870799971802626,ok,-0.1238202511832937,-1.5566226569782136,1.5668980838201483,-1.5788544194603997,-1.5716446395693113,-0.12312696088101442,-0.4013578052976034,0.06636858113161243,-0.03244305142795359,-0.02748618792615137,-0.002903455219480978,-0.3993907477021155,0.3043499198890747,0.25863867478992
0.3000000000000001,0.502878743321973,0.045337760154436274,0.42743296929561886,0.575889952259609,0.08221597401240623,0.22474999968835618,ok,-0.12783382923626974,-1.5559589711668975,1.5665736533058687,-1.5791292813396614,-1.571673674121506,-0.12712086835803557,-0.3996414258221223,0.06730208763820023,-0.03347087676670911,-0.02746827180641132,-0.002896347682283514,-0.39770065593677023,0.3044255427842536,0.2573382167962421
0.3100000000000001,0.5033324978088534,0.04328861249594348,0.4272899257500293,0.5741584939922271,0.08226328783071764,0.08020799941732548,ok,-0.13183024349449096,-1.5552859502905154,1.5662389445382017,-1.5794039640577255,-1.571702637598329,-0.13109787491740327,-0.39792573482514504,0.0682145717441092,-0.03447764898436086,-0.027449963963070336,-0.002888775491015405,-0.39601106238942463,0.30450018899449016,0.25604603752973726
0.3200000000000001,0.5037810546379679,0.041244684721494236,0.42714706942082525,0.5724271832483547,0.08231122724781037,0.3267920001235325,ok,-0.1358095008427424,-1.5546038045730743,1.565894168048358,-1.5796784636973562,-1.5717315253532391,-0.13505798554129753,-0.39621090641561063,0.06910622525390639,-0.03546360741747772,-0.02743121391968819,-0.002880748639864467,-0.39432214117042347,0.3045738086687999,0.25476218108124565
0.3300000000000001,0.5042244094137014,0.03920599583375797,0.42700439353195513,0.5706960282401232,0.08235977673550976,0.19645800057332963,ok,-0.13977160990689852,-1.5539127423205352,1.5655395319741832,-1.579952775836553,-1.5717603328396377,-0.13900120695300175,-0.39449711130441295,0.06997724043683745,-0.03642898901955079,-0.027411974181277964,-0.0028722770531690012,-0.392634063016684,0.3046463515507715,0.2534866892078354
0.34000000000000014,0.5046625584117452,0.03717256486066584,0.4268618916075626,0.5689650381660364,0.08240892089713776,0.12270899969735183,ok,-0.14371658101994264,-1.5532129699161668,1.5651752420839877,-1.5802268955783658,-1.5717890556101695,-0.14292754758316858,-0.3927845168164265,0.07082780999423324,-0.03737402842809066,-0.027392200131877445,-0.0028633705830544568,-0.3909469953034909,0.3047177670153785,0.25221960080257017
0.35000000000000014,0.5050954985731131,0.035144410843302505,0.42671955746621365,0.5672342231872406,0.08245864446915786,0.17816699983086437,ok,-0.14764442618810691,-1.5525046918162244,1.5648015017997068,-1.5805008175796846,-1.571817689316,-0.14683701753620348,-0.39107328690412063,0.07165812702618503,-0.03829895802871004,-0.02737184993443016,-0.002854039007173256,-0.38926110205786957,0.3047880041322904,0.2509609520540351
0.36000000000000015,0.5055232274980775,0.03312155282404753,0.42657738521521293,0.565503594404061,0.08250893232274113,0.08483300007355865,ok,-0.15155515905714811,-1.5517881105459626,1.5644185122194196,-1.5807745360790288,-1.5718462297060718,-0.15072962855678218,-0.389363582162732,0.07246838499757104,-0.03920400801627578,-0.027350884433022134,-0.0028442920265398645,-0.3875765439735063,0.30485701163418805,0.24971077647188283
0.37000000000000016,0.5059457434400306,0.031104009834964478,0.4264353692450036,0.5637731638328051,0.08255976946525914,0.07050000021990854,ok,-0.15544879487877544,-1.5510634266959868,1.564026472139257,-1.581048044923359,-1.5718746726263373,-0.15460539399651724,-0.3876555598469106,0.07325877770350461,-0.04008940645324683,-0.02732926705736804,-0.0028341392634673576,-0.38589347842713423,0.3049247379900006,0.24846910518547427
0.38000000000000017,0.5063630452992676,0.02909180088643685,0.4262935042236509,0.5620429443828222,0.08261114104170252,0.07579200064355973,ok,-0.15932535047724455,-1.5503308389189518,1.5636255780747246,-1.5813213375939328,-1.571903014018972,-0.1584643287807886,-0.3859493738887982,0.07402949923429228,-0.040955379325312874,-0.02730696372955174,-0.0028235902596012844,-0.38421205949634096,0.3049911314816315,0.2472320743201309
0.3900000000000002,0.5067751326166984,0.027084944956049423,0.4261517850914073,0.5603129498338311,0.08266303233602845,0.07029100015643053,ok,-0.16318484421613252,-1.5495905439266089,1.5632160242814714,-1.5815944072312282,-1.571931249921568,-0.162306449375752,-0.38424517491747273,0.07478074393993768,-0.04180215059438459,-0.02728394277300285,-0.0028126544740484853,-0.3825324379787347,0.305056139990697,0.24599011823976435
0.4000000000000002,0.5071820055674856,0.02508346097771375,0.42601020705535353,0.5585831948134949,0.0827154287724348,0.09620800119591877,ok,-0.16702729596530724,-1.5488427364872095,1.5627980027755275,-1.5818672466589583,-1.5719593764663085,-0.16613177375553936,-0.38254311027970933,0.07551270639429415,-0.04262994224908065,-0.027260174823659115,-0.0028013412816011874,-0.38085476141241853,0.30511420258297284,0.24474291789172864
0.4100000000000002,0.5075836649546139,0.023087367831036428,0.4258687655841179,0.5568536947752599,0.08276831591656635,0.33962500128836837,ok,-0.17085272706810434,-1.5480876094232665,1.5623717033530367,-1.582139848407195,-1.5719873898791246,-0.16994032136966356,-0.3808433240619919,0.07622558135890543,-0.04343897435276223,-0.02723563274332874,-0.0027896599710509383,-0.3791791740977067,0.30515998487772356,0.2434906053984931
0.4200000000000002,0.5079801122023899,0.021096684330928893,0.4257274564026691,0.5551244659764426,0.08282167947664984,0.22287499996309634,ok,-0.17466116030872425,-1.5473253536096774,1.561937313609509,-1.5824122047346283,-1.572015286478835,-0.17373211311064063,-0.37914595711372767,0.07691956374660294,-0.044229465089233776,-0.027210291535147365,-0.0027776197435996105,-0.3775058171200388,0.30519365536447945,0.24223331312796748
0.4300000000000002,0.5083713493498757,0.019111429217456958,0.42558627548718037,0.5533955254565678,0.08287550530456159,0.09575000149197876,ok,-0.17845261987986152,-1.5465561579722114,1.5614950189586165,-1.5826843076499797,-1.5720430626762711,-0.17750717128184101,-0.3774511470716085,0.07759484858490467,-0.04500163080615221,-0.027184128261202676,-0.002765229711353476,-0.37583482837403176,0.30522159703741586,0.24097117336850038
0.4400000000000002,0.5087573790442586,0.01713162114592913,0.4254452190599648,0.5516668910159568,0.08292977939682894,0.07958299829624593,ok,-0.1822271313505776,-1.5457802094863624,1.561045002650555,-1.5829561489325916,-1.5720707149733846,-0.18126551956558135,-0.3757590283850598,0.07825163097930339,-0.04575568605629102,-0.027157121962211584,-0.002752498895909645,-0.3741663425886142,0.3052480567524985,0.23970431753143706
0.45000000000000023,0.5091382045341591,0.015157278677221872,0.42530428358447925,0.5499385811945671,0.08298448789556384,0.07091599945852067,ok,-0.1859847216344282,-1.5449976931765694,1.560587445789992,-1.5832277201522138,-1.5720982399623438,-0.18500718299146748,-0.3740697323427275,0.07889010607645704,-0.046491843636672456,-0.02712925357927612,-0.0027394362270274286,-0.3725004913531931,0.30482110158551523,0.2384328771501819
0.46000000000000024,0.5095138296628776,0.013188420268340493,0.42516346576039454,0.5482106152510705,0.08303961708933325,0.0869169998622965,ok,-0.18972541895785547,-1.5442087921158048,1.5601225273536252,-1.5834990126880066,-1.572125634324614,-0.1887321879049994,-0.3723833870999552,0.07951046902735029,-0.04721031462568737,-0.027100505877655112,-0.0027260505413860994,-0.37083740314480523,0.3033568562875094,0.23715698296752186
0.47000000000000025,0.5098842588615832,0.01122506426321373,0.4250227625187314,0.5464830131421856,0.08309515341396416,0.3036660000361735,ok,-0.19344925282885503,-1.5434136874255313,1.5596504242073683,-1.5837700177467833,-1.5721528948300278,-0.19244056193644746,-0.37070011770718775,0.08011291495048621,-0.047911308418270376,-0.027070863372566985,-0.002712350581421355,-0.3691772033561889,0.30189595594942126,0.23587676552946646
0.48000000000000026,0.5102494971424477,0.009267228883721109,0.4248821710170596,0.544755795502245,0.08315108345328653,0.2083750005112961,ok,-0.1971562540059269,-1.5426125582760264,1.5591713111231855,-1.584040726380509,-1.572180018335842,-0.19613233397000934,-0.36902004613926315,0.08069763889512183,-0.04859503275918498,-0.027040312256947637,-0.002698344994247507,-0.36752001432474174,0.30043845554640547,0.23459235491525177
0.49000000000000027,0.5106095500917264,0.007314932220950788,0.42474168863476,0.5430289836230119,0.08320739393981331,0.12070800039509777,ok,-0.20084645446731952,-1.5418055818870753,1.5586853607955937,-1.5843111295030785,-1.5722070017857845,-0.19980753411325675,-0.3673432913255356,0.08126483580463494,-0.049261693774529915,-0.027008840331158596,-0.002684042330657447,-0.36586595536230276,0.2989844076445738,0.23330388067892532
0.5000000000000002,0.510964423862785,0.005368192226686041,0.42460131296834724,0.541302599433734,0.08326407175536123,0.07345899939537048,ok,-0.2045198873805749,-1.5409929335290289,1.5581927438578485,-1.58458121790639,-1.5722338422090911,-0.20346619366687976,-0.3656699691807821,0.08181470048000947,-0.04991149600147901,-0.026976436934630223,-0.002669451044199001,-0.36421514278571626,0.2975338633835555,0.23201147194725114
0.5100000000000002,0.511314125169081,0.0034270267051200783,0.424461041826852,0.5395766654814396,0.08332110393161024,0.07974999971338548,ok,-0.2081765870723827,-1.5401747865242288,1.5576936288978336,-1.5848509822757364,-1.572260536719533,-0.2071083450947369,-0.36400019263684624,0.0823474275435418,-0.0505446424163919,-0.02694309287936195,-0.002654579490332387,-0.3625676899481283,0.29608687205931794,0.23071792781024175
0.5200000000000002,0.5116586612770972,0.001491453304795317,0.4243208732272611,0.5378512049114715,0.08337847765060405,0.09991700062528253,ok,-0.21181658899875117,-1.5393513122487934,1.5571881824736697,-1.58512041320453,-1.5722870825144364,-0.2107340219942182,-0.3623340716749732,0.08286321140273507,-0.05116133446128271,-0.026908800385344885,-0.0026394359256517387,-0.36092370727097184,0.29464348063294704,0.2294322104972506
0.5300000000000002,0.5119980399992288,-0.00043851048923301415,0.42418080539001596,0.5361262414482599,0.08343618024519338,0.2588340012152912,ok,-0.2154399297155009,-1.538522680134766,1.556676569129057,-1.5853895012083834,-1.5723134768736928,-0.21434325906692792,-0.3606717133587864,0.08336224621447272,-0.05176177206877432,-0.026873553017754844,-0.002624028507190357,-0.3592833022765909,0.2932037353249545,0.2281550429445578
0.5400000000000003,0.5123322696866328,-0.0023628473630113852,0.4240408367345664,0.534401799376333,0.0834941991994229,0.10962499982269946,ok,-0.21904664684908878,-1.5376890576726212,1.5561589514083691,-1.585658236738561,-1.5723397171587647,-0.21793609208969383,-0.35901322186786255,0.08384472584949074,-0.052346153685584214,-0.02683734562598219,-0.0026083652917897426,-0.35764657962146046,0.2917676801158926,0.22688643383931112
0.5500000000000003,0.5126613592220346,-0.004281540181082717,0.42390096587497905,0.5326779035215636,0.0835525221488611,0.0726670004951302,ok,-0.2226367790677674,-1.5368506104141264,1.5556354898715132,-1.5859266101948208,-1.5723658008116828,-0.22151255788590843,-0.3573586985318651,0.08431084385715185,-0.0529146762945665,-0.02680017428444155,-0.0025924542355386863,-0.3560136411299626,0.29033535559967594,0.22562638969354032
0.5600000000000003,0.5129853180124991,-0.006194571993662705,0.4237611916156001,0.5309545792326509,0.0836111368808757,0.07675000051676761,ok,-0.22621036605308606,-1.5360075019755548,1.5551063431085677,-1.5861946119376653,-1.572391725354038,-0.22507269429720805,-0.35570824186518785,0.0847607934305854,-0.05346753543541817,-0.02676203623511277,-0.0025763031932799652,-0.35438458582867244,0.2889068034342534,0.22437491562595624
0.5700000000000003,0.5133041559821666,-0.008101926043600305,0.4236215129467728,0.5292318523628402,0.08367003133485557,0.08116699973470531,ok,-0.22976744847173794,-1.535159894041249,1.5545716677542134,-1.5864622323000164,-1.5724174883859707,-0.2286165401554948,-0.35406194760207044,0.0851947673722089,-0.0540049252240736,-0.026722929831810308,-0.002559919918181354,-0.3527595099811126,0.28748206198455467,0.2231320146052599
0.5800000000000003,0.5136178835649564,-0.010003585773123951,0.42348192904060283,0.5275097492518702,0.08372919360237989,0.06783399840060156,ok,-0.23330806794775866,-1.5343079463675269,1.5540316185019727,-1.5867294615983345,-1.5724430875851525,-0.23214413525530592,-0.3524199087321435,0.08561295805965102,-0.054527038370860655,-0.02668285448613191,-0.0025433120613711294,-0.35113850712293726,0.28606116856949504,0.22189768784226083
0.5900000000000003,0.5139265116972409,-0.011899534830375496,0.42334243924678017,0.5257882967081626,0.08378861192733486,0.06799999937356915,ok,-0.2368322670350801,-1.5334518167869304,1.5534863481182641,-1.5869962901431958,-1.5724685207057663,-0.23565552032653528,-0.35078221553636485,0.08601555741211367,-0.055034066197462546,-0.026641810615067284,-0.0025264871716354797,-0.34952166809750784,0.2846441583406237,0.22067193475618607
0.6000000000000003,0.5142300518104925,-0.013789757075734172,0.42320304308844736,0.5240675219912364,0.08384827470598016,0.1690419994702097,ok,-0.24034008919044375,-1.5325916612128092,1.5529360074562895,-1.5872627082493465,-1.5724937855774825,-0.23915073700751036,-0.34914895562331116,0.08640275685717301,-0.055526198652725824,-0.026599799590253524,-0.002509452695171343,-0.3479090810918208,0.2832310661081235,0.21945475296842903
0.6100000000000003,0.5145285158239047,-0.015674236587932877,0.4230637402581203,0.5223474527943601,0.08390817048696537,0.11612500020419247,ok,-0.24383157874667685,-1.5317276336442376,1.5523807454697622,-1.587528706245249,-1.5725188801044343,-0.24262982781842857,-0.34752021396577887,0.08677474729807533,-0.05600362432740474,-0.026556823688789467,-0.0024922159754056645,-0.3463008316727468,0.2818219227286133,0.21824613858590053
0.6200000000000003,0.5148219161369914,-0.017552957669968287,0.422924530613656,0.5206281172274315,0.08396828797129799,0.2817919994413387,ok,-0.24730678088633465,-1.5308598861712568,1.5518207092264882,-1.587794274482137,-1.5725438022641884,-0.24609283613515603,-0.345896072937671,0.0871317190815133,-0.056466530467833356,-0.026512886045683512,-0.0024747842528590742,-0.3446970028235556,0.2804167825668444,0.21704608563181382
0.6300000000000003,0.5151102656221656,-0.019425904854807222,0.42278541417427007,0.518909543800091,0.08402861601226258,0.24795900026219897,ok,-0.25076574161571136,-1.5299885689804416,1.55125604392181,-1.5880594033425939,-1.572568550106717,-0.24953980616339158,-0.344276612351122,0.0874738619659316,-0.05691510298864572,-0.026467990607751485,-0.0024571646650799798,-0.34309767498067834,0.27901612568167394,0.2158545869816061
0.6400000000000003,0.5153935776173002,-0.02129306291089211,0.4226463911166008,0.5171917614050612,0.08408914361529483,0.07504199857066851,ok,-0.2542085077392226,-1.5291138303607823,1.5506868928919235,-1.5883240832486714,-1.5725931217533677,-0.25297078291319836,-0.34266190949383696,0.08780136509034589,-0.05734952648450312,-0.026422142089123895,-0.002439364246613885,-0.34150292607068533,0.277620144647071,0.21467163331337308
0.6500000000000004,0.5156718659182744,-0.023154416847446513,0.4225074617708221,0.5154747993017227,0.08414985993780794,0.0502500006405171,ok,-0.25763512683416095,-1.5282358167098788,1.5501133976270784,-1.5885883046695626,-1.572617515395834,-0.2563858121739052,-0.3410520391666038,0.0881144169437239,-0.05776998424095567,-0.026375345928163377,-0.0024213899290362884,-0.33991283154743795,0.27622884018384836,0.21349721429259372
0.6600000000000004,0.5159451447715051,-0.02500995191958419,0.4223686266168013,0.5137586870999102,0.08421075428897594,0.04762500066135544,ok,-0.261045647225827,-1.5273546725404417,1.5495356977846688,-1.5888520581288441,-1.5726417292951242,-0.2597849404893796,-0.33944707372095406,0.08841320533492934,-0.058176658244437164,-0.026327608245858065,-0.0024032485410316207,-0.3383274644293899,0.2748422132548657,0.21233131775976427
0.6700000000000004,0.5162134288664705,-0.026859653633223336,0.42222988628030267,0.5120434547439433,0.08427181612947171,0.04533399987849407,ok,-0.26444011796303657,-1.5264705404870924,1.5489539312022245,-1.5891153342113027,-1.5726657617805346,-0.2631682151336735,-0.3378470830969336,0.088697917363229,-0.058569729191439074,-0.0262789358056346,-0.0023849468085179438,-0.3367468953369994,0.27346026320797207,0.2111739302914779
0.6800000000000004,0.516476733328222,-0.02870350774980827,0.42209124152923927,0.5103291324968829,0.08433303507116337,0.043792000724351965,ok,-0.2678185887940059,-1.52558356131346,1.54836823391031,-1.589378123569359,-1.5726896112486197,-0.2665356840870435,-0.33625213486096106,0.08896873938939956,-0.05894937649691196,-0.02622933597457278,-0.002366491354819142,-0.33517119253023137,0.2720829896654298,0.21002503644016712
0.6900000000000004,0.5167350737098929,-0.03054150029084121,0.4219526932699662,0.5086157509250131,0.08439440087676849,0.04400000034365803,ok,-0.2711811101426155,-1.5246938739195661,1.547778740145341,-1.5896404169291047,-1.5727132761621678,-0.2698873960123458,-0.3346622942437403,0.0892258570074301,-0.05931577830194339,-0.0261788166859634,-0.0023478887008818506,-0.3336004219461143,0.27071039006551917,0.20888461985108708
0.7000000000000004,0.516988465985202,-0.032373617542226535,0.4218142425436207,0.5069033408825504,0.08445590345946705,0.04354199882072862,ok,-0.2745277330850529,-1.5238016153494918,1.5471855823623215,-1.5899022050959644,-1.5727367550491766,-0.2732234002318069,-0.3330776241782,0.08946945501683039,-0.05966911148072971,-0.0261273864032188,-0.002329145265533792,-0.33203464723632764,0.2693424615485521,0.20775266246655166
0.7100000000000004,0.517236926540956,-0.03419984605842931,0.42167589052250665,0.5051919334965789,0.08451753288247495,0.043957999878330156,ok,-0.2778585093268349,-1.5229069207993235,1.5465888912475143,-1.5901634789599965,-1.5727600465018319,-0.2765437467041702,-0.33149818533743314,0.08969971739557124,-0.0600095516469082,-0.02607505408506063,-0.002310267365788469,-0.3304739298047891,0.267979199154433,0.20662914569294916
0.7200000000000004,0.5174804721695528,-0.03602017266645143,0.42153763850652104,0.5034815601522102,0.0845792793585793,0.04333300057624001,ok,-0.28117349118020923,-1.522009923625368,1.5459887957310452,-1.590424229500847,-1.5727831491754898,-0.27984848600221807,-0.3299240361726147,0.08991682727362982,-0.06033727315924315,-0.026021829152026475,-0.002291261217179449,-0.3289183288452251,0.26662059888350287,0.20551404843104426
0.7300000000000004,0.517719120061488,-0.03783458446962715,0.4213994879196251,0.5017722524779651,0.08464113324963432,0.042583000322338194,ok,-0.28447273154193536,-1.5211107553526315,1.5453854229994528,-1.5906844477923674,-1.5728060617876616,-0.2831376692906703,-0.3283552329508688,0.0901209669071844,-0.06065244912675251,-0.025967721454174992,-0.002272132934143701,-0.32736790137868943,0.2652666552785561,0.2044073485970785
0.7400000000000004,0.517952887797866,-0.03964306885124032,0.4212614403063595,0.5000640423313826,0.08470308506602256,0.3040829997189576,ok,-0.28775628387144403,-1.5202095456835596,1.5447788985081852,-1.5909441250069092,-1.572828783117003,-0.2864113483044572,-0.3267918297930588,0.09031231765344395,-0.06095525141326952,-0.025912741240040473,-0.002252888530434735,-0.3258227022910111,0.26391736147543127,0.2033090233576384
0.7500000000000004,0.5181817933429191,-0.04144561347796642,0.4211234973283993,0.49835696178484873,0.08476512546607758,0.06512500112876296,ok,-0.29102420216937464,-1.5193064225070252,1.5441693459940524,-1.5912032524193096,-1.5728513120023073,-0.2896695753273673,-0.3252338787114868,0.09049105994612507,-0.061245850641496756,-0.02585689912676422,-0.002233533919572799,-0.32428278437015357,0.2625727098377433,0.20221904877009755
0.7600000000000005,0.5184058550365367,-0.04324220630314159,0.4209856607611549,0.4966510431116478,0.08482724525547408,0.049665999540593475,ok,-0.29427654095648953,-1.518401511907564,1.5435568874876375,-1.5914618214105773,-1.572873647341503,-0.29291240317106887,-0.3236814296474702,0.09065737327157262,-0.061524416196569086,-0.025800206071380827,-0.0022140749153311576,-0.3227481983434507,0.2612326925554811,0.20113739917148837
0.7700000000000005,0.5186250915868047,-0.04503283556986065,0.4208479324904125,0.49494631877223627,0.08488943538658301,0.04558299951895606,ok,-0.29751335525296424,-1.5174949381748484,1.5429416433256717,-1.5917198234712913,-1.5728957880906564,-0.2961398851545034,-0.32213453050878377,0.09081143614553526,-0.061791116229163376,-0.025742673343252927,-0.0021945172322492715,-0.32121899291471534,0.25989730107171904,0.20006404769223546
0.7800000000000005,0.5188395220625597,-0.04681748981390782,0.4207103145090171,0.4932428214007337,0.0849516869577937,0.060541000493685715,ok,-0.30073470055805207,-1.516586823813393,1.54232373216338,-1.5919772502047238,-1.572917733262979,-0.2993520750836506,-0.32059322720693867,0.09095342609060314,-0.06204611765819784,-0.025684312497582962,-0.002174866486184875,-0.31969521480118673,0.25856652610584074,0.19899896628848712
0.7900000000000005,0.5190491658859593,-0.04859615786652096,0.42057280891359844,0.4915405837916378,0.08501399121280402,0.04429199907463044,ok,-0.30394063283012146,-1.515677289552487,1.5417032709867982,-1.5922340933296997,-1.5729394819278408,-0.30254902723166244,-0.31905756369428656,0.09108351961429484,-0.06228958617311875,-0.02562513535004621,-0.002155128194883071,-0.318176908770304,0.2572403565815623,0.1979421273561336
0.8000000000000005,0.5192540428250688,-0.05036882885699415,0.42043541790133654,0.48983963888675297,0.0850763395398798,0.04329199873609468,ok,-0.3071312084670643,-1.5147664543563442,1.541080375125067,-1.5924903446832002,-1.5729610332097896,-0.3057307963193655,-0.31752758200092585,0.09120189218779912,-0.06252168623582918,-0.025565153952415185,-0.0021353077785895005,-0.31666411767628927,0.2559187824306301,0.196893500047835
0.8100000000000005,0.5194541729864697,-0.052135492215118505,0.4202981437667693,0.4881400197623412,0.08513872347108381,0.06129100074758753,ok,-0.3103064842870736,-1.513854435434466,1.5404551582627086,-1.5927459962227244,-1.5729823862875756,-0.3088974374961284,-0.3160033222713948,0.09130871822539414,-0.0627425810822896,-0.025504380569257273,-0.0021154105606758823,-0.3151568824965174,0.2546017918387985,0.1958530540292539
0.8200000000000005,0.5196495768078881,-0.05389613767346578,0.420160988898641,0.4864417596164877,0.08520113468147576,0.05029199928685557,ok,-0.31346651750978755,-1.512941348252212,1.5398277324518856,-1.593001040028417,-1.5730035403931824,-0.3120490063210936,-0.3144848228011347,0.09140417106450188,-0.06295243272379314,-0.0254428276555798,-0.002095441768303162,-0.31365524236766074,0.25328937292008136,0.1948207571872836
0.8300000000000005,0.5198402750508478,-0.05565075526951709,0.42002395577679136,0.4847448917566807,0.08526356498828339,0.046499999371008016,ok,-0.3166113657377989,-1.512027306541567,1.5391982081246478,-1.5932554683049727,-1.5730244948108654,-0.3151855587447702,-0.31297212007270725,0.09148842294642326,-0.06315140194796073,-0.025380507835489226,-0.0020754065330989063,-0.3121592346215925,0.2519815121618067,0.19379657838011416
0.8400000000000005,0.5200262887933497,-0.057399335347638046,0.41988704696908485,0.4830494495876109,0.0853260063500482,0.04504100070334971,ok,-0.319741086938526,-1.5111124223121029,1.538566694105168,-1.5935092733833276,-1.5730452488761963,-0.3183071510909862,-0.31146524879175114,0.09156164499771637,-0.06333964831947479,-0.025317433881767767,-0.0020553098918607675,-0.31066889482103266,0.25067819755247706,0.19278048175151152
0.8500000000000005,0.5202076394225763,-0.05914186856090443,0.4197502651283815,0.4813554665991809,0.08538845086574201,0.04416599949763622,ok,-0.3228557394264435,-1.5101968058621258,1.5379332976219733,-1.5937624477221453,-1.573065801975115,-0.3214138400391965,-0.3099642419226633,0.09162400721223231,-0.06351733018057433,-0.025253618696350417,-0.002035156787288719,-0.30918425679492056,0.24937941398944485,0.1917724355511668
0.8600000000000005,0.5203843486276282,-0.06087834587278006,0.41961361298954625,0.4796629763547293,0.08545089077386044,0.052041999879293144,ok,-0.32595538184567013,-1.5092805657900035,1.5372981243201675,-1.5940149839091087,-1.5730861535429879,-0.3245056826071457,-0.3084691307239947,0.09167567843380904,-0.0636846046513341,-0.025189075291719557,-0.0020149520687290238,-0.30770535267351035,0.2480851478793924,0.1907724031831533
0.8700000000000006,0.5205564383922892,-0.06260875855864968,0.41947709336649974,0.4779720124794662,0.08551331845149013,0.048040999899967574,ok,-0.32904007315291006,-1.5083638090056655,1.5366612782736542,-1.5942668746620259,-1.5731063030636752,-0.3275827361338808,-0.30697994478354357,0.09171682633960711,-0.06384162762974818,-0.025123816773156844,-0.001994700492939575,-0.3062322129231609,0.24679538460595052,0.18978034817272565
0.8800000000000006,0.5207239309878254,-0.06433309820720964,0.41934070914930827,0.47628260864912103,0.0855757264133539,0.24462500005029142,ok,-0.3321098726007455,-1.5074466407422693,1.5360228619973566,-1.5945181128297574,-1.5731262500686045,-0.3306450582631124,-0.30549671205313306,0.09174761742410759,-0.06398855379165927,-0.025057856321813423,-0.00197440672487951,-0.3047648663808233,0.24551010860549977,0.18879623446141203
0.8900000000000006,0.5208868489658195,-0.06605135672171865,0.4192044633013131,0.47459479857879805,0.08563810731083163,0.07379199996648822,ok,-0.3351648397212768,-1.5065291645680283,1.53538297645944,-1.5947686913929755,-1.5731459941358532,-0.33369270692692066,-0.3040194588830773,0.09176821698372108,-0.06412553659049623,-0.024991207178628686,-0.001954075338507177,-0.30330334028821004,0.24422930344802435,0.1878185726096635
0.9000000000000006,0.5210452151510384,-0.06776352632111153,0.4190683588563007,0.4729086160120428,0.08570045393096049,0.048457999582751654,ok,-0.33820503431010757,-1.5056114823981912,1.534741721093535,-1.5950186034647618,-1.5731655348892384,-0.33672574032980274,-0.30254821005629606,0.09177878910207983,-0.06425272825693705,-0.02492388262900278,-0.0019337108176026676,-0.3018476603256295,0.2429529540863029,0.18684283745313018
0.9100000000000006,0.521199052634342,-0.06946959954097806,0.4189323989157104,0.4712240947101146,0.08576275919541342,0.0457499991171062,ok,-0.34123051641067054,-1.5046936945071705,1.5340991938109656,-1.5952678422910518,-1.5731848719974144,-0.339744216933059,-0.3010829888221028,0.09177949663591642,-0.06437027979839939,-0.024855895988266846,-0.0019133175565995786,-0.30039785064548324,0.2416810436920408,0.18586879010302604
0.9200000000000006,0.5213483847656281,-0.0711695692344103,0.41879658664588276,0.469541268441466,0.08582501615945737,0.045000000682193786,ok,-0.3442413462988916,-1.5037758995408113,1.5334554910129816,-1.5955164012509344,-1.5732040051729803,-0.34274819543951385,-0.2996238169296287,0.09177050120160804,-0.0644783409984846,-0.024787260587867115,-0.0018928998614358478,-0.2989539339054196,0.24041355427029093,0.18489652403292917
0.9300000000000006,0.5214932351468209,-0.07286342857271999,0.418660925275347,0.46786017097142785,0.08588721801089332,0.044207999962964095,ok,-0.34723758446818787,-1.502858194528795,1.5328107076029969,-1.5957642738568132,-1.5732229341715946,-0.34573773477856806,-0.29817071466089307,0.09175196316231916,-0.06457706041631349,-0.024717989762283742,-0.0018724619504141575,-0.29751593130112397,0.23915046957442876,0.18392612629587157
0.9400000000000006,0.5216336276248992,-0.07455117104602947,0.4185254180921469,0.4661808360520983,0.08594935806897651,0.04354199882072862,ok,-0.3502192916147968,-1.501940674897172,1.5321649369988337,-1.596011453754436,-1.573241658791099,-0.3487128940915793,-0.29672370086349875,0.09172404161577448,-0.0646665853858109,-0.024648096836655496,-0.0018520079550745888,-0.2960838625987449,0.23789177213447943,0.18295768617692965
0.9500000000000006,0.52176958628497,-0.07623279046373824,0.41839006844120524,0.4645032974124334,0.0860114297833198,0.04229200021654833,ok,-0.3531865286234318,-1.5010234344810143,1.5315182711449755,-1.5962579347228028,-1.5732601788706497,-0.35167373271756674,-0.29528279298295806,0.0916868943826354,-0.06474706201495167,-0.024577595115042292,-0.001831541921083915,-0.294657746166958,0.23663744304198076,0.18199129620713628
0.9600000000000006,0.5219011354433873,-0.07790828095486771,0.41825487972172787,0.4628275887485403,0.08607342673278078,0.04216700108372606,ok,-0.3561393565532614,-1.500106565537188,1.530870800524826,-1.5965037106739532,-1.5732784942898606,-0.35462031017923634,-0.29384800709462955,0.09164067799548557,-0.06481863518496792,-0.024506497869373197,-0.0018110678091293583,-0.29323759900863705,0.23538746500479074,0.18102704275031067
0.9700000000000006,0.5220282996409163,-0.07957763696828675,0.41811985538464574,0.46115374371417134,0.0861353426243311,0.16108299860206898,ok,-0.35907783662420767,-1.4991901587572332,1.5302226141729762,-1.596748775652647,-1.5732966049679518,-0.35755268616932273,-0.2924193579352737,0.09158554768840607,-0.06488144854953609,-0.024434818329020322,-0.00179058949582175,-0.29182343679215583,0.23414181863117894,0.18006501772591482
0.9800000000000006,0.5221511036359466,-0.08124085327282123,0.417984998930096,0.45948179591141497,0.0861971712919137,0.07616599941684399,ok,-0.3620020302035604,-1.4982743032803492,1.529573799687481,-1.5969931238359372,-1.57331451086291,-0.3604709205372443,-0.29099685893420674,0.09152165738715279,-0.06493564453398433,-0.02436256967094526,-0.001770110774616526,-0.29041527388228555,0.2329004860498346,0.17910530705218014
0.9900000000000007,0.5222695723977536,-0.08289792495724868,0.4178503139049401,0.45781177888158475,0.08625890669528172,0.04733300011139363,ok,-0.3649119987929025,-1.4973590867064777,1.5289244432421412,-1.5972367495326467,-1.5733322119706563,-0.3633750732760671,-0.2895805222440621,0.09144915969989631,-0.0649813643344748,-0.024289765010488573,-0.0017496353567292185,-0.2890131233707127,0.2316634474740733,0.17814800206131448
1.0000000000000007,0.522383731099812,-0.08454884743018184,0.4177158039003219,0.45614372609630727,0.08632054291882815,0.27962500098510645,ok,-0.3678078040153431,-1.4964445951094787,1.5282746295987963,-1.5974796471827517,-1.5733497083242236,-0.36626520450977423,-0.28817035877114444,0.09136820590856853,-0.06501874791725729,-0.024216417392671205,-0.0017291668720714642,-0.28761699710614413,0.23043068453525478,0.1771931882470309
1.0100000000000007,0.5224936051131577,-0.08619361641984348,0.4175814725492625,0.4544776709487982,0.08638207417039882,0.22120799985714257,ok,-0.3706895076030545,-1.495530913050393,1.5276244421196237,-1.5977218113566785,-1.5733669999929443,-0.36914137448083567,-0.28676637820537887,0.09127894596073402,-0.0650479340179056,-0.02414253978408449,-0.0017087088701818352,-0.2862269057240216,0.22920217741697885,0.17624095530328082
1.0200000000000007,0.522599219999807,-0.08783222797373397,0.4174473235242929,0.45281364674533964,0.08644349478009619,0.11354100024618674,ok,-0.3735571713851083,-1.4946181235907858,1.5269739627794445,-1.5979632367545193,-1.573384087081646,-0.3720036435380759,-0.28536858904984524,0.09118152846206436,-0.06506906014065081,-0.024068145065280794,-0.001688264821170633,-0.2848428586758154,0.2279779064973267,0.17529139153918893
1.0300000000000007,0.5227006015062259,-0.08946467845819576,0.417313360535126,0.4511516866969426,0.08650479919907043,0.052332999985083006,ok,-0.37641085727560675,-1.4937063083061652,1.526323272178038,-1.5982039182051722,-1.5734009697298577,-0.37485207212483407,-0.28397699864990544,0.09107610066933136,-0.06508226255773758,-0.023993246023677736,-0.0016678381166676534,-0.28346486425792633,0.2267578522935958,0.17434458395770486
1.0400000000000007,0.5227977755568558,-0.09109096455787542,0.4171795873263645,0.4494918239112036,0.08656598199829998,0.061374999859253876,ok,-0.3792506272621058,-1.4927955472994718,1.5256724495524605,-1.5984438506654088,-1.5734176481110242,-0.37768672076741333,-0.28259161322190557,0.09096280848395563,-0.06508767630886325,-0.023917855346953912,-0.0016474320707724002,-0.2820929296401588,0.22554199517194973,0.17340061936210893
1.0500000000000007,0.5228907682476956,-0.09271108327508752,0.4170460076752471,0.44783409138434727,0.08662703786736349,0.1104160000977572,ok,-0.38207654339432484,-1.4918859192146323,1.525021572789372,-1.5986830292188783,-1.5734341224317319,-0.38050765006381493,-0.2812124378814673,0.09084179644609573,-0.06508543520069825,-0.023841985616918596,-0.001627049921007725,-0.2807270608937881,0.22433031515122026,0.17245958537618927
1.0600000000000007,0.5229796058399413,-0.09432503192908105,0.4169126253894318,0.44617852199345887,0.08668796161320078,0.07983400064404123,ok,-0.3848886677731395,-1.4909775012501714,1.524370718437365,-1.5989214490750474,-1.573450392930942,-0.3833149206727528,-0.2798394766713542,0.09071320772924328,-0.06507567180647664,-0.02376564930382641,-0.001606694829278278,-0.27936726301921233,0.22312279220248188,0.17152156937535795
1.0700000000000007,0.5230643147536814,-0.09593280815521216,0.41677944430481717,0.4445251484889,0.08674874815886716,0.04787499892699998,ok,-0.3876870625398531,-1.490070369172879,1.5237199617193002,-1.5991591055680856,-1.5734664598792347,-0.38610859330294495,-0.27847273258891825,0.0905771841353516,-0.06505851746569978,-0.02368885876111773,-0.0015863698828336346,-0.27801353997318384,0.2219194066331393,0.1705866565102731
1.0800000000000007,0.5231449215616549,-0.09753440990402511,0.4166464682833998,0.44287400348691097,0.0868093925422792,0.04583299960359,ok,-0.39047178986574227,-1.4891645973315255,1.5230693765446432,-1.5993959941556968,-1.573482323578063,-0.38888872870267677,-0.2771122076131218,0.09043386609046981,-0.06503410228393583,-0.02361162622059876,-0.0015660780952270262,-0.2766658946956208,0.22072013794898038,0.16965493570635565
1.0900000000000007,0.5232214529830651,-0.09912983544024324,0.4165137012111687,0.44122511946239157,0.08686988991495304,0.06649999886576552,ok,-0.3932429119418735,-1.4882602586706208,1.522419035521804,-1.5996321104179028,-1.5734979843590153,-0.391655387649633,-0.27575790273114054,0.09028339264086457,-0.06500255513272543,-0.023533963788002946,-0.0015458224072796246,-0.27532432913600924,0.21952496639443264,0.16872650494337116
1.1000000000000008,0.5232939358774581,-0.10071908334167416,0.4163811469960371,0.4395785287418669,0.08693023554073771,0.316249999741558,ok,-0.3960004909691849,-1.4873574247442123,1.5217690099704766,-1.5998674500557828,-1.5735134425830881,-0.3944086309409931,-0.27440981796453523,0.09012590144964687,-0.06496400364961745,-0.023455883438936235,-0.0015256056880472203,-0.2739888442793661,0.21833387184757702,0.16780384095650736
1.1100000000000008,0.523362397238659,-0.10230215249802882,0.41624880956581023,0.43793426349662845,0.08699042479454142,0.10812499931489583,ok,-0.3987445891488302,-1.4864561657297157,1.5211193699339804,-1.600102008890172,-1.5735286986399686,-0.39714851938378676,-0.2730679523950091,0.08996152879386163,-0.0649185742383101,-0.02337739701521153,-0.0015054307357786005,-0.27265944017181143,0.21714683434985488,0.16688871365392405
1.1200000000000008,0.5234268641887743,-0.10387904210965938,0.41611669286619074,0.43629235573605785,0.08705045316105317,0.06795800072723068,ok,-0.40147526867278027,-1.4855565504417771,1.5204701841915973,-1.6003357828603242,-1.5735437529473264,-0.3998751137855049,-0.27173230418973326,0.0897904095620668,-0.06486639206894479,-0.02329851622149946,-0.0014853002788859692,-0.2713361159456905,0.21596383375069833,0.1659810942688007
1.1300000000000008,0.5234873639722544,-0.1054497516862164,0.4159848008588179,0.43465283730111925,0.08711031623346017,0.06937499892956112,ok,-0.4041925917146776,-1.4846586463461564,1.5198215202709078,-1.6005687680225391,-1.5735586059501152,-0.4025884749449618,-0.2704028706262567,0.08961267725235618,-0.06480758107851428,-0.02321925262234794,-0.0014652169769044869,-0.27001886984430584,0.21478485029176192,0.1650809508301826
1.1400000000000008,0.5235439239500211,-0.10701428104522892,0.41585313751934566,0.43301573985803227,0.08717000971216131,0.06604199916182552,ok,-0.40689662042094016,-1.4837625195736328,1.5191734444601226,-1.6008009605487625,-1.5735732581198842,-0.4052886636434049,-0.26907964811698987,0.08942846397085241,-0.06474226397143185,-0.02313961763951197,-0.0014451834214523583,-0.2687076992462063,0.21360986405911242,0.16418825359145345
1.1500000000000008,0.5235965715936594,-0.1085726303106081,0.4157217068355552,0.4313810948921129,0.08722952940347758,0.050749998990795575,ok,-0.40958741690211004,-1.4828682349339244,1.5185260218204082,-1.6010323567251576,-1.5735877099540987,-0.40797574063586695,-0.26776263223327385,0.08923790043061823,-0.0646705622202207,-0.023059622549585525,-0.0014252021371941052,-0.26740260068908267,0.21243885526308176,0.16330297300615793
1.1600000000000008,0.5236453344796745,-0.11012479991107936,0.41559051280550285,0.42974893370178724,0.08728887121835886,0.05566599975281861,ok,-0.4122650432244428,-1.4819758559296181,1.517879316198206,-1.6012629529506535,-1.5736019619754706,-0.41064976664275776,-0.2664518177290188,0.08904111595103313,-0.06459259606638736,-0.02297927848193387,-0.0014052755827956304,-0.2661035698932327,0.21127180423264524,0.1624250811195342
1.1700000000000008,0.5236902402838144,-0.11167079057854153,0.41545955943570545,0.42811928739277383,0.08734803117109004,0.044666998292086646,ok,-0.414929561401733,-1.4810854447701078,1.5172333902375421,-1.6014927457354728,-1.5736160147312985,-0.4133108023416901,-0.2651471985639421,0.0888382384575664,-0.06450848452141852,-0.02289859641689612,-0.001385406151883747,-0.26481060178461957,0.21010869155370981,0.16155454476525077
1.1800000000000008,0.523731316775458,-0.11321060334635892,0.4153288507393582,0.42649218687243096,0.08740700537799456,0.04416699994180817,ok,-0.4175810333873724,-1.4801970623855323,1.516588305392328,-1.6017217316996417,-1.5736298687928174,-0.4159589083595363,-0.2638487679263763,0.08862939448197847,-0.06441834536794917,-0.02281758718428653,-0.0013655961739885332,-0.2635236905175195,0.20894949780933714,0.16069133479926878
1.1900000000000008,0.5237685918120712,-0.11474423954758572,0.41519839073459075,0.42486766284427246,0.08746579005613764,0.04391699985717423,ok,-0.4202195210666362,-1.4793107684407125,1.5159441219386485,-1.6019499075714845,-1.5736435247545573,-0.4185941452647115,-0.26255651825567344,0.08841470916291931,-0.06432229516108812,-0.02273626146209717,-0.001345847915502765,-0.262242829496758,0.2077942038086471,0.1598354239148267
1.2000000000000008,0.5238020933337294,-0.11627170081312653,0.41506818344275553,0.42324574580264374,0.08752438152202856,0.23962500017660204,ok,-0.4228450862491929,-1.4784266213490833,1.5153008989870376,-1.6021772701861055,-1.5736569832337124,-0.42121657355967906,-0.261270441264196,0.08819430624693432,-0.06422044922991466,-0.02265462977548206,-0.0013261635806211777,-0.26096801139953973,0.2066427905980857,0.15898678376120096
1.2100000000000009,0.5238318493577073,-0.11779298906983476,0.4149382328867527,0.42162646602756015,0.08758277619032344,0.10366700007580221,ok,-0.42545779066183487,-1.477544678286614,1.5146586944947384,-1.6024038164838603,-1.5736702448695186,-0.42382625367367444,-0.2599905279588988,0.08796830808984063,-0.06411292167912477,-0.02257270249596473,-0.0013065453122809286,-0.2596992281968802,0.20549523925113627,0.15814538135027306
1.2200000000000009,0.523857887973138,-0.11930810653855004,0.41480854308938947,0.4200098535797086,0.08764097057252873,0.07958399874041788,ok,-0.42805769594142384,-1.4766649952057156,1.5140175652779473,-1.60262954350882,-1.5736833103226413,-0.42642324595564324,-0.25871676866250465,0.08773683565849738,-0.06399982539086746,-0.022490489840849594,-0.0012869951930983747,-0.2584364711746232,0.20435153138419687,0.15731119366597074
1.2300000000000009,0.5238802373357394,-0.12081705573207817,0.41467911807177216,0.4183959382956005,0.08769896127570455,0.07083299897203688,ok,-0.4306448636280489,-1.4757876268491306,1.5133775670240386,-1.6028544484072285,-1.5736961802745724,-0.42900761066738946,-0.25744915303428706,0.08750000853292131,-0.06388127202672197,-0.022408001872852117,-0.0012675152463014964,-0.25717973095407765,0.2032116483652826,0.15648418633246197
1.2400000000000009,0.5238989256626099,-0.12231983945311509,0.4145499618517346,0.4167847497828868,0.08775674500117142,0.08870899910107255,ok,-0.4332193551583918,-1.4749126267638013,1.5127387543037714,-1.603078528425957,-1.5737088554270353,-0.43157940797693023,-0.25618767009044163,0.0872579449087862,-0.06375737202988004,-0.022325248499913925,-0.0012481074366554636,-0.2559289975122416,0.20207557241049773,0.15566433730775364
1.2500000000000009,0.523913981227093,-0.12381646079211645,0.4144210784422985,0.41517631741582256,0.08781431854321807,0.09529199996904936,ok,-0.4357812318592962,-1.4740400473147135,1.5121011805834725,-1.6033017809109562,-1.5737213365014018,-0.4341386979520526,-0.2549323082240691,0.08701076160024458,-0.06362823462746958,-0.02224223947520739,-0.0012287736713858966,-0.25468426020164936,0.20094328554462787,0.15485161619314158
1.260000000000001,0.5239254323537116,-0.12530692312511502,0.41429247185016876,0.4135706703308875,0.08787167878781156,0.16891699851839803,ok,-0.4383305549415369,-1.473169939698711,1.5114648982371979,-1.6035242033057082,-1.5737336242381157,-0.4366855405540691,-0.2536830552247638,0.08675857404311625,-0.06349396783307652,-0.02215898439732718,-0.001209515801089284,-0.253445507769818,0.1998147702781219,0.15404599647985284
1.270000000000001,0.5239333074131718,-0.12679123011148866,0.4141641460742619,0.41196783742255483,0.08792882271131021,0.05783300002804026,ok,-0.4408673854937845,-1.4723023539582798,1.5108299585588671,-1.6037457931496815,-1.5737457193961266,-0.4392199956317673,-0.25243989829781777,0.08650149629837772,-0.06335467844941912,-0.022075492710619617,-0.0011903356206464713,-0.25221272837831626,0.19869000945036558,0.15324745212767676
1.280000000000001,0.5239376348174365,-0.1282693856916797,0.414036105104267,0.4103678473392079,0.08798574737918131,0.04662500032281969,ok,-0.4433917844767627,-1.471437338995296,1.510196411774373,-1.6039665480767877,-1.573757622752333,-0.44174212291555043,-0.2512028240830334,0.08623964105599474,-0.06321047207121035,-0.02199177370568566,-0.001171234870126954,-0.250985909621454,0.19756898584833626,0.15245595341154566
1.290000000000001,0.5239384430148684,-0.12974139408486832,0.41390835291924044,0.4087707284792051,0.08804244994472046,0.3377499997441191,ok,-0.44590381271759305,-1.470574942584736,1.5095643070536608,-1.6041864658138445,-1.5737693351010345,-0.44425198201176497,-0.24997181867315882,0.08597311963906057,-0.06306145308819558,-0.02190783652002733,-0.001152215235681413,-0.24976503854458332,0.19645168312174588,0.15167147706481932
1.300000000000001,0.5239357604854452,-0.13120725978660114,0.41378089348623254,0.4071765089870889,0.08809892764777727,0.08666699977766257,ok,-0.44840353090432467,-1.4697152113883454,1.508933692522779,-1.6044055441790448,-1.5737808572533913,-0.4467496323972108,-0.2487468676319484,0.08570204200823096,-0.0629077246883528,-0.021823690138819133,-0.0011332783504380945,-0.24855010166203687,0.1953380853712846,0.15089400059209196
1.310000000000001,0.5239296157360425,-0.13266698756637857,0.4136537307589475,0.40558521674993603,0.08815517781348371,0.06512499930977356,ok,-0.45089099958064416,-1.468858190968263,1.5083046152758954,-1.604623781080433,-1.5737921900368956,-0.4492351334138312,-0.2475279560118451,0.08542651676645953,-0.06274938886127489,-0.02173934339582503,-0.0011144257953813828,-0.24734108497469626,0.19422817614501559,0.15012349320051338
1.320000000000001,0.5239200372957891,-0.13412058246519995,0.4135268686764353,0.4039968793938522,0.08821119785098828,0.05037499977333937,ok,-0.4533662791407626,-1.4680039258005984,1.5076771213872826,-1.6048411745143911,-1.5738033342948494,-0.45170854426357815,-0.24631506837129885,0.08514665116401791,-0.06258654640172652,-0.021654804974415395,-0.0010956591002321409,-0.24613797398718487,0.19312194026714313,0.1493599332497007
1.330000000000001,0.5239070537114918,-0.13556804979307127,0.4134003111618142,0.4024115242805996,0.08826698525219663,0.045916000090073794,ok,-0.4558294298244756,-1.4671524592889582,1.5070512559232654,-1.6050577225641354,-1.5738142908858517,-0.45416992400345,-0.24510818879171792,0.08486255110378789,-0.06241929691336426,-0.021570083408714046,-0.0010769797443145152,-0.24494075372471202,0.19201936305828665,0.14860329992399063
1.340000000000001,0.5238906935431314,-0.13700939512647517,0.4132740621210267,0.4008291785043669,0.08832253759051521,0.04454199915926438,ok,-0.4582805117123928,-1.4663038337779204,1.5064270629541316,-1.6052734233982224,-1.5738250606832949,-0.4566193315406971,-0.2439073008940604,0.08457432114682391,-0.06224773881263657,-0.021485187084827287,-0.001058389157422275,-0.2437494087495515,0.19092042910837959,0.1478535634150725
1.350000000000001,0.5238709853594283,-0.1384446243058056,0.4131481254416259,0.39924986888867237,0.08837785251960324,0.04429199907463044,ok,-0.4607195847213334,-1.4654580905664523,1.5058045855660054,-1.6054882752690707,-1.5738356445748691,-0.4590568256281926,-0.2427123878550688,0.08428206451817984,-0.062071969332853784,-0.021400124242192585,-0.0010398887206690265,-0.242563923177173,0.1898251245523871,0.14711070385969588
1.360000000000001,0.5238479577334799,-0.13987374343276937,0.4130225049915931,0.39767362198339873,0.08843292777213031,0.043541000195546076,ok,-0.4631467085998841,-1.4646152699212704,1.5051838658726768,-1.6057022765114926,-1.5738460434620758,-0.46148246485996436,-0.2415234324231553,0.0839858831129723,-0.0618920845284163,-0.02131490297498952,-0.001021479767342038,-0.2413842806920161,0.1887334276958414,0.14637466790979003
1.370000000000001,0.5238216392384678,-0.1412967588677557,0.4128972046181866,0.3961004640619607,0.0884877611585403,0.043000000005122274,ok,-0.4655619429241157,-1.4637754110901406,1.5045649450273926,-1.6059154255412424,-1.5738562582597493,-0.4638963076668845,-0.24034041693394245,0.08368587750270098,-0.061708179279218275,-0.021229531233667415,-0.001003163583732599,-0.24021046456293804,0.18764525028825846,0.14564248052853884
1.380000000000001,0.5237920584434341,-0.14271367722717532,0.41277222814681946,0.39453042111859893,0.08854235056582253,0.05704199975298252,ok,-0.4679653470934551,-1.4629385523151137,1.5039478632346004,-1.6061277208535791,-1.5738662898955866,-0.4662984123125139,-0.23916332332545262,0.0833821469417941,-0.06152034729521768,-0.021144016826512093,-0.0009849414099752326,-0.23904245765830137,0.18656055879814248,0.14491215331650165
1.390000000000001,0.5237592439091318,-0.14412450538077126,0.4126475793799704,0.3929635188658068,0.08859669395629025,0.04375000025902409,ok,-0.47035698032670964,-1.4621047308456958,1.5033326597616483,-1.6063391610218443,-1.5738761393096863,-0.4686888368890969,-0.2379921331529705,0.08307478937438101,-0.06132868112116236,-0.02105836742129509,-0.0009668144408721116,-0.23788024246074216,0.1854793379720836,0.14418361543585956
1.400000000000001,0.5237232241839408,-0.14552925044890258,0.4125232620961212,0.3913997827318754,0.08865078936636686,0.04333300057624001,ok,-0.47273690165823934,-1.461273982951952,1.5027193729504367,-1.6065497446960573,-1.573885807454095,-0.4710676393137043,-0.23682682760356408,0.08276390144128451,-0.061133272141480025,-0.020972590547006825,-0.0009487838267003613,-0.23672380108159938,0.18440157377745786,0.1434568020674587
1.410000000000001,0.5236840277998573,-0.14692791979980305,0.4123992800487266,0.38983923785856583,0.08870463490537904,0.043125000956933945,ok,-0.475105169934275,-1.4604463439375392,1.502108040229022,-1.6067594706015274,-1.573895295292362,-0.47343487732452033,-0.23566738751028474,0.0824495784872189,-0.060934210585329975,-0.020886693595607755,-0.000930850674028731,-0.23557311527502903,0.18332725227712204,0.14273164638816888
1.420000000000001,0.5236416832685521,-0.14832052104681528,0.41227563696521163,0.38828190909890326,0.08875822875435928,0.23804100055713207,ok,-0.47746184380937784,-1.459621848152667,1.5014986981231686,-1.6069683375374835,-1.5739046037991022,-0.4757906084772706,-0.23451379336603648,0.08213191456819412,-0.06073158553180669,-0.020800683823860605,-0.0009130160465125797,-0.23442816645178083,0.18225635908724236,0.14200807637993162
1.430000000000001,0.5235962190774984,-0.14970706204560333,0.4121523365459994,0.3867278210150886,0.08881156916485625,0.05354099994292483,ok,-0.4798069817430382,-1.4588005290069852,1.5008913822678505,-1.607176344375722,-1.5739137339595675,-0.47813489014178845,-0.23336602533713136,0.08181100245911013,-0.060525484915298404,-0.02071456835520113,-0.0008952809656835575,-0.23328893569267928,0.1811888816000632,0.1412860291497906
1.440000000000001,0.5235476636861686,-0.15108755089134437,0.4120293824635661,0.3851769978765257,0.08886465445775213,0.04475000059755985,ok,-0.48214064199640955,-1.457982418982394,1.5002861274186974,-1.607383490059274,-1.5739226867692242,-0.4804677794987152,-0.23222406327652972,0.0814869336615337,-0.06031599553099292,-0.020628354181643254,-0.0008776464117341692,-0.2321554037617733,0.18012480678692788,0.14056656958587294
1.450000000000001,0.5234960455223022,-0.1524619959159001,0.4119067783615259,0.38362946365797107,0.08891748302209189,0.04375000025902409,ok,-0.48446288262917486,-1.4571675496457788,1.4996829674633874,-1.6075897736010905,-1.5739314632333414,-0.48278933353633297,-0.2310878867367698,0.08115979841167194,-0.060103203040549835,-0.020542048165721187,-0.0008601133242930167,-0.23102755111919893,0.1790641230891088,0.13985327107622636
1.460000000000001,0.5234413929782419,-0.15383040568497186,0.41178452785374253,0.3820852420377882,0.08897005331391904,0.04345799970906228,ok,-0.48677376149654256,-1.456355951661662,1.4990819354329818,-1.6077951940827477,-1.5739400643665844,-0.48509960904752497,-0.22995747498259195,0.0808296856884862,-0.05988719197788388,-0.020455657042480722,-0.0008426826031846073,-0.22990535793371697,0.17800681847768207,0.13914638500515514
1.470000000000001,0.5233837344073361,-0.1551927889952376,0.41166263452347074,0.38054435639631984,0.08902236385512133,0.04341600106272381,ok,-0.48907333624636845,-1.4555476548047772,1.498483063513203,-1.6079997506531725,-1.5739484911926163,-0.48739866262686216,-0.22883280700326947,0.08049668322199907,-0.05966804575512305,-0.02036918742147086,-0.0008253551091917454,-0.22878880409498345,0.176952881939197,0.13844589814101183
1.480000000000001,0.5233230981204149,-0.15654915487147483,0.41154110192252197,0.3790068298143685,0.08907441323228624,0.04329100011091214,ok,-0.49136166431640116,-1.4547426879725571,1.4978863830556517,-1.6082034425273872,-1.5739567447437082,-0.48968655066781197,-0.2277138615246331,0.08016087750174608,-0.059445846668698205,-0.020282645788772875,-0.0008081316648000722,-0.22767786922549108,0.1759023024398596,0.13775179479105776
1.490000000000001,0.5232595123823297,-0.15789951256366927,0.4114199335704609,0.37747268507178217,0.08912620009556546,0.16037499881349504,ok,-0.49363880293164747,-1.4539410791975396,1.4972919245889647,-1.608406268985275,-1.5739648260603563,-0.49196332936006687,-0.22660061702081807,0.07982235378536898,-0.059220675905550954,-0.020196038509049493,-0.0007910130549402261,-0.22657253269226094,0.17485507002242062,0.13706406318650133
1.500000000000001,0.5231930054085623,-0.15924387154411135,0.4112991329538258,0.37594194464614944,0.0891777231575502,0.14841700067336205,ok,-0.49590480910185564,-1.453142855659686,1.496699717829909,-1.6086082293703654,-1.5739727361909057,-0.49422905468698947,-0.22549305172571543,0.07948119610737024,-0.058992613549501825,-0.020109371827603837,-0.0007740000277150932,-0.2254727736182215,0.17381117530251006,0.13638269239622092
1.5100000000000011,0.5231236053619028,-0.16058224150448097,0.41117870352537667,0.374414630711597,0.08922898119215468,0.0675410010444466,ok,-0.4981597396191128,-1.4523480436986123,1.4961097916944142,-1.6088093230886416,-1.5739804761911829,-0.4964837824231717,-0.2243911436441501,0.07913748728798192,-0.05876173858772338,-0.020022651872451534,-0.0007570932951243495,-0.2243785708933255,0.17277060886012957,0.13570766887208474
1.5200000000000011,0.5230513403491924,-0.16191463235292308,0.41105864870337017,0.37289076513768843,0.08927997303351155,0.043791000280180015,ok,-0.5004036510555543,-1.4515566688257324,1.495522174308537,-1.609009549607366,-1.573988047124134,-0.49872756813210495,-0.2232948705627761,0.07879130894218705,-0.058528128917363496,-0.019935884656402093,-0.0007402935337754407,-0.22328990318538647,0.1717333637148955,0.13503899024725186
1.5300000000000011,0.5229762384181346,-0.1632410542111142,0.4109389718708588,0.37137036948842433,0.08933069757487624,0.04549999903247226,ok,-0.502636599761182,-1.4507687557363105,1.4949368930193634,-1.60920890845393,-1.573995450059472,-0.5009604671639588,-0.22220421006070776,0.07844274148883894,-0.058291861352267986,-0.019849076079139452,-0.0007236013855900249,-0.22220674895065043,0.17069943036065482,0.13437663758059137
1.5400000000000011,0.5228983275541718,-0.16456151741132108,0.4108196763750169,0.36985346502134137,0.08938115376754283,0.04333299875725061,ok,-0.5048586418617891,-1.449984328321422,1.4943539744058407,-1.6094073992147215,-1.5740026860733278,-0.5031825346534653,-0.2211191395198807,0.07809186415991567,-0.058053011629840216,-0.01976223192931223,-0.0007070174584968181,-0.2211290864441016,0.16966880239198262,0.13372060665050922
1.5500000000000012,0.5228176356774282,-0.1658760324934539,0.4107007655264908,0.36834007268670466,0.08943134061976887,0.2225419993919786,ok,-0.5070698332569878,-1.4492034096798228,1.4937734442895423,-1.6096050215340147,-1.5740097562479127,-0.5053938255179063,-0.2200396361351497,0.07773875500987813,-0.05781165441801364,-0.01967535788661646,-0.0006905423271206439,-0.22005689372950632,0.1686414741003559,0.13307089435008074
1.5600000000000012,0.5227341906397192,-0.16718461020211403,0.41058224259877546,0.36683021312679903,0.08948125719571333,0.09108399899560027,ok,-0.5092702296183393,-1.448426022129724,1.4931953277453622,-1.6098017751128808,-1.574016661671184,-0.5075943944552014,-0.21896567692413377,0.07738349092512653,-0.05756786332232788,-0.019588459523878124,-0.0006741765334580379,-0.2189901486892084,0.16761743767887538,0.13242748363765006
1.5700000000000012,0.5226480202216238,-0.16848726148363724,0.41046411082761325,0.36532390667530984,0.08953090261438201,0.06237500019778963,ok,-0.5114598863875807,-1.4476521872204728,1.4926196491121388,-1.6099976597081196,-1.5740234034365186,-0.5097842959420935,-0.21789723873680159,0.07702614763356337,-0.057321710893129076,-0.019501542309119893,-0.0006579205875494969,-0.2179288290336648,0.16659668937057442,0.13179037675425448
1.5800000000000012,0.5225591521296233,-0.16978399748313444,0.41034637341041813,0.36382140894163967,0.08958027604858712,0.04783400072483346,ok,-0.5136388587749486,-1.4468819257441372,1.4920464320032076,-1.6101926751312108,-1.574029982642394,-0.5119635842324302,-0.2168342828610339,0.07666688112398147,-0.05707334892621583,-0.019414610428888802,-0.0006417754881148259,-0.2168728964466713,0.1655792247450663,0.1311595695411759
1.5900000000000012,0.5224676143162579,-0.17107482962971873,0.4102290334561636,0.3623226049240851,0.08962937677520877,0.044459000491769984,ok,-0.515807201603559,-1.4461152569328974,1.4914756985139455,-1.6103868212354997,-1.574036400397275,-0.5141323131968969,-0.21577679473894512,0.07630571751074987,-0.056822801064572645,-0.019327669989635,-0.0006257413825735482,-0.21582233749281546,0.16456503844075915,0.13053505099974022
1.6000000000000012,0.5223734344661085,-0.17235976949597578,0.4101120940617852,0.36082741249469513,0.0896782040928903,0.044207999962964095,ok,-0.5179649695509484,-1.4453521997577898,1.4909074705032996,-1.6105800979353961,-1.5740426578111009,-0.516290536571825,-0.21472475742448632,0.07594269374157772,-0.05657010180675131,-0.01924072672577733,-0.0006098184643407003,-0.21477713627373204,0.1635541280172801,0.12991682247062486
1.6100000000000012,0.5222766400410749,-0.17363882880635428,0.40999555830543055,0.35933585070098367,0.0897267573287012,0.04375000025902409,ok,-0.5201122171251933,-1.444592772820374,1.4903417694852321,-1.6107725052026538,-1.5740487559957443,-0.5184383079345624,-0.21367814719253164,0.07557788100394269,-0.0563153195557066,-0.01915378570325205,-0.0005940071220008438,-0.21373726990735456,0.16254649029440194,0.12930487825300774
1.6200000000000012,0.5221772584181396,-0.1749120194721782,0.40987942922489184,0.35784793828119527,0.08977503585946087,0.04358300066087395,ok,-0.5222489985971186,-1.4438369940103346,1.4897786162896751,-1.6109640430596863,-1.5740546960669644,-0.5205756806336359,-0.21263694019445503,0.07521134937635927,-0.056058521697156964,-0.019066851893366914,-0.0005783077154014488,-0.21270271538366142,0.16154212432520187,0.12869922154038016
1.6300000000000012,0.522075316886826,-0.17617935358868925,0.4097637098171455,0.35636369366419535,0.08982303911075373,0.04374999844003469,ok,-0.5243753679990631,-1.443084880516571,1.4892180310727035,-1.61115471157862,-1.5740604791441184,-0.5227027077874725,-0.21160111246630117,0.07484316783838006,-0.05579977460733144,-0.018979930174796822,-0.0005627205762660514,-0.21167344957281087,0.1605410275365794,0.12809984415100162
1.6400000000000012,0.5219708426467139,-0.1774408434320923,0.4096484030379139,0.3548831349694349,0.08987076655595384,0.04333399920142256,ok,-0.5264913791237261,-1.4423364488381871,1.4886600333266302,-1.611344510880368,-1.574066106349881,-0.5248194422832007,-0.2105706399367379,0.07447340428067689,-0.05553914366082812,-0.018893025335542414,-0.0005472460088059608,-0.2106494492330583,0.15954320042904524,0.12750675102768927
1.6500000000000012,0.5218638628050208,-0.17869650145660515,0.4095335118012492,0.35340628000699825,0.08991821771526128,0.04329200055508409,ok,-0.5285970855230935,-1.4415917147953803,1.488104641890022,-1.6115334411337234,-1.574071578809969,-0.5269259367755312,-0.2095454984347996,0.07410212551514585,-0.05527669323851489,-0.01880614207488873,-0.0005318842903142744,-0.20963069101845794,0.1585486443029216,0.12691994824202085
1.6600000000000013,0.5217544043742389,-0.17994634029151313,0.4094190389791371,0.35193314627772093,0.08996539215475106,0.13987499914946966,ok,-0.5306925405074415,-1.4408506935402288,1.4875518749576369,-1.6117215025544722,-1.5740768976528723,-0.5290222436857158,-0.20852566369740705,0.07372939728509376,-0.055012486735550585,-0.018719285005314078,-0.0005166356717606412,-0.20861715148636562,0.15755735790888392,0.12633942564723866
1.6700000000000013,0.5216424942698354,-0.1811903727382293,0.40930498740112375,0.3504637509733903,0.09001228948543129,0.16366700037906412,ok,-0.5327777971444156,-1.4401133995673778,1.4870017500902815,-1.6119086954045254,-1.5740820640095898,-0.5311084152005795,-0.20751111137668932,0.07335528427543753,-0.054746586569438614,-0.01863245865439519,-0.000501500378371744,-0.2076088071047168,0.156569344878219,0.1257651952881123
1.6800000000000013,0.521528159308011,-0.18242861176736166,0.40919135985396116,0.34899811097701233,0.09005890936231539,0.16212500122492202,ok,-0.5348529082581825,-1.4393798467246235,1.4864542842245871,-1.6120950199910693,-1.5740870790133736,-0.5331845032716267,-0.20650181704709292,0.07297985012296417,-0.05447905418817711,-0.01854566746667501,-0.00048647861020544454,-0.20660563425911446,0.15558460713168448,0.1251972572149022
1.6900000000000013,0.5214114262035167,-0.18366107051578734,0.40907815908127554,0.3475362428631552,0.09010525148350282,0.08237499969254714,ok,-0.5369179264286534,-1.438650048223394,1.4859094936827053,-1.6122804766657362,-1.5740919437994756,-0.5352505596142179,-0.20549775621230135,0.07260315742660485,-0.05420995007845186,-0.018458915805510605,-0.00047157054271378774,-0.2056076092597187,0.15460314821130838,0.12463561665687274
1.7000000000000013,0.5212923215675294,-0.18488776228373535,0.4089653877832524,0.3460781628983581,0.09015131558927515,0.09208399933413602,ok,-0.5389729039907765,-1.4379240166491278,1.4853673941819208,-1.6124650658237913,-1.5740966595049026,-0.537306635706815,-0.20449890431194828,0.07222526775776583,-0.053939333773923945,-0.01837220795488377,-0.000456776327302548,-0.20461470834793835,0.1536249715809782,0.12408027518822469
1.7100000000000013,0.5211708719055849,-0.18610870053187803,0.4088530486163454,0.3446238870416133,0.09019710146119948,0.06291700083238538,ok,-0.5410178930338959,-1.4372017639715502,1.4848280008441814,-1.6126487879033402,-1.5741012272681756,-0.5393527827902944,-0.20350523672814722,0.071846241670655,-0.053667263863537804,-0.01828554812119251,-0.0004420960918781134,-0.20362690770293193,0.15265008416204495,0.12353124887376611
1.7200000000000013,0.5210471036155683,-0.187323898878433,0.40874114419300067,0.3431734309449092,0.09024260892124632,0.049250000301981345,ok,-0.5430529454011774,-1.4364833015548437,1.484291328205546,-1.6128316433845522,-1.5741056482290943,-0.5413890518673238,-0.20251672879183205,0.07146613871264709,-0.053393797999909336,-0.01819894043500709,-0.0004275299413878874,-0.2026441834479308,0.15167848926717065,0.1229885318095197
1.7300000000000013,0.5209210429857595,-0.18853337109627416,0.40862967708140263,0.34172680995384264,0.09028783783091811,0.04616700061887968,ok,-0.5450781126890958,-1.4357686401677172,1.483757390225547,-1.6130136327889022,-1.574109923528508,-0.5434154937018031,-0.20153335578891013,0.07108501743466034,-0.05311899290775668,-0.018112388952795655,-0.00041307795835228797,-0.2016665116563703,0.15071019549751707,0.12245214188428975
1.7400000000000013,0.5207927161929362,-0.18973713111005525,0.40851864980523755,0.3402840391082935,0.09033278809038904,0.043959000322502106,ok,-0.5470934462469849,-1.4350577899933705,1.4832262002964693,-1.6131947566784302,-1.5741140543080916,-0.5454321588183668,-0.20055509296624094,0.07070293540154887,-0.052842904392382796,-0.01802589765862562,-0.00039874020338713306,-0.20069386835784483,0.14974520961678006,0.12192208400502018
1.7500000000000013,0.5206621493005306,-0.1909351929933448,0.40840806484347614,0.33884513314315806,0.09037745963765659,0.04325000008975621,ok,-0.5490989971766472,-1.434350760639355,1.4826977712525455,-1.6133750156550164,-1.5741180417101255,-0.5474390975019453,-0.19958191553743546,0.0703199492024971,-0.052565587348195844,-0.01793947046582449,-0.00038451671572098893,-0.19972622954389876,0.14878354014687767,0.12139836855396606
1.7600000000000013,0.5205293682568413,-0.19212757096577268,0.4082979246301725,0.3374101064891469,0.09042185244770443,0.043415999243734404,ok,-0.5510948163320216,-1.43364756114733,1.4821721153790637,-1.6135544103596746,-1.5741218868772826,-0.5494363597973843,-0.19861379868848492,0.06993611446142263,-0.052287095767273986,-0.017853111218609875,-0.0003704075137020645,-0.19876357117362956,0.14782519554955814,0.12088100192372007
1.7700000000000014,0.5203943988932992,-0.1933142793901914,0.4081882315542832,0.33597897327363874,0.09046596653167734,0.04266699943400454,ok,-0.5530809543189065,-1.4329482000027158,1.481649244421391,-1.6137329414718606,-1.5741255909524197,-0.5514239955091206,-0.19765071758322292,0.06955148584738587,-0.05200748274797508,-0.017766823693693378,-0.00035641259529969454,-0.197805869179138,0.14687018703242843,0.12037000097709503
1.7800000000000014,0.5202572669227857,-0.19449533276984968,0.40807898795950137,0.33455174732159065,0.0905098019360665,0.20074999883945566,ok,-0.5550574614947387,-1.4322526851442419,1.481129169593911,-1.6139106097087976,-1.5741291550783727,-0.5534020542009119,-0.1966926473686173,0.06916611708498263,-0.051726800503562764,-0.017680611601851304,-0.0003425319385908021,-0.19685309947080795,0.14591852483175133,0.11986537371872476
1.7900000000000014,0.5201179979380052,-0.19567074574558121,0.40797019614410945,0.33312844215650655,0.09055335874190772,0.149125000461936,ok,-0.5570243879684248,-1.431561023973392,1.4806119015888755,-1.6140874158248162,-1.5741325803977586,-0.55537058519562,-0.19573956317991129,0.0687800609647472,-0.05144510037088477,-0.017594478589455263,-0.0003287655022487526,-0.1959052379424334,0.14497022198155535,0.11936713880035178
1.8000000000000014,0.5199766174099075,-0.1968405330930077,0.4078618583608476,0.3317090710014568,0.09059663706398913,0.06720799865433946,ok,-0.5589817836002239,-1.4308732233637445,1.4800974505851665,-1.6142633606107106,-1.574135868052781,-0.5573296375750443,-0.1947914401455946,0.06839336935353264,-0.05116243281906089,-0.017508428239969717,-0.00031511322601945554,-0.1949622604761816,0.14402529054082658,0.11887530580457324
1.8100000000000014,0.5198331506861639,-0.1980047097197582,0.4077539768167989,0.33029364678015205,0.09063963705007297,0.0681670007907087,ok,-0.5609296980016798,-1.430189289670209,1.4795858262569759,-1.6144384448931104,-1.5741390191850413,-0.5592792601798061,-0.1938482533922324,0.06800609320488313,-0.05087884745820519,-0.01742246407543184,-0.0003015750311840969,-0.19402414294740344,0.14308374348310893,0.1183898849514758
1.8200000000000014,0.5196876229896915,-0.19916329066270294,0.4076465536732908,0.32888218211806763,0.09068235888012487,0.0648340010229731,ok,-0.5628681805356022,-1.4295092287381603,1.4790770377823939,-1.6146126695338647,-1.5741420349353532,-0.5612195016092801,-0.19290997804913457,0.06761828256939752,-0.0505943930481726,-0.017336589557872536,-0.0002881508210285925,-0.19309086122930402,0.14214559762258894,0.11791090249561499
1.8300000000000014,0.5195400594172286,-0.20031629108520527,0.4075395910458114,0.3274746893436165,0.09072480276555879,0.07208299939520657,ok,-0.5647972803160936,-1.4288330459124663,1.478571093851912,-1.6147860354294434,-1.5741449164435635,-0.5631504102215732,-0.1919765892528866,0.06722998660505747,-0.050309117507308314,-0.017250808090735203,-0.0002748404812863106,-0.19216239119746303,0.14121086687316065,0.11743836513754492
1.8400000000000014,0.5193904849379611,-0.20146372627438944,0.407433091003942,0.326071180489373,0.09076696894848936,0.06441600089601707,ok,-0.5667170462086224,-1.4281607460464156,1.478068002676839,-1.6149585435103508,-1.5741476648483763,-0.5650720341335478,-0.1910480621517292,0.06684125358754539,-0.050023067921228764,-0.01716512302022233,-0.00026164388059548297,-0.19123870873420154,0.14027956804573538,0.11697229045771847
1.8500000000000014,0.519238924392194,-0.20260561163842603,0.4073270555713045,0.3246716672933393,0.09080885770099784,0.0637499997537816,ok,-0.5686275268301397,-1.4274923335105403,1.4775677719976266,-1.615130194740553,-1.5741502812871824,-0.5669844212208898,-0.19012437190980394,0.06645213092053792,-0.049736290551610135,-0.01707953763665036,-0.000248560870926181,-0.19031978973283167,0.13935171991678685,0.11651270207799345
1.8600000000000014,0.5190854024900745,-0.2037419627038357,0.4072214867255227,0.3232761612002616,0.09085046932440773,0.053541998568107374,ok,-0.5705287705492378,-1.426827812201335,1.4770704090921105,-1.6153009901169195,-1.5741527668958917,-0.5688876191182181,-0.18920549371125575,0.06606266514596312,-0.0494488308449799,-0.016994055175738258,-0.0002355912880191571,-0.18940561010174667,0.13842734128876727,0.1160596192473368
1.8700000000000014,0.5189299438103607,-0.20487279511281045,0.40711638639819986,0.3218846733629871,0.0908918041485732,0.04479200106288772,ok,-0.5724208254863503,-1.4261671855498752,1.4765759207836606,-1.615470930668677,-1.5741551228087718,-0.5707816752192355,-0.18829140276421003,0.06567290195423268,-0.049160733441518445,-0.016908678819884282,-0.00022273495180529038,-0.18849614576839777,0.13750645001021938,0.1156130512741237
1.8800000000000014,0.5187725727992365,-0.2059981246205543,0.40701175647490767,0.3204972146438633,0.09093286253117569,0.14104199908615556,ok,-0.5743037395139924,-1.425510456530333,1.4760843134492454,-1.615640017456876,-1.57415735015829,-0.5726666366769195,-0.18738207430460868,0.06528288619443821,-0.048872042183865406,-0.01682341169939517,-0.00020999166682505213,-0.18759137268313433,0.13658906887027655,0.1151730294131491
1.8900000000000015,0.5186133137691743,-0.20711796709264235,0.4069075987951918,0.31911379561618225,0.09097364485703446,0.10533299973758403,ok,-0.5761775602570385,-1.4248576276683886,1.4755955930274067,-1.6158082515738699,-1.5741594500749583,-0.5745425504037509,-0.18647748359992655,0.0648926618845175,-0.04858280012593284,-0.016738256893691423,-0.00019736122263472328,-0.18669126682290682,0.1356752177721432,0.11473956426818023
1.9000000000000015,0.5184521908978419,-0.2082323385024001,0.4068039151525886,0.3177344265656607,0.09101415153742613,0.09191599929181393,ok,-0.5780423350930377,-1.4242087010495434,1.4751097650261473,-1.6159756341428069,-1.5741614236871846,-0.5764094630719799,-0.18557760595276346,0.0645022722213713,-0.04829304954169636,-0.016653217432481892,-0.0001848433942099355,-0.1857958041948678,0.13476491962968268,0.11431267775833685
1.9100000000000015,0.5182892282270543,-0.20934125492830194,0.40670070729465696,0.31635911749195966,0.09105438300941526,0.7231250001495937,ok,-0.5798981111525653,-1.4235636783273298,1.4746268345307303,-1.6161421663171316,-1.5741632721211267,-0.5782674211139286,-0.18468241670430768,0.06411175959095114,-0.048002831934002885,-0.01656829629689633,-0.00017243794234276803,-0.18490496083982935,0.1338582003748906,0.11389173416738461
1.9200000000000015,0.51812444966177,-0.21044473255139048,0.4065979769230211,0.3149878781102435,0.09109433973519643,0.1426660001015989,ok,-0.5817449353196084,-1.4229225607314202,1.4741468062113903,-1.6163078492801006,-1.5741649965005502,-0.5801164707223269,-0.18379189123768652,0.06372116557829406,-0.04771218804335918,-0.01648349642059626,-0.00016014461402637912,-0.1840187128356252,0.1329550830955053,0.11347149620229972
1.9300000000000015,0.5179578789691301,-0.21154278765271511,0.40649572569342773,0.31362071785277357,0.09113402220144606,0.10187500083702616,ok,-0.5835828542319852,-1.4222853490756373,1.4736696843309567,-1.6164726842443067,-1.5741665979466906,-0.5819566578506831,-0.18290600498120152,0.06333053097752268,-0.047421157856715856,-0.016398820690847648,-0.00014796314284059,-0.18313703630033537,0.13205559392768673,0.11305094321724986
1.9400000000000015,0.5177895397775406,-0.21263543661079315,0.40639395521581384,0.31225764587053395,0.09117343091868484,0.06899999971210491,ok,-0.5854119142817972,-1.4216520437658622,1.4731954727523895,-1.6166366724512151,-1.574168077578119,-0.5837880282136865,-0.1820247334114472,0.06293989580178488,-0.04712978061623108,-0.016314271949565612,-0.00013589324932515633,-0.18225990739541764,0.13115976107469668,0.1126301965385575
1.9500000000000015,0.5176194555757974,-0.2137226958990906,0.40629266705438755,0.3108986710348974,0.09121256642065191,0.048333000449929386,ok,-0.5872321616159116,-1.4210226448078442,1.4727241749462272,-1.6167998151707108,-1.5741694365106123,-0.5856106272876407,-0.18114805205632417,0.06254929929315936,-0.04683809482803341,-0.016229852994328997,-0.0001239346413465987,-0.1813873023287211,0.13026761094504968,0.1122093621526674
1.9600000000000015,0.5174476497122505,-0.2148045820835249,0.4061918627277201,0.3095438019393162,0.09125142926368686,0.20729199968627654,ok,-0.5890436421364749,-1.4203971518149126,1.4722557939979468,-1.616962113700654,-1.5741706758570257,-0.5874245003109279,-0.18027593649793908,0.062158779932490305,-0.046546138270944455,-0.01614556657936202,-0.00011208701446225005,-0.1805191973573933,0.12937917493896484,0.11178856776250555
1.9700000000000015,0.5172741453940117,-0.21588111181998915,0.40609154370885003,0.3081930469010492,0.09129002002612499,0.10762499914562795,ok,-0.5908464015014543,-1.4197755640155876,1.4717903326152373,-1.6171235693664476,-1.5741717967271704,-0.5892296922845018,-0.17940836237540497,0.06176837544919588,-0.04625394800521158,-0.016061415416491098,-0.00010035005227331026,-0.17965556879068026,0.1284944817448927,0.1113679207387313
1.9800000000000015,0.5170989656862018,-0.21695230185189837,0.4059917114253968,0.3068464139629183,0.09132833930770065,0.07491699943784624,ok,-0.5926404851252083,-1.4191578802610956,1.4713277931351851,-1.6172841835206127,-1.5741728002276931,-0.5910262479724087,-0.17854530538753793,0.06137812283099235,-0.045961560381193284,-0.015977402176059675,-8.872342677663733e-05,-0.1787963929926372,0.12761356408199487,0.11094945455709877
1.9900000000000015,0.5169221335112351,-0.21801816900775764,0.4058923672596866,0.30550391089508994,0.09136638772896157,0.08833399988361634,ok,-0.5944259381790836,-1.4185440990327856,1.4708681775313732,-1.6174439575423734,-1.574173687461961,-0.5928142119023351,-0.17768674129545248,0.060988058333581514,-0.04566901104802811,-0.015893529487836375,-7.720679870307928e-05,-0.1779416463847285,0.12673645486750718,0.11053770959946023
2.0000000000000013,0.5167436716481455,-0.2190787301987535,0.4057935125488886,0.3041655451968893,0.09140416593069317,0.07183299931057263,ok,-0.5962028055920382,-1.4179342184494497,1.470411487420893,-1.6176028928372517,-1.574174459529948,-0.5945936283661823,-0.1768326459250613,0.0605982174902748,-0.045376334962286956,-0.01580979994187007,-6.579981785743e-05,-0.17709130544833104,0.12586318819117043,0.11013290392990797
2.010000000000001,0.5165636027319495,-0.22013400241636527,0.40569514858516076,0.30283132409863833,0.09144167457335237,0.09770900032890495,ok,-0.5979711320512888,-1.417328236274547,1.46995772407127,-1.6177609908366704,-1.5741751175281267,-0.5963645414206656,-0.17598299516948385,0.060208635121551474,-0.04508356639658032,-0.015726216089334544,-5.4502123446057434e-05,-0.1762453467271586,0.1249937984111142,0.10973506599585024
2.020000000000001,0.5163819492530468,-0.22118400273000308,0.40559727661580597,0.30150125456351934,0.09147891433651209,0.0502500006405171,ok,-0.5997309620029837,-1.4167261499233315,1.4695068884073041,-1.6179182529975638,-1.574175662549361,-0.5981269948879372,-0.17513776499135394,0.059819345344564394,-0.044790738948147196,-0.01564278044333968,-4.331334440124799e-05,-0.17540374682957272,0.12412832202999106,0.10934422989021751
2.0300000000000007,0.5161987335566577,-0.22222874828466457,0.4054998978434376,0.3001753432894638,0.09151588591831449,0.04391699985717423,ok,-0.6014823396528972,-1.4161279564698859,1.4690589810178227,-1.6180746808019972,-1.574176095682805,-0.5998810323562329,-0.1742969314250447,0.059430381582579496,-0.04449788554741242,-0.015559495479709322,-3.223309970075168e-05,-0.17456648243082087,0.12326679676396853,0.10896043020470762
2.0400000000000005,0.5160139778422976,-0.22326825629861813,0.4054030134261555,0.2988535967110647,0.09155259003493453,0.043000000005122274,ok,-0.6032253089671477,-1.41553365265406,1.4686140021623486,-1.6182302757567943,-1.574176418013802,-0.6016266971805411,-0.1734604705788091,0.05904177657434328,-0.044205038466493256,-0.015476363637749253,-2.126099867631533e-05,-0.17373353027518637,0.12240926243595805,0.10858370728641921
2.0500000000000003,0.5158277041632857,-0.2243025440611073,0.40530662447772914,0.29753602100150917,0.09158902742005295,0.0430410000262782,ok,-0.6049599136729358,-1.4149432348883166,1.4681719517776837,-1.6183850393931718,-1.5741766306237888,-0.603364032483293,-0.17262835863682327,0.05865356238340247,-0.043912229327694126,-0.015393387320968625,-1.0396641324166302e-05,-0.17290486717804335,0.12155575831651232,0.10821409140985742
2.06,0.5156399344262897,-0.22533162893007902,0.4052107320677923,0.29622262207453526,0.09162519882433853,0.19624999913503416,ok,-0.6066861972593041,-1.4143566992644827,1.4677328294844068,-1.6185389732663815,-1.574176734590202,-0.6050930811550734,-0.17180057186116024,0.058265770407337755,-0.04361948911194108,-0.015310568897794629,3.603813985292931e-07,-0.1720804700278419,0.12070632583029327,0.1078516185013751
2.07,0.5154506903909047,-0.2263555283299356,0.4051153372220436,0.29491340558640666,0.09166110501494017,0.10408399975858629,ok,-0.6084042029779156,-1.4137740415604094,1.4672966345932874,-1.6186920789553594,-1.574176730986388,-0.6068138858553519,-0.17097708659367128,0.05787843138694258,-0.0433268481671893,-0.015227910702251511,1.1010487277184729e-05,-0.17126031578800224,0.11986100766214992,0.10749632487826151
2.0799999999999996,0.5152599936692662,-0.22737425974931,0.4050204409224576,0.2936083769379088,0.09169674677498688,0.10162500075239222,ok,-0.6101139738438524,-1.41319525724654,1.4668633661116155,-1.618844358062382,-1.5741766208815153,-0.6085264890132319,-0.17015787925780024,0.05749157541532639,-0.04303433621678542,-0.015145415034616375,2.1554102550717264e-05,-0.17044438149874144,0.11901984776843492,0.10714824722021006
2.0899999999999994,0.5150678657256944,-0.22838784073886498,0.40492604410750227,0.29230754127635955,0.09173212490309923,0.159040999278659,ok,-0.6118155526364304,-1.4126203414923868,1.4664330227494475,-1.6189958122127281,-1.5741764053404899,-0.6102309328282194,-0.1693429263603106,0.05710523194695288,-0.04274198236778957,-0.015063084162054645,3.199166163000258e-05,-0.1696326442788146,0.11818289058312063,0.10680741715240626
2.099999999999999,0.5148743278763741,-0.22939628890911573,0.4048321476723664,0.29101090349764364,0.09176724021290723,0.05262500053504482,ok,-0.6135089819000334,-1.4120492891729173,1.4660056029257695,-1.6191464430543487,-1.5741760854238736,-0.6119272592710076,-0.16853220449294445,0.0567194298066016,-0.04244981511924234,-0.014980920319234122,4.2323606817594465e-05,-0.168825081327187,0.11735018269327317,0.10647387193822154
2.109999999999999,0.5146794012890633,-0.2303996219282768,0.40473875246919244,0.2897184682482559,0.0918020935325796,0.10391700016043615,ok,-0.6151943039449629,-1.4114820948748512,1.465581104774577,-1.6192962522575411,-1.5741756621878054,-0.6136155100842794,-0.16772569033400725,0.05633419719826493,-0.042157862370403754,-0.014898925708907404,5.25503880365186e-05,-0.16802166992463416,0.11652177353155942,0.106147659965225
2.1199999999999988,0.514483106982835,-0.23139785752013237,0.40464585930731783,0.2884302399273659,0.09183668570435956,0.08683300075063016,ok,-0.616871560848303,-1.4109187529028686,1.465159526150873,-1.6194452415146303,-1.574175136683925,-0.6152957267835257,-0.1669233606498814,0.055949561713960955,-0.04186615142892039,-0.014817102502483808,6.26724625624485e-05,-0.16722238743527018,0.1156977107000703,0.1058288082438054
2.1299999999999986,0.5142854658278493,-0.23239101346193106,0.4045534689535235,0.28714622268889495,0.09187101758411106,0.045417000364977866,ok,-0.6185407944548018,-1.410359257285729,1.4647408646365838,-1.6195934125396552,-1.5741745099592994,-0.6169679506578785,-0.16612519229647382,0.05556555034248832,-0.04157470901897126,-0.01473545284057059,7.26902947624746e-05,-0.1664272113080107,0.11487804474197379,0.10551735477791492
2.1399999999999983,0.514086498545156,-0.23337910758230454,0.4044615821322893,0.28586642044360716,0.09190509004087365,0.04425000042829197,ok,-0.6202020463777665,-1.4098036017823041,1.464325117546394,-1.6197407670680608,-1.5741737830563518,-0.6186322227709585,-0.16533116222059244,0.05518218947808988,-0.04128356128933795,-0.014653978833499389,8.260435583865472e-05,-0.1656361190779648,0.1140628282454836,0.10521334322266625
2.149999999999998,0.5138862257065245,-0.23436215775921,0.40437019952605496,0.28459083686121156,0.09193890395642411,0.17870899864647072,ok,-0.6218553579999725,-1.4092517798875233,1.4639122819335006,-1.6198873068563957,-1.5741729570127934,-0.6202885839617381,-0.16454124746126148,0.05479950492905813,-0.04099273382144122,-0.01457268256182777,9.241512357408212e-05,-0.16484908836776838,0.11325211369490305,0.10491680648130873
2.159999999999998,0.5136846677343057,-0.2353401819178969,0.40427932177548975,0.28331947537247965,0.09197246022484808,0.10604099952615798,ok,-0.6235007704745851,-1.4087037848382327,1.4635023545952863,-1.620033033682014,-1.5741720328615576,-0.6219370748454158,-0.16375542515097294,0.054417521926249,-0.040702251637311414,-0.01449156607682785,0.00010212308209011796,-0.16406609688885007,0.11244595568198541,0.1046277830159207
2.1699999999999977,0.51348184490132,-0.2363131980288982,0.4041889494797658,0.2820523391713726,0.09200575975212022,0.05937500100117177,ok,-0.6251383247260948,-1.4081596096189701,1.4630953320789133,-1.6201779493427821,-1.5741710116307368,-0.6235777358143043,-0.16297367251687447,0.05403626513153198,-0.040412139207511605,-0.014410631400948368,0.00011172872160018368,-0.16328712244263835,0.1116444101673648,0.10434631137681054
2.1799999999999975,0.5132777773307738,-0.23728122410604477,0.4040990831968389,0.28078943121717703,0.09203880345569121,0.0474580010632053,ok,-0.6267680614512635,-1.4076192469676547,1.4626912106868382,-1.6203220556567917,-1.5741698943435207,-0.6252106070387307,-0.16219596688190213,0.053655758646155176,-0.040122420459008094,-0.014329880528260591,0.00012123253817741722,-0.1625121429217111,0.11084753448903505,0.10407243016902228
2.1899999999999973,0.5130724849962034,-0.2382442782045048,0.40400972344373526,0.2795307542366534,0.0920715922640834,0.044833001084043644,ok,-0.6283900211200826,-1.4070826893811932,1.462289986482248,-1.6204653544620742,-1.5741686820181389,-0.6268357284679478,-0.1614222856658496,0.053276026019037616,-0.03983311878297631,-0.014249315424887993,0.00013063503351958236,-0.16174113631088238,0.11005538737036265,0.10380617801847526
2.199999999999997,0.5128659877214444,-0.23920237841884698,0.4039208706968423,0.2782763107261917,0.09210412711649549,0.044458000047598034,ok,-0.630004243976741,-1.4065499291210029,1.4618916552944183,-1.620607847616323,-1.5741673756678036,-0.6284531398310566,-0.1606526063863868,0.052897090254983965,-0.039544257042555535,-0.014168938029418373,0.00013993671472254816,-0.16097408068824048,0.10926802947521312,0.1035475990563652
2.209999999999997,0.5126583051806287,-0.2401555428811278,0.4038325253922066,0.27702610295397384,0.09213640896241335,0.04537499989964999,ok,-0.631610770040605,-1.406020958218453,1.4614962127239928,-1.6207495369966172,-1.5741659763006564,-0.6300628806379389,-0.15988690666001765,0.05251897382281667,-0.03925585758054369,-0.014088750253294988,0.0001491380940587959,-0.1602109542261236,0.10848552067684196,0.10329671529169497
2.2199999999999966,0.5124494568982059,-0.24110378975900326,0.40374468792583584,0.27578013296214715,0.09216843876123014,0.04437499956111424,ok,-0.6332096391072052,-1.405495768480225,1.4611036541481874,-1.6208904244991502,-1.5741644849197158,-0.6316649901802002,-0.1591251642029913,0.052141698663432906,-0.038967942227027125,-0.014008753981198309,0.00015823968875769922,-0.15945173519205041,0.10770792554044036,0.10305353370130403
2.2299999999999964,0.5122394622489891,-0.2420471372538631,0.4036573586540057,0.27453840256900147,0.09220021748187322,0.043165999159100465,ok,-0.6348008907492351,-1.4049743514935906,1.4607139747259172,-1.621030512038962,-1.5741629025228283,-0.6332595075321207,-0.1583673568321572,0.05176528619778446,-0.03868053230696594,-0.01392895107140149,0.000167242020794458,-0.15869640194959436,0.1069349910065897,0.10281784179111071
2.239999999999996,0.5120283404582268,-0.24298560359899202,0.4035705378935723,0.2733009133711515,0.09223174610243845,0.04345799970906228,ok,-0.6363845643175566,-1.4044566986316127,1.4603271694028477,-1.621169801549676,-1.5741612301026204,-0.6348464715516167,-0.15761346246577054,0.051389757334772815,-0.03839364864769414,-0.013849343356124871,0.00017614561667871387,-0.15794493295920953,0.10616577524562242,0.1025896222992778
2.249999999999996,0.5118161106016968,-0.24391920705775136,0.40348422592228794,0.2720676667457274,0.09226302560983284,0.04308300049160607,ok,-0.6379606989422143,-1.403942801058265,1.4599432329163708,-1.6213082949832374,-1.5741594686464537,-0.6364259208812088,-0.15686345912425226,0.05101513247907121,-0.038107311586380005,-0.013769932641859472,0.00018495100725000145,-0.1571973067790095,0.10540020077268276,0.10236887940684287
2.259999999999996,0.511602791605825,-0.24484796592178767,0.4033984229791222,0.27083866385256794,0.09229405699942377,0.043542000639718026,ok,-0.6395293335334569,-1.4034326497334744,1.459562159800507,-1.621445994309656,-1.5741576191363813,-0.6379978939489989,-0.15611732493089714,0.050641431538860665,-0.03782154097741152,-0.01369072070969256,0.00019365872748173634,-0.15645350206549694,0.10463825620567986,0.10215561059541585
2.2699999999999956,0.5113884022478248,-0.24577189850926315,0.4033131292645861,0.2696139056364157,0.09232484127469667,0.2487499987182673,ok,-0.6410905067827658,-1.4029262354180858,1.459183944390733,-1.6215829015167529,-1.5741556825491065,-0.6395624289696539,-0.1553750381125406,0.050268673933493185,-0.03753635619972128,-0.013611709315602547,0.00020226931627738325,-0.15571349757425032,0.10387993123852048,0.10194570996276066
2.2799999999999954,0.5111729611558615,-0.2466910231631103,0.4032283449410622,0.26839339282912167,0.09235537944691709,0.21054199896752834,ok,-0.6426442571638912,-1.4024235486787509,1.4588085808287359,-1.6217190186099089,-1.5741536598559438,-0.6411195639453964,-0.15463657700017672,0.0498968786010678,-0.03725177616405123,-0.013532900190754508,0.00021078331628774315,-0.15497727216056267,0.103125214177359,0.10173362389595174
2.289999999999995,0.5109564868092362,-0.24760535824931154,0.4031440701331354,0.26717712595184384,0.09238567253480336,0.052999999752501026,ok,-0.644190622933893,-1.4019245798927402,1.4584360630670954,-1.6218543476118163,-1.574151552022781,-0.642669336667002,-0.15390192002953676,0.04952606400593191,-0.03696781932014268,-0.013454295041775343,0.00021920127371513284,-0.15424480478004193,0.10237420790381684,0.10151934354695193
2.299999999999995,0.5107389975385914,-0.24851492215520044,0.40306030492793,0.265965105317255,0.09241572156420341,0.044624999645748176,ok,-0.6457296421341884,-1.401429319252681,1.458066384873894,-1.6219888905622342,-1.5741493600100438,-0.6442117847148024,-0.15317104574162496,0.049156248146102144,-0.03668450366387465,-0.013375895551019357,0.00022752373813515669,-0.15351607448916757,0.1016279277625622,0.1013028958916835
2.3099999999999947,0.5105205115261383,-0.24941973328778808,0.4029770493754493,0.26475733103174814,0.09244552756778068,0.044458000047598034,ok,-0.6472613525916047,-1.40093775677122,1.4576995398372552,-1.6221226495177443,-1.5741470847726624,-0.6457469454596941,-0.15244393278321164,0.04878744856060141,-0.036401846744323084,-0.013297703376820937,0.00023575126231384678,-0.1527910604458053,0.10088666506542905,0.1010842964789228
2.3199999999999945,0.5103010468059032,-0.25031981007211157,0.40289430348891747,0.2635538029976437,0.09247509158470414,0.04516700028034393,ok,-0.6487857919194367,-1.400449882285614,1.457335521369812,-1.6222556265515125,-1.5741447272600393,-0.6472748560641521,-0.1517205599072895,0.04841968233671956,-0.03611986567076377,-0.013219720153737508,0.00024388440203490782,-0.15206974190968525,0.10015048335596748,0.10086356615863477
2.3299999999999943,0.5100806212639932,-0.2512151709496074,0.4028120672451261,0.26235452091539724,0.09250441466034692,0.04429200089361984,ok,-0.6503029975185096,-1.3999656854622469,1.4569743227131045,-1.6223878237530498,-1.574142288416019,-0.648795553483249,-0.15100090597349194,0.0480529661171922,-0.035838577119604226,-0.013141947492775112,0.0002519237159244394,-0.1513520982428428,0.0994194474743212,0.10064072549625576
2.339999999999994,0.5098592526388834,-0.25210583437650685,0.40273034058478163,0.2611594842858045,0.09253349784599163,0.04374999844003469,ok,-0.6518130065782446,-1.399485155801075,1.4566159369419085,-1.6225192432279776,-1.5741397691788597,-0.6503090744656774,-0.15028494994847233,0.04768731610729973,-0.035557997341245005,-0.013064386981616462,0.00025986976528576946,-0.15063810891001925,0.09869362415278375,0.1004158002405401
2.349999999999994,0.5096369585217198,-0.252991818822255,0.40264912341285813,0.25996869241221066,0.09256234219854037,0.0430410000262782,ok,-0.6533158560777294,-1.399008282640002,1.456260356968496,-1.6226498870977937,-1.5741371704812068,-0.6518154555547776,-0.14957267090624576,0.047322748081887606,-0.0352781421668845,-0.012987040184820687,0.000267723113933417,-0.14992775347902676,0.09797307960548186,0.10018879944753005
2.3599999999999937,0.5094137563566428,-0.2538731427679524,0.4025684155989499,0.2587821444027121,0.09259094878023261,0.042875000872300006,ok,-0.6548115827867919,-1.3985350551591833,1.4559075755468271,-1.6227797574996419,-1.5741344932500676,-0.6533147330895679,-0.1488640480285052,0.04695927739230572,-0.0349990270152395,-0.012909908644035363,0.0002754843280328019,-0.14922101162108686,0.0972578837190483,0.09995975375697945
2.3699999999999934,0.5091896634411275,-0.2547498247048204,0.40248821697762815,0.25759983917236023,0.09261931865836882,0.04291699951863848,ok,-0.6563002232670769,-1.3980654623852602,1.4555575852766747,-1.6229088565860823,-1.5741317384067872,-0.6548069432057788,-0.1481590606048927,0.046596918973267,-0.03472066689921359,-0.01283299387817797,0.00028315397594408853,-0.1485178631111241,0.09654810543924099,0.09972867176049328
2.3799999999999932,0.5089646969263409,-0.2556218831326883,0.4024085273487991,0.2564217754453608,0.09264745290503966,0.04312499913794454,ok,-0.6577818138731258,-1.3975994931955276,1.4552103786076824,-1.623037186524864,-1.5741289068670277,-0.65629212183689,-0.14745768803324505,0.04623568734962912,-0.03444307643248721,-0.012756297383621244,0.000290732628067572,-0.14781828782803536,0.09584381710279209,0.09949558347511873
2.389999999999993,0.508738873817517,-0.25648933655850426,0.40232934647806506,0.2552479517572724,0.09267535259686242,0.2831250003509922,ok,-0.6592563907534583,-1.3971371363220313,1.4548659478433577,-1.6231647494987003,-1.574125999540747,-0.6577703047151704,-0.14675990981980425,0.045875596643097205,-0.03416626983604308,-0.012679820634367673,0.0002982208566939101,-0.14712226575492302,0.0951450907989654,0.0992605024023943
2.399999999999993,0.5085122109743486,-0.25735220349486737,0.4022506740970862,0.2540783664572,0.09270301881472227,0.1783339994290145,ok,-0.6607239898516564,-1.3966783803556002,1.4545242851449973,-1.623291547705044,-1.57412301733218,-0.6592415273727196,-0.14606570557940343,0.04551666057884228,-0.03389026094461849,-0.012603565082214992,0.0003056192358582598,-0.14642977697930384,0.09445200005742367,0.09902344186324409
2.4099999999999926,0.5082847251113917,-0.25821050245858373,0.4021725099039455,0.2529130177099826,0.09273045264351973,0.08833399988361634,ok,-0.6621846469074504,-1.3962232137498118,1.454185382535551,-1.6234175833558662,-1.5741199611398216,-0.6607058251425126,-0.14537505503561343,0.045158892492047506,-0.033615063213093904,-0.012527532156912937,0.00031292834119608703,-0.14574080169327994,0.09376462051446845,0.09878442564338037
2.4199999999999924,0.5080564327984913,-0.25906425196924326,0.40209485356351354,0.2517519034983823,0.0927576551719244,0.06920800115040038,ok,-0.6636383974578065,-1.3957716248248915,1.4538492319034202,-1.6235428586774352,-1.5741168318564096,-0.6621632331594455,-0.14468793802087163,0.044802305334373266,-0.03334068972281082,-0.012451723266314541,0.00032014874980406505,-0.14505532019369008,0.09308302863061292,0.09854347188977157
2.429999999999992,0.5078273504612172,-0.25991347054781944,0.4020177047078165,0.25059502162526204,0.09278462749213273,0.05066599987912923,ok,-0.6650852768380152,-1.3953236017715478,1.4535158250061921,-1.6236673759100984,-1.5741136303689116,-0.6636137863613824,-0.1440043344765756,0.04444691168033922,-0.033067153187812046,-0.012376139796523949,0.0003272810401049596,-0.14437331288222754,0.09240730213294103,0.09830059849624227
2.439999999999992,0.5075974943813161,-0.26075817671529167,0.4019410629364053,0.24944236971576314,0.09281137069963433,0.04425000042829197,ok,-0.666525320182781,-1.3948791326547445,1.453185153474314,-1.6237911373080636,-1.5741103575585105,-0.6650575194902046,-0.14332422445315152,0.04409272373364216,-0.032794465961031326,-0.012300783112023666,0.00033432579170865974,-0.14369476026553224,0.09173751980820573,0.09805581784589075
2.4499999999999917,0.507366880697179,-0.261598388991287,0.4018649278167239,0.24829394521947373,0.09283788589297985,0.04362499930721242,ok,-0.6679585624273126,-1.394438205417408,1.4528572088147038,-1.6239141451391839,-1.5741070143005933,-0.66649446709286,-0.14264758811010056,0.04373975333337728,-0.03252264004039284,-0.01222565455581612,0.0003412835852902278,-0.14301964295526132,0.09107376217796585,0.09780915263634472
2.4599999999999915,0.5071355254043215,-0.2624341258927471,0.4017892988844823,0.24714974541259463,0.09286417417355744,0.04333299875725061,ok,-0.6693850383084136,-1.3940008078840742,1.4525319824143,-1.624036401684742,-1.5741036014647405,-0.6679246635224126,-0.14197440571601608,0.0433880119601972,-0.032251687074853534,-0.012150755449541684,0.0003481550024565204,-0.14234794166812942,0.09041611071115337,0.09756175318209796
2.4699999999999913,0.5069034443558771,-0.2632654059326133,0.4017141756440267,0.24600976740009414,0.09289023664537291,0.04308400093577802,ok,-0.6708047823655737,-1.3935669277644722,1.4522094655435513,-1.6241579092392373,-1.574100119914716,-0.669348142939094,-0.14130465764857753,0.043037510742389304,-0.031981618370370474,-0.012076087093602904,0.00035494062562353555,-0.1416796372259276,0.0897646480972659,0.09731504481623261
2.479999999999991,0.5066706532631049,-0.26409224761853534,0.40163955756871367,0.2448740081178622,0.09291607441483565,0.04325000008975621,ok,-0.6722178289420595,-1.3931365526570483,1.4518896493598477,-1.6242786701101732,-1.5740965705084597,-0.6707649393113532,-0.14063832439452506,0.042688260461873594,-0.03171244489580222,-0.012001650767277874,0.0003616410378976683,-0.1410147105555216,0.08911946506649955,0.09706912544904099
2.489999999999991,0.5064371676959077,-0.26491466945160036,0.40156544410128214,0.24374246433484986,0.09294168859054933,0.04345799970906228,ok,-0.6736242121860048,-1.3927096700524295,1.4515725249108897,-1.624398686617846,-1.5740929540980808,-0.6721750864169084,-0.13997538654960326,0.04234027156013065,-0.03144417728874407,-0.011927447728822529,0.00036825682295441644,-0.14035314268882026,0.08848121486395426,0.09682410098355383
2.4999999999999907,0.5062030030833664,-0.26573268992508337,0.40149183465422944,0.2426151326552105,0.0929670802831076,0.17241600107809063,ok,-0.6750239660515008,-1.3922862673368281,1.4512580831380022,-1.6245179610951341,-1.5740892715298513,-0.6735786178437966,-0.1393158248184931,0.04199355414404584,-0.03117682586127726,-0.011853479215588669,0.0003747885649254581,-0.13969491476273105,0.08785036558722291,0.09658093794375637
2.5099999999999905,0.5059681747142806,-0.26654632752321716,0.40141872861018385,0.24149200952042327,0.09299225060489473,0.10599999950500205,ok,-0.6764171242996858,-1.3918663317953877,1.4509463148793895,-1.62463649588729,-1.5740855236442022,-0.6749755669914239,-0.13865962001471552,0.041648117991687515,-0.030910400605675206,-0.011779746444109554,0.0003812368482846351,-0.13904000801908872,0.08722703244876955,0.09634538633331012
2.5199999999999902,0.5057326977377254,-0.2673556007199854,0.401346125322281,0.24037309121141626,0.09301720066989172,0.04562499998428393,ok,-0.677803720499833,-1.3914498506154709,1.4506372108733327,-1.6247542933517312,-1.5740817112757193,-0.6763659670716148,-0.13800675306051832,0.04130397255800268,-0.030644911200015147,-0.01170625061021135,0.0003876022577396108,-0.13838840380456643,0.0866113319632905,0.09611852931209237
2.52999999999999,0.5054965871636182,-0.2681605279779341,0.40127402411453783,0.23925837385067636,0.09304193159348581,0.04333399920142256,ok,-0.6791837880304381,-1.391036810889891,1.4503307617613326,-1.6248713558578334,-1.574077835253142,-0.6777498511096605,-0.13735720498674342,0.040961126980442235,-0.030380367013739123,-0.011632992889089476,0.0003938853781243917,-0.13774008357056752,0.08600338260603722,0.09590041823093039
2.53999999999999,0.5052598578632943,-0.26896112774700465,0.40120242428222896,0.23814785340435377,0.0930664444922865,0.045250000766827725,ok,-0.6805573600803055,-1.3906271996200865,1.450026958091195,-1.6249876857867243,-1.5740738963993608,-0.6791272519453662,-0.13671095693267318,0.04061959008451359,-0.03011677711313733,-0.011559974435410389,0.00040008679429591606,-0.13709502887309596,0.08540330253747537,0.09568738727169875
2.5499999999999896,0.505022524570095,-0.26975741846338597,0.40113132509226135,0.23704152568435488,0.0930907404839435,0.04324999827076681,ok,-0.6819244696496323,-1.3902210037192413,1.4497257903200638,-1.6251032855310783,-1.5740698955314179,-0.6804982022340971,-0.13606799014586232,0.04027937038925471,-0.029854150266762775,-0.011487196383391355,0.0004062070910300496,-0.13645322137261362,0.08481121269070933,0.09547386079688085
2.5599999999999894,0.5047846018799654,-0.2705494185483882,0.40106072578354984,0.23593938635042597,0.09311482068697262,0.04308400093577802,ok,-0.6832851495510909,-1.3898182100153487,1.449427248817396,-1.6252181574949123,-1.5740658334605075,-0.6818627344478232,-0.13542828598194717,0.03994047611263908,-0.029592494950781964,-0.011414659846883514,0.0004122468529262787,-0.13581464283387357,0.08422723456309118,0.09525975523930476
2.569999999999989,0.5045461042520614,-0.2713371464073348,0.40099062556739234,0.2348414309122298,0.09313868622058247,0.2037920003203908,ok,-0.6846394324109103,-1.3894188052542222,1.4491313238678882,-1.6253323040933811,-1.5740617109919783,-0.683220880876162,-0.13479182590444486,0.039602915176911314,-0.02933181935425347,-0.011342365919453293,0.0004182066643090724,-0.13517927512574393,0.08365149005322732,0.09504504527935358
2.579999999999989,0.5043070460093655,-0.27212062042847496,0.400921023627844,0.2337476547314075,0.09316233820450859,0.04662500032281969,ok,-0.6859873506699548,-1.3890227761024532,1.4488380056743457,-1.6254457277525756,-1.5740575289253353,-0.6845726736274194,-0.13415859148452924,0.039266695213842,-0.029072131384342798,-0.011270315674456221,0.0004240871091338288,-0.13454710022100888,0.08308410321836622,0.09482969652590602
2.5899999999999888,0.5040674413393136,-0.27289985898191527,0.40085191912209267,0.23265805302363693,0.09318577775884977,0.04320900006860029,ok,-0.6873289365848001,-1.3886301091503148,1.4485472843605023,-1.62555843090932,-1.574053288054244,-0.6859181446296294,-0.1335285644007971,0.0389318235699219,-0.02881343867146657,-0.011198510165116199,0.00042988877089650306,-0.13391810019615902,0.08252519772627777,0.0946138319771395
2.5999999999999885,0.5038273042944287,-0.2736748804185712,0.4007833111808319,0.23157262086067326,0.0932090060039093,0.13454100007948,ok,-0.6886642222288081,-1.3882407909146155,1.4482591499737876,-1.6256704160109712,-1.574048989166535,-0.687257325631591,-0.13290172643901577,0.038598307311476114,-0.028555748574366095,-0.011126950424595888,0.0004356122325439865,-0.13329225723116406,0.08197490050347624,0.09440362890463365
2.6099999999999883,0.5035866487929628,-0.27444570306913657,0.40071519890863505,0.23049135317238412,0.09323202406003979,0.07033400106593035,ok,-0.6899932394931982,-1.3878548078415007,1.447973592488044,-1.6257816855152172,-1.5740446330442095,-0.6885902482039027,-0.13227805949185847,0.0382661532297143,-0.028299068185125995,-0.011055637466064123,0.0004412580763872085,-0.13266955360923294,0.08143333497873693,0.09420242883518772
2.619999999999988,0.5033454886195495,-0.2752123452430734,0.400647581384328,0.22941424474877337,0.0932548330474942,0.2401670008111978,ok,-0.6913160200881169,-1.3874721463092037,1.4476906018061926,-1.6258922418898778,-1.5740402204634456,-0.689916943739995,-0.13165754555862394,0.03793536784570902,-0.028043404334110397,-0.010984572282773226,0.0004468268840181918,-0.13204997171655763,0.08090063075922226,0.09401028004535038
2.629999999999988,0.5031038374258602,-0.2759748252276193,0.4005804576613611,0.22834129024198938,0.09327743408627656,0.1805419997253921,ok,-0.6926325955437032,-1.3870927926307466,1.4474101677628515,-1.6260020876127055,-1.5740357521946053,-0.6912374434571605,-0.13104016674494415,0.03760595741530236,-0.02778876359484428,-0.010913755848118793,0.00045231923622516114,-0.13143349404204638,0.0803769132891516,0.09382725414613403
2.6399999999999877,0.5028617087312715,-0.27673316128681397,0.4005138267681799,0.22727248416832724,0.09329982829600071,0.08541600072931033,ok,-0.6939429972111526,-1.3867167330565935,1.447132280126903,-1.6261112251711867,-1.5740312290022431,-0.692551778397581,-0.1304259052624797,0.03727792793395159,-0.027535152288826917,-0.010843189115708871,0.00045773571291575217,-0.13082010317704285,0.07986231164796125,0.09365340713391311
2.6499999999999875,0.502619115923538,-0.277487371660544,0.4004476877085974,0.22620782091021874,0.09332201679575129,0.04824999996344559,ok,-0.6952472562637774,-1.386343953777254,1.4468569286040147,-1.6262196570623437,-1.574026651645114,-0.6938599794293514,-0.12981474342860136,0.03695128514149769,-0.027282576490275115,-0.010772873019429034,0.0004630768930379408,-0.13020978181503332,0.07935695304193642,0.09348880345948525
2.6599999999999873,0.5023760722594717,-0.2782374745636058,0.400382039462161,0.22514729471820494,0.09334400070394716,0.04458399962459225,ok,-0.6965454036980634,-1.385974440925839,1.446584102839112,-1.626327385792538,-1.5740220208761837,-0.6951620772475018,-0.12920666366606043,0.036626034526872166,-0.027031042030804812,-0.01070280847350656,0.00046834335450349245,-0.129602512751341,0.0788609675885031,0.09333349687679988
2.669999999999987,0.5021325908656288,-0.27898348818478663,0.4003168809845227,0.22409089971290538,0.09336578113821073,0.1053750002029119,ok,-0.697837470334724,-1.3856081805805702,1.4463137924188039,-1.626434413877273,-1.5740173374426387,-0.6964581023750152,-0.12860164850264907,0.03630218133273853,-0.0267805545040518,-0.010632996372570593,0.00047353567411778164,-0.12899827888281185,0.07837448452766489,0.09318484993691901
2.679999999999987,0.5018886847390021,-0.27972543068596295,0.4002522112078058,0.22303862988696824,0.09338735921523908,0.07029200060060248,ok,-0.6991234868197505,-1.3852451587672427,1.4460459868737634,-1.6265407438409987,-1.5740126020858975,-0.6977480851638432,-0.1279996805708493,0.03597973056006073,-0.02653111927021645,-0.01056343759171993,0.0004786544275049981,-0.12839706320748684,0.0778976332972967,0.09303795406504682
2.6899999999999866,0.5016443667477201,-0.2804633202012175,0.4001880290409707,0.22199047910701128,0.09340873605067974,0.06829099947935902,ok,-0.7004034836254589,-1.384885361461642,1.4457806756810612,-1.6266463782169158,-1.5740078155416224,-0.6990320557959181,-0.12740074260746884,0.035658686972612645,-0.026282741460558014,-0.010494132986577687,0.00048370018904016416,-0.12779884882426415,0.07743054169171402,0.0928927985545399
2.6999999999999864,0.5013996496317509,-0.2811971748359726,0.40012433337018016,0.22094644111555084,0.09342991275900893,0.04887500108452514,ok,-0.7016774910515335,-1.384528774591916,1.4455178482664557,-1.6267513195467815,-1.574002978539732,-0.7003100442841608,-0.1268048174532725,0.03533905510142089,-0.02603542598181672,-0.010425083393360774,0.0004886735317830517,-0.1272036189325536,0.07697334077976005,0.09274947426311998
2.709999999999986,0.5011545460036122,-0.2819270126661413,0.4000611230591626,0.21990650953291552,0.09345089045341423,0.23858300119172782,ok,-0.7029455392260663,-1.3841753840409017,1.4452574940066376,-1.626855570380715,-1.5739980918044143,-0.7015820804734864,-0.12621188805259878,0.03502083924914148,-0.025789177520576908,-0.010356289628932872,0.0004935750274110499,-0.12661135683191896,0.0765261599706772,0.09260807671448824
2.719999999999986,0.5009090683490871,-0.28265285173729526,0.3999983969495744,0.2188706778591518,0.09347167024567979,0.20133299949520733,ok,-0.7042076581065922,-1.3838251756484103,1.4449996022314318,-1.6269591332770044,-1.5739931560541403,-0.7028481940418055,-0.1256219374529725,0.034704043494374434,-0.025544000547563065,-0.010287752490872496,0.0004984052461559787,-0.12602204592171445,0.07608912640230774,0.0924687057040257
2.7299999999999858,0.5006632290279426,-0.2833747100638502,0.39993615386135994,0.21783893947591004,0.09349225324607471,0.1643330015212996,ok,-0.7054638774811219,-1.3834781352134666,1.444744162225956,-1.6270620108019132,-1.5739881720016786,-0.7041084145010227,-0.1250349488047029,0.0343886716959156,-0.025299899321880735,-0.010219472757528766,0.0005031647567441041,-0.12543566970070713,0.07566237290534746,0.09233144824466498
2.7399999999999856,0.5004170402746554,-0.2840926056282671,0.3998743925931115,0.21681128764832414,0.09351264056324515,0.04937499943480361,ok,-0.706714226969169,-1.3831342484965075,1.4444911632327373,-1.6271642055294884,-1.5739831403541111,-0.7053627711980297,-0.1244509053604799,0.03407472749694364,-0.025056877895189508,-0.010151451188084372,0.0005078541263349114,-0.12485221176669875,0.0752460214101197,0.0921964123919138
2.7499999999999853,0.5001705141991404,-0.2848065563802706,0.39981311192242663,0.21578771552687406,0.09353283330410953,0.04370799979369622,ok,-0.7079587360227738,-1.382793501221538,1.4442405944537855,-1.6272657200413692,-1.5739780618128478,-0.7066112933156967,-0.12386979047495734,0.03376221432914872,-0.024814940115818036,-0.010083688522618046,0.0005124739204636042,-0.12427165581613185,0.07484020617146665,0.09206368118498269
2.759999999999985,0.49992366278748435,-0.2855165802360833,0.3997523106062638,0.2147682161492365,0.09355283257375535,0.04312499913794454,ok,-0.7091974339275234,-1.3824558790782464,1.4439924450526274,-1.6273665569265954,-1.5739729370736433,-0.707854009873858,-0.12329158760433159,0.033451135416797374,-0.02457408963281665,-0.010016185482163003,0.0005170247029848244,-0.12369398564369354,0.07444505214059093,0.09193335427418724
2.769999999999985,0.4996764979026821,-0.2862226950776756,0.39969198738129696,0.2137527824421214,0.09357263947534177,0.04295899998396635,ok,-0.7104303498035668,-1.3821213677240785,1.4437467041562992,-1.627466718781417,-1.5739677668266134,-0.709090949730295,-0.12271628030591235,0.03314149378073975,-0.024334329899954942,-0.009948942768770869,0.0005215070360185099,-0.12311918514191093,0.07406068300761899,0.09180553094017503
2.7799999999999847,0.4994290312853788,-0.28692491875203363,0.39963214096426775,0.2127414072230962,0.09359225511000221,0.043166999603272416,ok,-0.7116575126066259,-1.3817899527862711,1.4435033608572998,-1.6275662082091047,-1.5739625517562532,-0.710322141581714,-0.12214385223768669,0.032833292242350286,-0.0240956641796497,-0.00988196106557412,0.0005259214798973169,-0.12254723830073848,0.07368722644893881,0.09168030249266586
2.7899999999999845,0.49918127455461375,-0.28762326907044017,0.3995727700523364,0.21173408320239503,0.09361168057675141,0.043125000956933945,ok,-0.7128789511290028,-1.3814616198638476,1.4432624042155033,-1.6276650278197604,-1.5739572925414542,-0.7115476139647214,-0.12157428715787688,0.03252653342741623,-0.023858095546840742,-0.009815241036849968,0.0005302685931152743,-0.12197812920714043,0.07332480668867061,0.09155776414178828
2.7999999999999843,0.49893323920856747,-0.28831776380777263,0.3995138733234304,0.21074552176332476,0.09363091697239502,0.04325000008975621,ok,-0.7140946940005816,-1.3811363545295734,1.443023823260035,-1.627763180230129,-1.573951989855523,-0.7127673952567929,-0.12100683107407789,0.032225895011629216,-0.023626147576777275,-0.009748823383627564,0.0005345225915997677,-0.12141108756522083,0.0729735438068178,0.09143801460105773
2.809999999999984,0.49868495337334817,-0.28900842974893004,0.39945544497142227,0.20986823291926743,0.09364996806633562,0.22625000019615982,ok,-0.7153047623113223,-1.380814095579457,1.4427875617842671,-1.6278606684639652,-1.573946644629607,-0.7139815061324452,-0.12043684119214286,0.03196071694216267,-0.02342817967304848,-0.0096829724392603,0.0005385187226656982,-0.12084136715522417,0.07263355291027705,0.09132114949842786
2.819999999999984,0.49843655002542725,-0.28969535061953094,0.39939745104568314,0.20899411403364807,0.0936688543971687,0.1934590000018943,ok,-0.7165091307232437,-1.3804944884100354,1.4425532799875367,-1.6279574981883578,-1.5739412594423805,-0.7151899198039974,-0.11986973486266356,0.031696430129790225,-0.02323072160729928,-0.009617439899894996,0.0005424515717457447,-0.12027450889240492,0.07230485796306987,0.09120732839533736
2.8299999999999836,0.49818803807860634,-0.2903785433528245,0.3993398903359884,0.20812315839034437,0.09368757670508054,0.0735829999030102,ok,-0.7177078280718704,-1.3801775241087375,1.4423209727714636,-1.6280536725873567,-1.573935834926663,-0.7163926648929214,-0.11930549608596867,0.03143304190709175,-0.023033782575724058,-0.009552224717862733,0.000546321683399936,-0.11971049705562602,0.07198757627596107,0.09109664194948462
2.8399999999999834,0.4979394263539181,-0.2910580248438871,0.399282761620707,0.20725535923118735,0.09370613573200905,0.06833299994468689,ok,-0.71890088303273,-1.3798631936896666,1.4420906349457063,-1.6281491948345352,-1.573930371709829,-0.7175897698634777,-0.11874410894983982,0.031170559389562962,-0.022837371544182514,-0.00948732585127398,0.0005501295997700514,-0.11914931600845459,0.07168182680431774,0.0909891772468696
2.849999999999983,0.4976907235801629,-0.2917338119490977,0.39922606366697205,0.20639070975680954,0.093724532221518,0.04970800000592135,ok,-0.7200883241222285,-1.3795514880957709,1.4418622612302645,-1.628244068093048,-1.5739248704138313,-0.7187812630235623,-0.11818555762936814,0.03090898947918911,-0.02264149725190673,-0.009422742263923211,0.000553875860550441,-0.11859095019904008,0.07138772710093369,0.09088502141551529
2.859999999999983,0.497441938394446,-0.292405921485624,0.3991697952308495,0.20552920312748466,0.09374276691867389,0.08758299918554258,ok,-0.7212701796985221,-1.379242398200979,1.4416358462577454,-1.628338295515687,-1.5739193316552258,-0.7199671725255526,-0.11762982638679974,0.030648338867975113,-0.022446168215166616,-0.009358472925189744,0.0005575610029578662,-0.11803538415998151,0.07110537865025775,0.09078427438887655
2.869999999999983,0.49719307934272056,-0.2930743702309207,0.39911395505750813,0.20467083246396264,0.09376084056992733,0.06920799933141097,ok,-0.7224464779623901,-1.3789359148122993,1.4414113845755938,-1.628431880244939,-1.5739137560451961,-0.7211475263671525,-0.11707689957136935,0.030388614041425534,-0.02225139273088331,-0.00929451680994038,0.0005611855617050977,-0.11748260250818252,0.07083489810655777,0.09068701929370017
2.8799999999999826,0.49694415488033117,-0.29373917492223894,0.39905854188139,0.20381559084829187,0.09377875392299478,0.06754199966962915,ok,-0.7236172469581038,-1.378632028671885,1.441188870648285,-1.6285248254130382,-1.573908144189579,-0.7223223523922343,-0.11652676161912418,0.030129821281978813,-0.022057178880198577,-0.009230872898431323,0.0005647500689742887,-0.11693258994469617,0.07057639304902064,0.09059266482199348
2.8899999999999824,0.49669517337256003,-0.2944003522561467,0.3990035544263799,0.20296347132463746,0.09379650772674442,0.0469169990537921,ok,-0.7247825145742951,-1.378330730459065,1.440968298859483,-1.6286171341420226,-1.5739024966888893,-0.7234916782916813,-0.11597939705273555,0.029871966672397735,-0.021863534531999556,-0.009167540176209781,0.0005682550543922508,-0.11638533125455833,0.07032996462421322,0.09049798684838233
2.899999999999982,0.4964461430951765,-0.2950579188880611,0.39894899140597473,0.2021144669000892,0.09381410273108397,0.04333299875725061,ok,-0.7259423085448224,-1.3780320107923412,1.440749663514163,-1.6287088095437847,-1.5738968141383454,-0.7246555316042268,-0.11543479048130278,0.029615056099113676,-0.02167046734640001,-0.009104517634018013,0.0005717010450050035,-0.11584081130661249,0.07009571917822822,0.09040255800818879
2.909999999999982,0.4961970722349871,-0.2957118914317906,0.3988948515234547,0.20126857054546216,0.09383153968685248,0.23925000095914584,ok,-0.7270966564496355,-1.37773586023135,1.440532958840699,-1.628799854720125,-1.5738910971278952,-0.7258139397172929,-0.11489292660014566,0.029359095255522112,-0.02147798477817139,-0.00904180426769245,0.0005750885652551213,-0.1152990150533234,0.06987375660337822,0.09030638331210532
2.9199999999999817,0.495947968890389,-0.2963622864590889,0.39884113347205147,0.2004257751960901,0.09384881934571154,0.21645899869326968,ok,-0.7282455857156369,-1.3774422692787949,1.4403181789929174,-1.6288902727628018,-1.5738853462422426,-0.7269669298678262,-0.11435379019058799,0.029104089645241027,-0.021286094080137978,-0.008979399078065262,0.0005784181369598129,-0.11475992753058152,0.06966416957654335,0.09020947070659797
2.9299999999999815,0.49569884107192475,-0.29700912049921935,0.3987878359351191,0.19958607375260917,0.09386594246004289,0.262999999904423,ok,-0.7293891236175428,-1.3771512283823424,1.440105318052116,-1.6289800667535825,-1.573879562060873,-0.728114529143132,-0.11381736611973259,0.028850044585316332,-0.021094802306517,-0.008917301070870166,0.0005816902792898614,-0.11422353385749916,0.06946705633198012,0.09011182194604463
2.9399999999999813,0.4954496967028377,-0.29765241003852905,0.3987349575863023,0.1987494590817359,0.09388290978284569,0.049250000301981345,ok,-0.7305272972787401,-1.3768627279364891,1.4398943700290507,-1.6290692397642912,-1.57387374515808,-0.729256764481707,-0.11328363934022792,0.028596965209393983,-0.020904116316230244,-0.008855509256639502,0.000584905508748768,-0.11368981923619771,0.06927933803675203,0.09001344475883542
2.949999999999981,0.49520054361963123,-0.29829217152003557,0.3986824970897069,0.19791592401703437,0.09389972206763648,0.044916998376720585,ok,-0.7316601336721423,-1.376576758284395,1.4396853288658884,-1.6291577948568576,-1.5738678961029926,-0.7303936626740689,-0.11275259489002476,0.028344856470835778,-0.020714042776151763,-0.008794022650612745,0.0005880643391545748,-0.11315876895158503,0.06909711016986228,0.08991434073454295
2.959999999999981,0.49495138957262724,-0.2989284213430212,0.39863045310006745,0.19708546135967936,0.09391638006835328,0.04408300083014183,ok,-0.7327876596210425,-1.3762933097196868,1.439478188438127,-1.6292457350833638,-1.573862015459601,-0.7315252503635847,-0.1122242178921255,0.028093723145805584,-0.0205245881643354,-0.008732840272633349,0.0005911672816194179,-0.11263036837112557,0.0689203627861628,0.08981451440478365
2.9699999999999807,0.49470224222652676,-0.2995611758626403,0.39857882426291624,0.19625806387920744,0.09393288453925944,0.0441249994764803,ok,-0.7339099017999637,-1.3760123724882287,1.4392729425564836,-1.62933306348609,-1.5738561037867849,-0.732651554047296,-0.11169849355432776,0.027843569836303986,-0.02033575877318329,-0.008671961147056791,0.0005942148445345697,-0.11210460294460436,0.06874909280631158,0.08971397318286291
2.9799999999999804,0.4944531091609722,-0.30019045138953315,0.39852760921475194,0.19543372431426456,0.0939492362348522,0.048457999582751654,ok,-0.735026886735507,-1.3757339367898658,1.4390695849687518,-1.6294197830975607,-1.5738501616383396,-0.733772600076742,-0.11117540716895799,0.02759440097316623,-0.020147560712579372,-0.008611384302650668,0.0005972075335529834,-0.11158145820388103,0.06858330581672895,0.08961271842210332
2.9899999999999802,0.4942039978711095,-0.30081626418945456,0.39847680658320717,0.19461243537334016,0.09396543590977163,0.04391699985717423,ok,-0.7361386408071966,-1.375457992780134,1.438868109361626,-1.6295058969405873,-1.573844189563004,-0.7348884146587809,-0.11065494411259764,0.027346220819013334,-0.019959999912976808,-0.008551108772502309,0.0006001458515731124,-0.11106091976263674,0.06842299826465571,0.08951075733370399
2.99999999999998,0.4939549157681524,-0.3014386304829067,0.39842641498721537,0.19379418973550075,0.09398148431871284,0.04358300066087395,ok,-0.7372451902483226,-1.375184530571944,1.4386685093624962,-1.6295914080283123,-1.5738381881044883,-0.7359990238564073,-0.11013708984580575,0.027099033471168682,-0.019773082128450917,-0.008491133593921708,0.0006030302987254427,-0.11054297331611615,0.0682676124013938,0.08940809112072813
3.00999999999998,0.49370587017994655,-0.3020575664447866,0.39837643303717896,0.19297898005110903,0.09399738221633953,0.16566700105613563,ok,-0.7383465611467807,-1.3749135402372321,1.4384707785412116,-1.6296763193642514,-1.573832157801501,-0.7371044535895684,-0.10962182991283144,0.02685284286452902,-0.019586812939703453,-0.008431457808346332,0.0006058613723569078,-0.11002760464086087,0.06812009030936779,0.08930472679842223
3.0199999999999796,0.49345686835153507,-0.3026730882040407,0.398326859335135,0.1921667989425384,0.09401313035720064,0.0993329995253589,ok,-0.739442779445909,-1.374645011808587,1.4382749104118147,-1.629760633942335,-1.5738260991877775,-0.738204729635977,-0.10910914994132229,0.02660765277439456,-0.01940119775702789,-0.008372080461250113,0.0006086395670193683,-0.1095147995944376,0.06798452078163572,0.08920066542518217
3.0299999999999794,0.4932079174457233,-0.3032852118433283,0.3982776924749211,0.19135763900488012,0.09402872949564764,0.06920799933141097,ok,-0.7405338709453222,-1.3743789352808429,1.4380808984342444,-1.6298443547469474,-1.5738200127921074,-0.7392998776319214,-0.10859903564202486,0.026363466819266098,-0.019216241823242983,-0.008313000602044002,0.0006113653744560561,-0.1090045441151582,0.0678619064950812,0.08909591382632191
3.039999999999979,0.49295902454364626,-0.3038939533986961,0.3982289310423414,0.1905514928066424,0.09404418038575572,0.06716600000800099,ok,-0.7416198613017424,-1.3741153006126503,1.437888736016012,-1.629927484752968,-1.5738138991383628,-0.7403899230730729,-0.10809147280848216,0.026120288463592878,-0.019031950216569136,-0.008254217283992367,0.0006140392835909212,-0.108496824221798,0.06775240084934478,0.0889904729210338
3.049999999999979,0.4927101966453341,-0.3044993288592611,0.3981805736153312,0.1897483528904398,0.09405948378124566,0.06595800005015917,ok,-0.7427007760298272,-1.3738540977280145,1.4376984165138462,-1.6300100269258078,-1.5738077587455268,-0.7414748913152909,-0.10758644731672154,0.025878121020491293,-0.018848327853484656,-0.008195729564113572,0.0006166617805175999,-0.10799162601330183,0.0676560675267091,0.08888434935058763
3.0599999999999787,0.49246144067027886,-0.3051013541669024,0.3981326187641208,0.18894821177367796,0.09407464043540735,0.06516599933092948,ok,-0.7437766405029944,-1.3735953165178096,1.4375099332353114,-1.630091984221449,-1.5738015921277215,-0.7425548075754239,-0.10708394512494154,0.02563696765441698,-0.018665379491527818,-0.008137536503092473,0.0006192333484892883,-0.10748893566849217,0.06757297585446215,0.08877754390030908
3.0699999999999785,0.4922127634580026,-0.3057000452159617,0.3980850650513995,0.1881510619492308,0.09408965110102614,0.0645829986751778,ok,-0.7448474799542438,-1.3733389468412656,1.437323279440396,-1.6301733595864798,-1.5737953997942367,-0.7436296969321088,-0.10658395227319088,0.025396831383802176,-0.018483109732066728,-0.008079637165190164,0.0006217544679084328,-0.10698873944576673,0.06750318103163463,0.08867006303318102
3.0799999999999783,0.491964171768622,-0.30629541785295417,0.39803791103247876,0.1873568958861056,0.09410451653031146,0.06495900015579537,ok,-0.7459133194769757,-1.3730849785274275,1.4371384483430754,-1.6302541559581316,-1.5737891822495576,-0.7446995843265665,-0.10608645488304326,0.02515771508365852,-0.018301523023031285,-0.008022030618154596,0.0006242256163213945,-0.10649102368279262,0.06744674427045595,0.08856190740587357
3.089999999999978,0.49171567228341717,-0.30688748787628534,0.39799115525545403,0.18656570603010666,0.09411923747482505,0.04783300028066151,ok,-0.7469741840258062,-1.3728334013765908,1.4369554331128451,-1.6303343762643132,-1.5737829399933942,-0.7457644945633944,-0.10559143915726801,0.024919621488136045,-0.018120623661603708,-0.007964715933130867,0.0006266472684063231,-0.10599577479619558,0.06740371194049817,0.08845335538102263
3.099999999999978,0.4914672716053973,-0.30747627103597996,0.39794479626136636,0.18577748480448789,0.09413381468541479,0.04441700002644211,ok,-0.7480300984173789,-1.3725842051617094,1.4367742268762291,-1.6304140234236446,-1.5737766735207102,-0.7468244523113564,-0.10509889137949605,0.024682553193049184,-0.01794041579687288,-0.007907692184577653,0.0006290198959689765,-0.10550297928124831,0.06737413114566788,0.08834549735475171
3.1099999999999777,0.49121897625986677,-0.3080617830334158,0.39789883258436354,0.1849922246105981,0.09414824891214559,0.17904199921758845,ok,-0.7490810873311738,-1.3723373796297789,1.4365948227182603,-1.6304931003454903,-1.5737703833217505,-0.7478794821041689,-0.10460879791388059,0.024446512658368388,-0.017760903432454022,-0.007850958450177274,0.0006313439679356256,-0.10501262371154471,0.06735805034904573,0.08823848787136597
3.1199999999999775,0.4909707926949914,-0.30864403952106834,0.39785326275185934,0.18420991782852075,0.09416254090423584,0.10570899939921219,ok,-0.7501271753103127,-1.3720929145031953,1.4364172136839357,-1.630571609929992,-1.5737640698820712,-0.7489296083412843,-0.10412114520475657,0.02421150221067057,-0.017582090429067693,-0.007794513810751143,0.0006336199503452622,-0.1045246947386854,0.0673555021463728,0.08813238006488903
3.1299999999999772,0.4907227272823643,-0.30922305610226336,0.39780808528469347,0.18343055681770443,0.09417669140999418,0.11883400111400988,ok,-0.7511683867623603,-1.3718507994810885,1.4362413927796451,-1.6306495550680995,-1.5737577336825677,-0.7499748552886711,-0.10363591977629312,0.023977524045555983,-0.017403980507080877,-0.007738357350177853,0.0006358483063467853,-0.1040391790919413,0.06736652619996598,0.08802722172535339
3.139999999999977,0.49047478631757047,-0.30979884833093585,0.39776329869729027,0.18265413391758709,0.09419070117675743,0.07045799975458067,ok,-0.7522047459601232,-1.371611024240633,1.4360673529745742,-1.6307269386416012,-1.5737513751995043,-0.7510152470795906,-0.10315310823214409,0.02374458023003213,-0.017226577249018316,-0.007682488155307698,0.0006380294961940077,-0.10355606357792889,0.06739113942507895,0.08792306873580967
3.149999999999977,0.49022697602075077,-0.3103714317113993,0.3977189014978148,0.1818806414482129,0.09420457095083146,0.06812499850639142,ok,-0.7532362770424447,-1.3713735784383327,1.4358950872020841,-1.6308037635231543,-1.5737449949045423,-0.7520508077153698,-0.10267269725509572,0.023512672704861425,-0.017049884102033758,-0.007626905315879976,0.0006401639772401393,-0.10307533508027343,0.06742937846635286,0.08781996648541544
3.1599999999999766,0.4899793025371663,-0.31094082169812154,0.3976748921883313,0.18111007171084148,0.09421830147743218,0.06691599992336705,ok,-0.7542630040149956,-1.3711384517112841,1.4357245883610639,-1.630880032576313,-1.5737385932647698,-0.7530815610661725,-0.10219467360670874,0.02328180328687239,-0.0168739043803425,-0.007571607924445613,0.0006422522039347584,-0.10259698055927148,0.06748126339142202,0.08771796582975246
3.1699999999999764,0.48973177193776096,-0.3115070336955082,0.39763126926495834,0.18034241698854975,0.09423189350062915,0.04762500066135544,ok,-0.7552849507510626,-1.3709056336784153,1.4355558493172604,-1.6309557486555575,-1.5737321707427305,-0.7541075308717652,-0.10171902412696045,0.023051973671238242,-0.01669864126762546,-0.007516595076284803,0.0006442946278218119,-0.10212098705154926,0.0675468029318109,0.08761712019481947
3.179999999999976,0.4894843902197228,-0.3120700830576943,0.39758803121802366,0.17957766954682824,0.09424534776329012,0.17729099999996834,ok,-0.7563021409923322,-1.370675113941703,1.4353888629045841,-1.6310309146063204,-1.5737257277964523,-0.7551287407422806,-0.10124573573388142,0.02282318543372652,-0.016524097819397555,-0.007461865869327525,0.0006462916975374754,-0.10164734166971859,0.0676260073525467,0.08751748047226983
3.189999999999976,0.489237163307046,-0.31262998508834416,0.397545176532218,0.17881582163416804,0.09425866500702831,0.09387499994772952,ok,-0.757314598349671,-1.3704468820873659,1.43522362192639,-1.6311055332650137,-1.5737192648794769,-0.7561452141589778,-0.10077479542319066,0.022595440032904774,-0.016350276965334264,-0.007407419404079181,0.0006482438588067389,-0.10117603160203183,0.06771888221817593,0.08741882751254822
3.1999999999999758,0.4889900970510903,-0.31318675504045645,0.3975027036867487,0.17805686548264324,0.09427184597214892,0.08304199945996515,ok,-0.7583223463039028,-1.3702209276870367,1.4350601191567367,-1.6311796074590545,-1.5737127824408887,-0.7571569744749982,-0.10030619026792725,0.022368738812325605,-0.016177181511575597,-0.007353254783541294,0.0006501515544435763,-0.10070704411202756,0.06782542839867413,0.0872869847420328
3.2099999999999755,0.48874319723114,-0.3137404081161795,0.3974606111554923,0.17730079330848283,0.09428489139759957,0.06762500015611295,ok,-0.7593254082065821,-1.3699972402989136,1.434898347341621,-1.63125314000689,-1.5737062809253444,-0.7581640449161184,-0.09983990741808202,0.02214308300267052,-0.016004814142985987,-0.007299371113139243,0.0006520152243489803,-0.10024036653818523,0.06794564928404787,0.08709428427308745
3.2199999999999753,0.4884964695549617,-0.314290959466631,0.3974188974071443,0.17654759731263994,0.0942978020209204,0.0657500004308531,ok,-0.760323807280763,-1.3697758094688868,1.4347382992001911,-1.6313261337180214,-1.573699760773101,-0.7591664485815003,-0.09937593410022347,0.021918473723866138,-0.015833177425388277,-0.007245767500645993,0.0006538353055126086,-0.09977598629356571,0.06807952947932783,0.0869137675419618
3.229999999999975,0.48824991965936093,-0.314838424191727,0.39737756090537096,0.17579726968135112,0.0943105785781966,0.06558299901371356,ok,-0.7613175666217652,-1.3695566247316482,1.4345799674259372,-1.6313985913930278,-1.5736932224200457,-0.760164208444436,-0.09891425761712387,0.021694911987167106,-0.015662273807760706,-0.007192443056112571,0.0006556122320114673,-0.09931389086545393,0.06822705588575445,0.08674550761646223
3.239999999999975,0.4880035531107374,-0.3153828173400167,0.39733660010895777,0.17504980258668898,0.09432322180401148,0.0653750012133969,ok,-0.7623067091979364,-1.3693396756117766,1.4344233446878596,-1.631470515823589,-1.5736866662977256,-0.7611573473530905,-0.09845486534738361,0.02147239869720662,-0.015492105624403152,-0.007139396891793649,0.0006573464350108605,-0.09885406781500479,0.068388210813724,0.0865895825037165
3.2499999999999747,0.4877573754056384,-0.31592415390852463,0.39729601347195703,0.1743051881871107,0.09433573243140149,0.04945900036545936,ok,-0.7632912578514103,-1.3691249516248045,1.4342684236316157,-1.6315419097925068,-1.5736800928333754,-0.7621458880312405,-0.0979977447450513,0.021250934654023175,-0.015322675097074719,-0.007086628122078463,0.0006590383427660541,-0.09839650477687766,0.06856297202822291,0.0864460632643654
3.2599999999999745,0.4875113919713118,-0.31646244884259933,0.397255799443837,0.17356341862799526,0.09434811119181313,0.04479099879972637,ok,-0.7642712352988608,-1.3689124422782644,1.434115196880645,-1.6316127760737276,-1.5736735024499477,-0.7631298530790093,-0.09754288333924553,0.021030520555044438,-0.015153984337088295,-0.007034135863424646,0.0006606883806231557,-0.09794118945887645,0.06875131280168889,0.08631501412455621
3.2699999999999743,0.48726560816625664,-0.3169977170357687,0.3972159564696259,0.17282448604217882,0.09436035881505889,0.04350000017439015,ok,-0.7652466641322532,-1.368702137072714,1.433963657037274,-1.6316831174323618,-1.5736668955661415,-0.764109264973598,-0.09709026873377223,0.020811156997051508,-0.014986035347386517,-0.006981919234288486,0.0006622969710224889,-0.09748810964158408,0.06895320999115469,0.08619650376427145
3.279999999999974,0.4870200292807726,-0.31752997332960237,0.3971764829900581,0.17208838255047992,0.09437247602927709,0.043792000724351965,ok,-0.7662175668195909,-1.3684940255027433,1.4338137966838,-1.6317529366247048,-1.5736602725964313,-0.7650841460700138,-0.09663988860674295,0.02059284447810991,-0.014818830024581498,-0.00692997735505761,0.0006638645335005587,-0.09703725317799787,0.06916861217096248,0.08609059379129692
3.289999999999974,0.48677466053750745,-0.31805923251358015,0.3971373774417184,0.17135510026221912,0.09438446356089183,0.17620899961912073,ok,-0.7671839657056583,-1.3682880970579623,1.4336656083835542,-1.6318222363982553,-1.5736536339510963,-0.7660545186017939,-0.09619173071018826,0.020375583399471695,-0.014652370160962937,-0.006878309347989284,0.0006653914846919397,-0.09658860799316037,0.0693974956905818,0.08599734251074474
3.2999999999999736,0.48652950709200377,-0.3185855093249664,0.3970986382571843,0.17062463127573307,0.09439632213457393,0.10149999980058055,ok,-0.7681458830127602,-1.3680843412239676,1.4335190846819446,-1.631891019491735,-1.5736469800362494,-0.7670204046817255,-0.09574578286967551,0.020159374067447174,-0.01448665744647558,-0.00682691433714454,0.0006668782383338943,-0.09614216208379359,0.06963980008460893,0.0859168012644441
3.3099999999999734,0.48628457403324327,-0.3191088184486922,0.3970602638651686,0.16989696767888074,0.09440805247320277,0.16520900135219563,ok,-0.7691033408414569,-1.367882747483293,1.4333742181074798,-1.6319592886351066,-1.573640311253866,-0.7679818263025634,-0.09530203298392056,0.019944216695248863,-0.014321693470669679,-0.006775791448327452,0.0006683252052697387,-0.09569790351792717,0.06989549389824094,0.08584902877696633
3.319999999999973,0.48603986638418895,-0.3196291745172419,0.39702225269065927,0.1691721015495441,0.0944196552978308,0.08837499990477227,ok,-0.7700563611712962,-1.3676833053163406,1.4332310011727731,-1.6320270465495899,-1.5736336280018133,-0.7689388053377426,-0.09486046902439925,0.01973011140480634,-0.014157479724618107,-0.0067249398090233605,0.0006697327934535624,-0.09525582043452735,0.0701645079763172,0.08579406591096043
3.329999999999973,0.4857953891023257,-0.3201465921105466,0.3969846031550605,0.16845002495612071,0.09443113132764783,0.06733299960615113,ok,-0.7710049658615401,-1.3674860042022925,1.433089426375527,-1.63209429594768,-1.5736269306738788,-0.7698913635420879,-0.09442107903496168,0.019517058228558454,-0.013994017602809371,-0.006674358548340366,0.0006711014079534185,-0.09481590104312679,0.07044680342067294,0.08575196416363799
3.3399999999999728,0.4855511470802005,-0.3206610857558837,0.39694731367632996,0.16773072995801305,0.0944424812799461,0.06650000068475492,ok,-0.7719491766518897,-1.367290833620007,1.432949486199499,-1.6321610395331634,-1.5736202196597993,-0.7708395225525191,-0.09398385113144135,0.019305057111209306,-0.013831308405006291,-0.006624046796950466,0.0006724314509573342,-0.09437813362345164,0.07074230278142017,0.08572275742136302
3.3499999999999726,0.4853071451459578,-0.32117266992778254,0.3969103826691169,0.1670142086061083,0.09445370587008824,0.04729099964606576,ok,-0.7728890151632041,-1.3670977830488948,1.432811173115449,-1.6322272800011328,-1.5736134953452896,-0.7717833038887536,-0.09354877350126578,0.019094107911463078,-0.013669353338078071,-0.006574003687031228,0.0006737233217779405,-0.09394250652504642,0.07105095105154537,0.08570648638140634
3.3599999999999723,0.4850633880638762,-0.32168135904793477,0.3968738085448986,0.1663004529432541,0.0944648058114748,0.043415999243734404,ok,-0.7738245028982167,-1.3669068419697803,1.432674479582068,-1.632293020038003,-1.5736067581120718,-0.7727227289540041,-0.09311583440306646,0.01888421040373227,-0.013508153517807969,-0.006524228352212077,0.0006749774168588072,-0.09350900816690126,0.07137268092798554,0.08570318454753807
3.369999999999972,0.4848198805348997,-0.3221871674851113,0.39683758971211536,0.16558945500472652,0.09447578181551274,0.04433299909578636,ok,-0.7747556612422474,-1.366717999865743,1.43253939804689,-1.6323582623215251,-1.5736000083379034,-0.7736578190356731,-0.09268502216628856,0.018675364279815067,-0.01334770997066389,-0.006474719927522373,0.0006761941297786479,-0.09307762703707932,0.07170742160640226,0.08571239743979352
3.379999999999972,0.4845766271971706,-0.3226901095550845,0.3968017245763038,0.1648812068186941,0.09448663459158628,0.15654100025130901,ok,-0.7756825114639102,-1.3665312462229449,1.4324059209471833,-1.6324230095208003,-1.5735932463966056,-0.7745885953060438,-0.09225632519079915,0.018467569150551432,-0.013188023635555535,-0.006425477549330663,0.0006773738512604047,-0.0926483516923372,0.07205509889965321,0.08572883505770172
3.3899999999999717,0.48433363262655676,-0.3231901995205567,0.39676621154023156,0.1641757004066717,0.09449736484702717,0.1604169992788229,ok,-0.7766050747158182,-1.3663465705314393,1.4322740407108279,-1.6324872642962935,-1.573586472658093,-0.7755150788229672,-0.09182973194649664,0.018260824547448526,-0.013029095365546068,-0.006376500355302125,0.0006785169691754578,-0.09222117075775295,0.07241562578913151,0.08575109209756736
3.3999999999999715,0.4840909013371795,-0.3236874515910925,0.39673104900402745,0.1634729277839737,0.09450797328708727,0.07112499952199869,ok,-0.7775233720352831,-1.3661639622859647,1.4321437497571725,-1.6325510292998466,-1.5735796874884014,-0.7764372905305448,-0.09140523097291846,0.018055129924287462,-0.012870925929555188,-0.006327787484343668,0.0006796238685498384,-0.09179607292635,0.07278894070676613,0.08577923452305318
3.4099999999999713,0.4838484377819374,-0.32418187992305775,0.39669623536531273,0.16277288096015666,0.09451846061491127,0.06641700019827113,ok,-0.7784374243450123,-1.365983410986722,1.4320150404978769,-1.6326143071746901,-1.5735728912497158,-0.7773552512598083,-0.09098281087885038,0.017850484658698755,-0.012713516014025344,-0.006279338076552701,0.000680694931574966,-0.09137304695871955,0.07317494079538073,0.08581331805077529
3.419999999999971,0.48360624635302935,-0.32467349861956296,0.3966617690193299,0.16207555193945866,0.09452882753150983,0.06562499947904143,ok,-0.7793472524538008,-1.365804906140135,1.4318879053377367,-1.6326771005554557,-1.5735660843004,-0.7782689817293955,-0.0905624603419349,0.017646888053713547,-0.012556866224560996,-0.006231151273175991,0.0006817305376116272,-0.09095208168264642,0.07357354915058079,0.08585340030907253
3.429999999999971,0.4833643313824738,-0.3251623217304132,0.3966276483590718,0.1613809327212308,0.0945390747357366,0.06645800021942705,ok,-0.7802528770572201,-1.3656284372595977,1.431762336675491,-1.6327394120681875,-1.5735592669950238,-0.779178502546222,-0.09014416810827827,0.017444339339295276,-0.012400977087548799,-0.006183226216556632,0.0006827310631991973,-0.09053316599273117,0.07398466649004519,0.08589790712485008
3.4399999999999706,0.4831226971426279,-0.32564836325206026,0.39659387177540817,0.16068901530036583,0.09454920292426085,0.0735829999030102,ok,-0.7811543187383029,-1.3654539938662047,1.4316383269046156,-1.632801244330353,-1.5735524396843918,-0.7800838342061494,-0.08972792299206216,0.017242837673842236,-0.012245849051746447,-0.006135562050094751,0.0006836968820626838,-0.09011628885001624,0.07440821078481523,0.08594252708469217
3.4499999999999704,0.48288134784670134,-0.32613163712756327,0.3965604376572113,0.15999979166771647,0.09455921279154665,0.10620899956848007,ok,-0.7820515979682235,-1.3652815654894663,1.431515868414098,-1.632862599950854,-1.5735456027155712,-0.7809849970946495,-0.08931371387514891,0.01704238214566906,-0.012091482489849911,-0.006088157918198165,0.000684628365123696,-0.08970143928160716,0.07484107294448987,0.08598702708963722
3.45999999999997,0.4826402876492713,-0.32661215724655174,0.3965273443914811,0.15931325381051284,0.09456910502982903,0.05766700087406207,ok,-0.782944735106975,-1.3651111416680097,1.4313949535891997,-1.632923481530036,-1.5735387564319199,-0.7818820114874656,-0.08890152970669431,0.016842971774462916,-0.011937877700033022,-0.006041012966242187,0.0006855258805048452,-0.0892886063802997,0.0752779884220832,0.08603140965062177
3.46999999999997,0.48239952064679187,-0.327089937445194,0.39649459036346846,0.1586293937127706,0.09457888032909259,0.18650000129127875,ok,-0.783833750404042,-1.364942711950265,1.4312755748121992,-1.6329838916596984,-1.5735319011731148,-0.7827748975512686,-0.08849135950275369,0.016644605512718194,-0.011785034907463706,-0.005994126340531494,0.0006863897935414487,-0.08887777930420165,0.0757188525121364,0.0860756718989585
3.47999999999997,0.48215905087810323,-0.3275649915061705,0.39646217395679745,0.1579482033556955,0.09458853937705074,0.11074999929405749,ok,-0.7847186639990695,-1.364776265895138,1.4311577244631246,-1.6330438329231036,-1.5735250372751795,-0.7836636753443106,-0.08808319234589453,0.01644728224714776,-0.011632954265796334,-0.0059474971882562105,0.0006872204667901211,-0.08846894727635975,0.07616364155072962,0.08611981356082045
3.4899999999999696,0.48191888232493724,-0.3280373331586517,0.3964300935535865,0.15726967471808198,0.09459808285912505,0.07704099880356807,ok,-0.7855994959225284,-1.3646117930726664,1.4310413949204666,-1.6331033078949861,-1.5735181650705115,-0.7845483648170741,-0.08767701738480695,0.01625100080007047,-0.011481635858641896,-0.00590112465745194,0.0006880182600372497,-0.08806209958438506,0.07661231215007779,0.08616383738308327
3.4999999999999694,0.4816790189124209,-0.32850697607828117,0.3963983475345681,0.15659379977670407,0.09460751145842701,0.06608300100197084,ok,-0.7864762660963764,-1.3644492830646657,1.43092657856188,-1.6331623191415607,-1.5735112848879111,-0.785428985812918,-0.08727282383391216,0.016055759930779855,-0.011331079701010315,-0.005855007896967518,0.0006887835303086523,-0.08765722558007609,0.07706487062345228,0.08620774022148624
3.509999999999969,0.48143946450957753,-0.32897393388716134,0.39636693427920816,0.15592057050670388,0.09461682585573815,0.06562499947904143,ok,-0.7873489943347156,-1.364288725465358,1.43081326776487,-1.6332208692205303,-1.5735043970526081,-0.7863055580687187,-0.08687060097297608,0.01586155833688664,-0.011181285740732242,-0.005809146056425461,0.0006895166318799692,-0.08725431467904543,0.0775247855463068,0.0862515249817767
3.519999999999969,0.4812002229298254,-0.3294382201538453,0.39633585216582246,0.15524997888197484,0.09462602672949363,0.06475000009231735,ok,-0.7882177003444454,-1.3641301098819891,1.4307014549074626,-1.6332789606810947,-1.5734975018862893,-0.7871781012155091,-0.08647033814672263,0.015668394655643007,-0.011032253859857578,-0.005763538286186178,0.0006902179162855165,-0.08685335636035095,0.07799663608921113,0.08629518833393628
3.5299999999999687,0.48096129793147274,-0.3298998483933323,0.3963050995716936,0.15458201687553527,0.09463511475576417,0.08199999865610152,ok,-0.7890824037259127,-1.3639734259354328,1.430591132368864,-1.6333365960639565,-1.5734905997071265,-0.7880466347791126,-0.08607202476444452,0.015476267465244322,-0.010883983876033851,-0.0057181837373154985,0.0006908877323295627,-0.08645434016611711,0.07848035362490939,0.08633873334354213
3.5399999999999685,0.4807226932182126,-0.3303588320670681,0.396274674873186,0.15391667645990106,0.09464409060824001,0.047166999138426036,ok,-0.7899431239735571,-1.3638186632607803,1.4304822925301037,-1.6333937779013297,-1.573483690829803,-0.7889111781807738,-0.08567565029961874,0.015285175286106928,-0.010736475543853903,-0.0056730815615532205,0.0006915264260950097,-0.08605725570116635,0.0789758356743266,0.08638215995595878
3.5499999999999683,0.4804844124396123,-0.33081518458294773,0.39624457644586,0.15325394960745126,0.09465295495821598,0.043999998524668626,ok,-0.7907998804765534,-1.3636658115079192,1.4303749277746651,-1.6334505087169453,-1.573476775565542,-0.7897717507377855,-0.08528120428951977,0.015095116582133371,-0.010589728556192763,-0.00562823091127849,0.0006921343409558864,-0.0856620926326455,0.07948295731907838,0.08642608995424804
3.559999999999968,0.4802464591916023,-0.3312689192953242,0.3962148026645838,0.15259382829078874,0.09466170847457533,0.04791699939232785,ok,-0.7916526925194486,-1.363514860342098,1.4302690304891033,-1.6335067910260581,-1.5734698542221326,-0.7906283716641119,-0.08488867633483749,0.014906089761947364,-0.01044374254551554,-0.005583630939483267,0.0006927118175861583,-0.08526884068965963,0.08000164362487218,0.08647702299579256
3.569999999999968,0.48000883701696123,-0.3317200495050203,0.3961853519036457,0.15193630448309528,0.09467035182377645,0.20991599922126625,ok,-0.792501579282797,-1.3633657994444783,1.4301645930636482,-1.6335626273354529,-1.5734629271039566,-0.7914810600710085,-0.08449805609929116,0.014718093180116201,-0.010298517085164355,-0.005539280799740042,0.0006932591939717447,-0.08487748966289661,0.08053175597111732,0.08653936839836214
3.5799999999999677,0.47977154940579947,-0.33216858845934444,0.3961562225368639,0.15128137015848198,0.0946788856698388,0.10416700024507008,ok,-0.7933465598437899,-1.3632186185126771,1.4300616078927966,-1.6336180201434503,-1.573455994512017,-0.7923298349676374,-0.08410933330924887,0.014531125138348195,-0.010154051690626815,-0.005495179646175814,0.0006937768054211968,-0.08448802940426346,0.0810731959215338,0.08661511973644238
3.5899999999999674,0.47953459979603863,-0.3326145493521107,0.3961274129376957,0.1506290172923344,0.09468731067433013,0.09254100041289348,ok,-0.7941876531768823,-1.3630733072612937,1.4299600673758903,-1.6336729719399121,-1.5734490567439627,-0.79317471526168,-0.08372249775334487,0.01434518388667338,-0.01001034582077976,-0.005451326633446279,0.0006942649845768265,-0.08410044982651525,0.08162586426849212,0.08670427533294674
3.5999999999999672,0.4792979915738898,-0.3330579453236617,0.39609892147934544,0.14997923786165313,0.09469562749635425,0.07375000132014975,ok,-0.7950248781544158,-1.362929855422427,1.4298599639176826,-1.6337274852062467,-1.573442114094117,-0.7940157197599452,-0.08333753928209978,0.014160267624606265,-0.009867398879120732,-0.005407720916706211,0.0006947240614260158,-0.08371474090288918,0.0821896393272089,0.08680684038826018
3.609999999999967,0.4790617280743277,-0.33349878946089623,0.396070746534871,0.14933202384538768,0.0947038367925386,0.06966700129851233,ok,-0.7958582535472368,-1.362788252746181,1.4297612899288914,-1.6337815624154137,-1.5734351668535027,-0.7948528671689741,-0.08295444780754076,0.013976374502283628,-0.009725210214964114,-0.005364361651590078,0.0006951543633115972,-0.08333089266673892,0.08276442004244193,0.08692281244205345
3.619999999999967,0.4788258125815632,-0.3339370947972998,0.396042886477289,0.14868736722476877,0.09471193921702419,0.04599999920174014,ok,-0.7966877980253122,-1.362648489001158,1.4296640378267418,-1.6338352060319297,-1.5734282153098695,-0.7956861760956415,-0.0825732133028248,0.013793502621590301,-0.009583779124634699,-0.005321247994183272,0.0006955562149467058,-0.08294889521116999,0.08335007158340858,0.08705218504039551
3.6299999999999666,0.478590248329513,-0.3343728743129794,0.3960153396796801,0.14804525998363144,0.09471993542145424,0.04325000008975621,ok,-0.7975135301583405,-1.3625105539749423,1.4295682000354955,-1.6338884185118714,-1.5734212597477202,-0.7965156650477532,-0.08219382580185995,0.01361165003726371,-0.009443104852627324,-0.005278379101007075,0.0006959299384229451,-0.08256873868867518,0.08394650239509847,0.08719494775771365
3.6399999999999664,0.4783550385022654,-0.33480614093470046,0.39598810451529054,0.1474056941087379,0.09472782605496431,0.04350000017439015,ok,-0.798335468416359,-1.3623744374745697,1.4294737689869692,-1.6339412023028814,-1.5734143004483359,-0.7973413524346399,-0.08181627539893133,0.013430814757978901,-0.009303186592759135,-0.005235754128987607,0.0006962758532241347,-0.0821904133107728,0.08455358715839352,0.08735108297345624
3.649999999999966,0.4781201862345451,-0.33523690753592933,0.39596117935763486,0.14676866159009092,0.09473561176417326,0.04320799962442834,ok,-0.7991536311703483,-1.36224012932699,1.4293807371210416,-1.6339935598441713,-1.5734073376898037,-0.7981632565677476,-0.08144055224832492,0.013250994747416407,-0.009164023489287772,-0.005193372235443858,0.0006965942762381278,-0.08181390934764425,0.08517119961946885,0.08752057896813174
3.659999999999966,0.4778856946121738,-0.33566518693687697,0.39593456258059656,0.14613415442124694,0.09474329319317402,0.04320900006860029,ok,-0.7999680366928316,-1.3621076193795156,1.4292890968861487,-1.6340454935665256,-1.5734003717470413,-0.798981395661224,-0.08106664656395583,0.01307218792531554,-0.00902561463802696,-0.0051512325780678865,0.0006968855217690905,-0.08143921712777431,0.08579924719468886,0.087703410279715
3.6699999999999657,0.47765156667252884,-0.33609099190454716,0.3959082525585277,0.14550216459962062,0.09475087098352525,0.04325000008975621,ok,-0.8007787031584711,-1.3619768975002624,1.4291988407397684,-1.6340970058923063,-1.5733934028918235,-0.7997957878325017,-0.08069454861899684,0.012894392168503981,-0.008887959087430604,-0.005109334314901288,0.000697149901548531,-0.08106632703759317,0.08643760294438634,0.08789955092751399
3.6799999999999655,0.4774178054049985,-0.3365143351527873,0.3958822476663464,0.14487268412678833,0.09475834577424354,0.19025000074179843,ok,-0.8015856486446611,-1.3618479535785775,1.4291099611488942,-1.6341480992354553,-1.573386431392808,-0.8006064511028776,-0.08032424874550635,0.01271760531191756,-0.008751055839668934,-0.005067676604321834,0.0006973877247492672,-0.08069522952111638,0.08708615098436619,0.08810896813881323
3.6899999999999653,0.47718441375143494,-0.33693522934234327,0.39585654627963496,0.14424570500878375,0.09476571820179595,0.19879100000252947,ok,-0.8023888911321162,-1.3617207775254583,1.4290224505904976,-1.6341987760014987,-1.5733794575155606,-0.8014134033980889,-0.07995573733406007,0.012541825149595572,-0.008614903851674936,-0.005026258605028317,0.0006975992979981091,-0.08032591507958947,0.08774476349494197,0.08833145407094962
3.699999999999965,0.47695139460660446,-0.3373536870809162,0.3958311467747348,0.14362121925639162,0.09477298890009364,0.10574999942036811,ok,-0.8031884485054568,-1.3615953592739622,1.428936301551981,-1.634249038587549,-1.5733724815225807,-0.8022166625488848,-0.07958900483338466,0.01236704943566643,-0.008479502036183657,-0.004985079476023459,0.0006977849253865209,-0.07995837427113364,0.08841334782278916,0.08856062362912169
3.709999999999965,0.4767187508186339,-0.3377697209232232,0.3958060475288421,0.14299921888543474,0.094780158500485,0.08437500036961865,ok,-0.8039843385537906,-1.3614716887796057,1.4288515065316192,-1.6342988893823092,-1.5733655036733267,-0.8030162462915962,-0.07922404174998951,0.012193275885310568,-0.008344849262747506,-0.0049441383766009855,0.0006979449084834883,-0.07959259771039061,0.08909177617933554,0.08879328708076133
3.7199999999999647,0.4764864851894555,-0.3381833433710606,0.3957812469201006,0.14237969591705865,0.09478722763174982,0.08433299990429077,ok,-0.8047765789712905,-1.3613497560207526,1.4287680580389917,-1.634348330766075,-1.5733585242242418,-0.8038121722687,-0.07886083864780347,0.012020502175712452,-0.008210944358736066,-0.004903434466331334,0.0006980795463526217,-0.0792285760681708,0.0897799205089529,0.089029077255853
3.7299999999999645,0.47625460047524854,-0.33859456687336975,0.3957567433276945,0.14176264237801042,0.09479419692009367,0.07012499918346293,ok,-0.8055651873577685,-1.3612295509989956,1.4286859485954042,-1.6343973651107384,-1.5733515434287784,-0.8046044580293817,-0.07849938614781116,0.01184872594699424,-0.008077786110319863,-0.004862966905052133,0.0006981891355585792,-0.07886630007110199,0.09047768896958504,0.08926539667557316
3.7399999999999642,0.47602309938687715,-0.33900340382630706,0.3957325351319391,0.14114805030091335,0.09480106698914369,0.0657500004308531,ok,-0.8063501812192466,-1.3611110637395256,1.428605170734301,-1.634445994779789,-1.5733445615374229,-0.8053931210300928,-0.07813967492769147,0.01167794480313196,-0.007945373263437073,-0.004822734852850776,0.0006982739701838108,-0.07850576050128018,0.09118494178985402,0.08950167106005129
3.749999999999964,0.4757919845903278,-0.339409866573315,0.39570862071437185,0.1405359117245383,0.09480783845994323,0.23041600070428103,ok,-0.8071315779685235,-1.3609942842914944,1.4285257170016668,-1.6344942221283174,-1.573337578797721,-0.8061781786351055,-0.07778169572145746,0.011508156312859036,-0.007813704524737923,-0.004782737470063579,0.0006983343418425843,-0.07814694819592066,0.09058313147803061,0.08973789957384613
3.759999999999964,0.47556125870714,-0.3398139674051968,0.3956849984578401,0.1399262186940693,0.09481451195094785,0.16929199955484364,ok,-0.8079093949257381,-1.3608792027283658,1.4284475799564194,-1.634542049503018,-1.5733305954543026,-0.8069596481170648,-0.07742543931909691,0.011339358010555235,-0.007682778562524361,-0.004742973917258105,0.0006983705396896546,-0.0777898540470115,0.08978672536813063,0.08997408526314195
3.7699999999999636,0.4753309243148385,-0.3402157185601941,0.39566166674658965,0.13931896326136586,0.09482108807802198,0.08870800047589,ok,-0.8086836493189291,-1.3607658091482602,1.428370752170794,-1.6345894792421907,-1.5733236117489058,-0.8077375466575349,-0.07707089656621754,0.011171547397114205,-0.007552594007661032,-0.004703443355226513,0.0006983828504386766,-0.07743446900096929,0.08899089944320306,0.09021022359398105
3.7799999999999634,0.4751009839473593,-0.3406151322240665,0.39563862396635113,0.1387141374852216,0.09482756745443488,0.0803339989943197,ok,-0.8094543582845913,-1.360654093674289,1.4282952262307174,-1.634636513675743,-1.5733166279204014,-0.8085118913475446,-0.0767180583636889,0.011004721940807856,-0.007423149454480608,-0.004664144944982298,0.0006983715583723112,-0.07708078405829362,0.08819564969729117,0.09044631372796035
3.789999999999963,0.4748714400954747,-0.34101222053017366,0.39561586850442515,0.13811173343161767,0.09483395069085838,0.07845799882488791,ok,-0.8102215388682282,-1.360544046454881,1.4282209947361726,-1.6346831551251928,-1.5733096442048176,-0.8092826991881276,-0.07636691566729152,0.010838879078121475,-0.007294443461664932,-0.004625077847747159,0.0006983369453555752,-0.07672879027322718,0.08740098530670919,0.09068235898843795
3.799999999999963,0.47464229520721457,-0.3414069955595612,0.3955933987497669,0.13751174317397205,0.09484023839536435,0.08829199941828847,ok,-0.8109852080249011,-1.3604356576641,1.428148050301556,-1.6347294059036703,-1.573302660835364,-0.8100499870908598,-0.07601745948736176,0.010674016214588125,-0.007166474553118903,-0.004586241224949107,0.0006982792908495946,-0.07637847875341224,0.08660688919104169,0.09091835455854215
3.8099999999999627,0.4744135516882854,-0.341799469341047,0.3955712130930695,0.13691415879338673,0.09484643117342162,0.1392499998473795,ok,-0.8117453826197748,-1.360328917501954,1.4280763855560248,-1.6347752683159198,-1.5732956780424554,-0.810813771878394,-0.07566968088844438,0.010510130725599174,-0.007039241218820672,-0.004547634238215728,0.0006981988719275219,-0.07602984065955459,0.08581337064584037,0.09115431969486702
3.8199999999999625,0.4741852119024856,-0.342189653851311,0.39554930992684595,0.13631897237888752,0.09485252962789513,0.061209000705275685,ok,-0.8125020794286593,-1.360223816194698,1.4280059931438365,-1.6348207446583018,-1.5732886960537362,-0.8115740702849895,-0.07532357098894132,0.010347219957205837,-0.006912741915664048,-0.0045092560493709645,0.0006980959632838221,-0.07568286720508338,0.0850204124361504,0.0913922604257671
3.8299999999999623,0.47395727817211897,-0.34257756101498826,0.3955276876455094,0.13572617602766404,0.09485853435904427,0.19641600010800175,ok,-0.8132553151385487,-1.360120343995126,1.4279368657246798,-1.6348658372187956,-1.5732817150941034,-0.8123308989570404,-0.07497912096076652,0.010185281226907466,-0.006786975068286041,-0.004471105820427668,0.0006979708372504866,-0.07533754965581722,0.0842280239787236,0.09163355274064545
3.839999999999962,0.4737297527784045,-0.34296320270476216,0.3955063446454537,0.1351357618453024,0.09486444596452145,0.0964579994615633,ok,-0.8140051063481564,-1.3600184911828568,1.427868995973997,-1.6349105482769999,-1.5732747353857308,-0.8130842744535985,-0.07463632202899949,0.010024311824420281,-0.006661939069868756,-0.004433182713591978,0.0006978237638107628,-0.07499387932962913,0.08343618788411587,0.09187815014756116
3.849999999999962,0.4735026379618844,-0.34334659074146123,0.395485279325132,0.1345477219460159,0.09487026503937132,0.08108300062303897,ok,-0.8147514695684464,-1.3599182480646126,1.4278023765832983,-1.6349548801041358,-1.5732677571480926,-0.8138342132468949,-0.0742951654715419,0.00986430901244096,-0.006537632282944314,-0.004395485891254282,0.000697655010610172,-0.07465184759611307,0.08264491369219838,0.0921260158796773
3.8599999999999617,0.47327593592282763,-0.3437277368941585,0.3954644900851345,0.13396204845287074,0.09487599217603042,0.0794160005170852,ok,-0.8154944212231617,-1.3598196049744882,1.4277370002604688,-1.6349988349630484,-1.5732607805979866,-0.8145807317228559,-0.07395564261877563,0.009705270027391577,-0.006414053040171379,-0.004358014515991904,0.0006974648429731651,-0.07431144587625405,0.08185419753705579,0.09237710893517297
3.8699999999999615,0.47304964882163136,-0.34410665288027165,0.3954439753282638,0.133378733498009,0.09488162796432759,0.0791669990576338,ok,-0.8162339776493495,-1.3597225522742142,1.427672859730067,-1.6350424151082084,-1.5732538059495569,-0.8153238461816185,-0.07361774485322307,0.009547192080151652,-0.006291199645105517,-0.004320767750565822,0.0006972535239164637,-0.07397266564209835,0.08106402179789486,0.09263138321256358
3.8799999999999613,0.47282377877922094,-0.34448335036566635,0.39542373345961185,0.13279776922286798,0.0948871729914829,0.07508299859182443,ok,-0.8169701550978817,-1.3596270803534127,1.427609947733616,-1.635085622785714,-1.5732468334143177,-0.8160635728380394,-0.0732814636092084,0.009390072356783553,-0.00616907037295446,-0.004283744757922814,0.0006970213141609544,-0.0736354984164261,0.08027439620311426,0.09288880339195667
3.889999999999961,0.4725983278774444,-0.3448578409647609,0.3954037628866331,0.1322191477783946,0.09489262784210928,0.051125000027241185,ok,-0.8177029697339738,-1.3595331796298449,1.4275482570298863,-1.6351284602332932,-1.5732398632011761,-0.8167999278222037,-0.07294679037252096,0.009233908019234403,-0.006047663471313756,-0.004246944701198718,0.0006967684721465592,-0.07329993577242447,0.07948531686710215,0.09314932940629715
3.899999999999961,0.47237329815946627,-0.34523013624063364,0.39538406201921844,0.13164286132525713,0.09489799309821281,0.04579199958243407,ok,-0.818432437637699,-1.3594408405496525,1.427487780395173,-1.6351709296803052,-1.5732328955164547,-0.8175329271799279,-0.07261371668008006,0.009078696206037904,-0.005926977160903179,-0.004210366743710429,0.0006964952540455263,-0.0729659693333637,0.07869677989834777,0.0934129215067961
3.9099999999999606,0.47214869163015744,-0.34560024770513187,0.3953646292697668,0.13106890203405291,0.09490326933919327,0.04479199924389832,ok,-0.8191585748044998,-1.3593500535875922,1.427428510623564,-1.6352130333477424,-1.5732259305639142,-0.8182625868732615,-0.07228223411960226,0.008924434032992985,-0.005807009636271433,-0.004174010048970692,0.000696201913778248,-0.07263359077227413,0.07790876736775061,0.09367953418569323
3.9199999999999604,0.47192451025648274,-0.34596818681898145,0.39534546305325635,0.13049726208551465,0.09490845714184666,0.19020800027647056,ok,-0.8198813971456959,-1.3592608092472622,1.4273704405272014,-1.6352547734482321,-1.5732189685447764,-0.8189889227809842,-0.07195233432927091,0.008771118593840607,-0.005687759066506697,-0.004137873780681508,0.0006958887030242541,-0.07230279181162683,0.07712130336497565,0.09394914033672246
3.92999999999996,0.4717007559678852,-0.34633396499190156,0.39532656178731496,0.12992793367070757,0.0949135570803662,0.09787499948288314,ok,-0.8206009204889886,-1.359173098061324,1.4273135629365363,-1.635296152186039,-1.5732120096577462,-0.8197119506991005,-0.07162400899740409,0.008618746960920326,-0.005569223595921114,-0.004101957102742629,0.0006955558712370245,-0.07197356422301095,0.07633435584635563,0.09422168886106634
3.93999999999996,0.4714774306566674,-0.3466975935827164,0.3953079238922884,0.12936090899123118,0.09491856972634287,0.0697920004313346,ok,-0.8213171605789626,-1.3590869105917147,1.4272578707005772,-1.6353371717570664,-1.5732050540990339,-0.8204316863413307,-0.07129724986213029,0.008467316185819576,-0.005451401344728864,-0.004066259179250836,0.0006952036656588877,-0.07164589982682013,0.07554793493009083,0.09449714740007058
3.9499999999999598,0.47125453617837154,-0.34705908389947454,0.3952895477913089,0.12879618025940942,0.09492349564877013,0.08675000026414637,ok,-0.822030133077584,-1.3590022374298565,1.4272033566871298,-1.635377834348859,-1.5731981020623773,-0.8211481453395989,-0.07097204871105972,0.008316823300009851,-0.005334290409706798,-0.004030779174512111,0.0006948323313349663,-0.07131979049193335,0.07476203669760335,0.09477547784790512
3.9599999999999596,0.47103207435215383,-0.34741844719956355,0.3952714319103613,0.128233739698484,0.09492833541404391,0.08612499914306682,ok,-0.8227398535646946,-1.3589190691968565,1.4271500137830329,-1.635418142140604,-1.573191153739064,-0.8218613432445182,-0.07171208922542235,0.006628940348943211,-0.0034276172303999326,-0.004289107601830945,0.0007405816268836867,-0.07205764735373918,0.07397665722563088,0.09505664243471577
3.9699999999999593,0.4708020088114294,-0.34777596440611286,0.39525400328171445,0.12766490331700736,0.09493226996283832,0.11624999933701474,ok,-0.8234569744569488,-1.358852779793367,1.4271157376107289,-1.6354610332166224,-1.573183747922795,-0.8225819197180556,-0.09539334617455307,-0.028269699482678073,0.03713035804733825,-0.01088698430393516,0.0017816938446042839,-0.09570942381008979,0.07319514078311222,0.09533948633652321
3.979999999999959,0.470390887221081,-0.3481371780050391,0.3952464942332012,0.1269027337987818,0.09491759610082243,0.08858399996825028,ok,-0.8244109079186943,-1.3591354767881938,1.4274870411912022,-1.6355699030596618,-1.573165930984349,-0.8235390139561565,-0.11662444870801994,-0.059589196640931374,0.07345837507481305,-0.016734535750358024,0.002716891714115159,-0.11691456681681323,0.07249012633317702,0.09559974031555425
3.989999999999959,0.46981736316424294,-0.3485010380269541,0.39524804889142473,0.12596761875402357,0.09488616508743053,0.11125000128231477,ok,-0.8255771524057746,-1.359731368754603,1.4282216249419504,-1.6357372484171653,-1.573138762067208,-0.8247081596243246,-0.13578820918501255,-0.08780490074031133,0.10608526397800151,-0.021897624715609874,0.00356256608617404,-0.13605543724168273,0.0718544915699219,0.09583951024376365
3.9999999999999587,0.4690974586335913,-0.34886673880189617,0.39525793870292597,0.12487695579008568,0.09483953343317499,0.09816700003284495,ok,-0.8269350344976247,-1.3606094177620063,1.4292824775817303,-1.6359562246643213,-1.5731031364063461,-0.8260687139967414,-0.15318324302518008,-0.11329472970164732,0.13543601503840558,-0.026433272384791328,0.004331512384602292,-0.1534302867051077,0.07128221444252557,0.09606076885337105
4.009999999999959,0.46824511864674556,-0.3492336625288577,0.39527553196744725,0.1236457926007848,0.09477902990763261,0.18475000069884118,ok,-0.8284668669278765,-1.3617423650590228,1.4306368377321144,-1.6362205573881692,-1.5730598212825002,-0.8276030168637925,-0.1690445446712937,-0.13636160610880574,0.1618553149939903,-0.03039130037957086,0.00503380678456873,-0.16927381339992484,0.07076815151064607,0.0962645983304093
4.019999999999959,0.46727263464313273,-0.34960133929840437,0.3953002707288226,0.12228731225591223,0.09470580675200063,0.10120800106960814,ok,-0.8301573123745895,-1.363105981120111,1.4322553908820543,-1.6365244703919648,-1.5730094832146546,-0.8292957549977917,-0.18355963943052897,-0.1572520647229135,0.1856274072244243,-0.03381604518817708,0.005677495919080343,-0.18377329743990622,0.07030782245512197,0.09645240329035513
4.0299999999999585,0.4661909616519115,-0.3499694181801307,0.39533165362499906,0.12081319551347477,0.09462087821805126,0.10687499889172614,ok,-0.8319929087688948,-1.3646785017673402,1.4341116649542986,-1.6368626308438465,-1.5729527082554637,-0.8311334879721908,-0.19687922970370467,-0.17616836761029653,0.2069889118264363,-0.03674736309162297,0.006269051187504884,-0.19707923613512557,0.069897278011508,0.09662614299352625
4.039999999999958,0.46500996591426597,-0.35033764585917204,0.39536922268457325,0.1192339022501595,0.09452515062992335,0.06104100066295359,ok,-0.8339617010659318,-1.3664401854434431,1.436181554072563,-1.6372301044747628,-1.5728900177435887,-0.833104280333542,-0.20912515706896753,-0.19327775793751656,0.22613866766304866,-0.03922145028715172,0.006813708927017618,-0.20931329767232276,0.06953299402896736,0.09678761557327566
4.049999999999958,0.46373861985129167,-0.3507058505853399,0.3954125531232594,0.11755889206256953,0.0944194460036976,0.04641600025934167,ok,-0.8360529526366215,-1.3683729630228183,1.4384429407491937,-1.6376223189776342,-1.5728218806543186,-0.8351974133102652,-0.22039549040856915,-0.2087181002207523,0.2432436280543516,-0.04127123820939267,0.007315687427627904,-0.22057340376435142,0.06860085373506271,0.09693848769217493
4.059999999999958,0.4623851641948162,-0.35107393024055394,0.39546124503213603,0.11579680609344706,0.09430452153904179,0.04524999894783832,ok,-0.8382569075407071,-1.370460144025026,1.4408753770297371,-1.638035031359728,-1.5727487237800424,-0.8374031473479087,-0.2307702705134983,-0.22260524208565963,0.25844690710152307,-0.0429272696216919,0.007778433603178319,-0.2309394678703487,0.06705443278391979,0.09708028873528109
4.069999999999958,0.46095722994467037,-0.35144184281755836,0.3955149173504385,0.11395560414483982,0.09418108427992726,0.0441249994764803,ok,-0.8405646102458422,-1.3726861964458825,1.4434598461007524,-1.638464304055945,-1.5726709394440106,-0.8397125420266122,-0.24031526956609495,-0.23503772931045944,0.2718728568558708,-0.044218182823698216,0.00820478422176086,-0.2404771504996629,0.06548877831597001,0.09721441525515358
4.079999999999957,0.45946193437521293,-0.35180959860233463,0.3955732033461476,0.11204267271330873,0.09404980253498095,0.04416699994180817,ok,-0.8429677629415031,-1.3750365737389871,1.4461785746693112,-1.638906485884182,-1.572588891601793,-0.8421173135316088,-0.24908299177711787,-0.2460974133901401,0.2836275008608523,-0.04517054977225653,0.008597007900654263,-0.2492388585982499,0.06390749174381184,0.09734216893011309
4.089999999999957,0.4579059720845686,-0.35217725448056875,0.39563574642640575,0.11006492559815528,0.0939113164726955,0.044041000364813954,ok,-0.8454585928592743,-1.3774975478728886,1.4490148496779198,-1.6393581913819046,-1.5725029215227864,-0.8446097021175913,-0.25711574690292743,-0.25585363790966836,0.29380315347276564,-0.04580942050771638,0.008956937538195655,-0.2572668155031439,0.062314040378137425,0.0974647524476706
4.099999999999957,0.4562956837785854,-0.3525449089689901,0.3957021972237952,0.10802888034225273,0.09376624601086739,0.043541000195546076,ok,-0.8480297503283035,-1.3800560842519853,1.4519528812126474,-1.6398162855869818,-1.5724133521474044,-0.8471823702726228,-0.2644500213568526,-0.26436973132199876,0.3024856674918152,-0.04615925251980967,0.009286159267514776,-0.2645974273197444,0.060711771132373346,0.0975832310619991
4.109999999999957,0.4546370918867008,-0.35291269644310325,0.39577221258648754,0.105940700543894,0.09361519469269251,0.13404099991021212,ok,-0.8506742505418721,-1.3826997815652053,1.4549777378875657,-1.6402778781121798,-1.5723204905547292,-0.8498283445458202,-0.2711128920840115,-0.27169677905797507,0.3097471615194952,-0.04624269516873106,0.009585856201561195,-0.27125770037280794,0.05910279408082589,0.09769862245688658
4.119999999999957,0.45293596612717296,-0.353280784338107,0.3958454529397076,0.10380626660085511,0.0934587568135657,0.27262500043434557,ok,-0.8533853794627122,-1.3854167493557852,1.4580752095027607,-1.6407403050638671,-1.5722246319927136,-0.8525409215495483,-0.2771276839984772,-0.2778823973270744,0.3156559248544731,-0.04608195840440586,0.009857053569267192,-0.27727089259292603,0.057487831619126906,0.09781183192133346
4.129999999999956,0.4511978450489136,-0.35364936832657917,0.3959215821294834,0.1016312021725266,0.09329751933402906,0.22508399888465647,ok,-0.856156656302697,-1.3881955733290559,1.4612317687513054,-1.6412011246479112,-1.572126061457021,-0.8553136304754776,-0.282513288893813,-0.28296934589461786,0.32027469257386276,-0.045698436131759196,0.010100588736451262,-0.28265583309340125,0.055869475055824055,0.0979236846616126
4.139999999999956,0.4494280639558109,-0.35401866841395596,0.39600026694871376,0.09942090636511697,0.093132064344438,0.11574999916774686,ok,-0.8589817891916351,-1.391025266788002,1.464434515677044,-1.6416581090092288,-1.5720250555696564,-0.8581401888064116,-0.2872856891725635,-0.28699771988256106,0.323663013929359,-0.04511294105946555,0.01031717696644087,-0.2874284443294656,0.05425004805978864,0.09803492152483718
4.149999999999956,0.44763177159767426,-0.35438892467537325,0.39608117731326675,0.09718057441682361,0.09296297006403098,0.15345799874921795,ok,-0.8618546460833608,-1.3938952439868277,1.4676711458163376,-1.6421092384198235,-1.571921883799992,-0.8610144732497063,-0.291457534644716,-0.2900040512168213,0.32587612558474627,-0.04434545127654426,0.010507392762859589,-0.29160131927549165,0.05263181092724199,0.0981462253598507
4.159999999999956,0.44581395097093585,-0.35476039366648465,0.3961639862199734,0.09491522199835369,0.09279081219680752,0.11091700071119703,ok,-0.8647692214298079,-1.396795284498996,1.470929907072185,-1.6425526929325889,-1.5718168098723635,-0.8639304864424612,-0.29504084601012587,-0.2920253820783364,0.32696943704314607,-0.04341563044507304,0.010671786755897559,-0.29518642234735815,0.05101688405112355,0.09825819515009286
4.1699999999999555,0.4439794196521672,-0.35513334358923143,0.39624837085121667,0.09262968919427905,0.09261616273038871,0.08870800047589,ok,-0.8677196298899092,-1.3997155383197792,1.4741996014426166,-1.6429868492370396,-1.5717100920048046,-0.8668823506659348,-0.29943019500034657,-0.2911318553510835,0.326386716116125,-0.04368501999310599,0.010870719549073244,-0.2995769732310398,0.0494073066761264,0.09837134747793864
4.179999999999955,0.4421329985912352,-0.3555201246864389,0.3963272985597211,0.09032349282897019,0.09244083794901438,0.06391699935193174,ok,-0.8707139318399127,-1.40262685687329,1.477463468603778,-1.6434236994369706,-1.5716013848093138,-0.8698781203982452,-0.3127945339859242,-0.2749004280392979,0.31996505563499616,-0.0533184072297736,0.011457627015801523,-0.31293452543057576,0.047817038724664085,0.09848736720029182
4.189999999999955,0.44028235887834066,-0.356006914925012,0.39635278936658946,0.08796634192823197,0.09227457619914836,0.12204199992993381,ok,-0.873841877179772,-1.405375861153683,1.4806631191601278,-1.6439568835092684,-1.5714868085391558,-0.8730074656525509,-0.325715739754884,-0.25185586890132144,0.30855173538654984,-0.06464877564113544,0.012026260195980876,-0.3258500551282993,0.04633444417350131,0.09861551276497212
4.199999999999955,0.4384463368954929,-0.3566129569903969,0.39631346993429706,0.0855691528612483,0.09212171539793516,0.09979200149246026,ok,-0.8770990345773209,-1.4078944198426964,1.4837486365139934,-1.6446033712656798,-1.571366545937196,-0.8762659662038339,-0.3381503146543544,-0.221249322520198,0.2916980101198354,-0.07796502426468183,0.012575271627435537,-0.3382800879976641,0.044984814835736534,0.09875960342172678
4.209999999999955,0.4366455253128946,-0.35735994015358097,0.3961965085676584,0.08314361243534436,0.09198712641818227,0.09308299922849983,ok,-0.8804805377238644,-1.4101069130678983,1.4866656166151917,-1.6453830215083267,-1.5712407932209216,-0.8796487670838106,-0.3505619702427777,-0.1793911893138512,0.2665545971171407,-0.09403154168223547,0.013125334398227287,-0.3506879039438508,0.04379654222344327,0.0989237162136861
4.2199999999999545,0.43490807970665196,-0.35828360792214253,0.39598341862646735,0.08070059531551363,0.09187805046436706,0.05758299994340632,ok,-0.8839861574262922,-1.4119008249610367,1.489331162586363,-1.646323336925149,-1.5711095398769392,-0.883155646123249,-0.36342303832007694,-0.12521274701260973,0.22983772691363935,-0.11051367011098849,0.013697785409784571,-0.3635454687583898,0.042815810837806015,0.09911346666029118
4.229999999999954,0.43326303134739597,-0.3594260931643058,0.39566370780067084,0.07823750600863795,0.09180241244214442,0.04875000013271347,ok,-0.8876203878094929,-1.4131529524311628,1.4916295398554993,-1.647428473626259,-1.5709725620228414,-0.8867911008108329,-0.3707187521372542,-0.12722362106350843,0.22943524549627373,-0.10796448000314955,0.014033161541719174,-0.3708431243790979,0.04209019481370768,0.09933249021943204
4.239999999999954,0.4315840979537858,-0.3605861904277699,0.3953540135319987,0.07571232465628636,0.09172485871776151,0.04624999928637408,ok,-0.8913275753308655,-1.4144251886417978,1.493923892310462,-1.6485081184262904,-1.5708322304074243,-0.8904995320546238,-0.3774759115177752,-0.1337665707023291,0.2315523969263269,-0.10345420245862247,0.014344677065171767,-0.37760323201759266,0.04138827716031218,0.09954849880713569
4.249999999999954,0.4298616017274492,-0.36174686844521275,0.3950651931081286,0.07312149964361805,0.09164251096319047,0.045917000534245744,ok,-0.8951023344460433,-1.415762854348821,1.4962394162797255,-1.6495426604508767,-1.5706887836367724,-0.8942755643747998,-0.3841711693412019,-0.14036578927808763,0.23310384418230007,-0.09829786422699713,0.014652499284062662,-0.38430206436421827,0.04069184471886976,0.09975858081326484
4.259999999999954,0.42809578701753326,-0.36290730640740093,0.39479957796387766,0.07046374325978311,0.09155531622386633,0.04504200114752166,ok,-0.8989440461394552,-1.417166512241602,1.4985704547215484,-1.6505256390931466,-1.5705422586439317,-0.898118585018442,-0.3907905079456952,-0.14699646321599733,0.2340380737711758,-0.09246711105489175,0.014955860947619115,-0.39092563497830823,0.04000120305165562,0.09996211710476006
4.269999999999953,0.426287031592608,-0.3640667094995401,0.3945595789175313,0.06773779913760901,0.09146324300387373,0.04537499989964999,ok,-0.9028519512189122,-1.4186364768737618,1.5009108354592602,-1.6514503102036955,-1.5703927000344555,-0.9020278413682251,-0.39731823525711374,-0.15363038981954036,0.23430092970585842,-0.08593429152233478,0.015253914016838432,-0.3974582839310209,0.03931672694890004,0.100158484583503
4.279999999999953,0.4244358600693074,-0.36522431534779076,0.39434768175287194,0.06494245408721475,0.09136628395936755,0.1344579995929962,ok,-0.9068251335714833,-1.4201727807719573,1.5032538447563188,-1.6523096531189188,-1.570240160894287,-0.9060024242075353,-0.40373663792966263,-0.16023561647639314,0.2338358370460914,-0.07867305850154412,0.01554571539781803,-0.4038823308465643,0.038638892513698384,0.10034697154635976
4.289999999999953,0.4225429590222809,-0.3663794004026114,0.3941664405741834,0.06207655391593158,0.0912644587847732,0.11929100037377793,ok,-0.91086249995078,-1.4217751369367213,1.5055922031267797,-1.6530963837039343,-1.570084703740309,-0.9100412475160009,-0.41002619497792697,-0.16677640733353494,0.23258402219798424,-0.07065863150251629,0.015830237272799093,-0.41017828797424594,0.03796825179265294,0.1005268001260219
4.299999999999953,0.4206091909203846,-0.3675312876529909,0.3940184704642629,0.0591390174630147,0.09115781706030145,0.04883299880020786,ok,-0.9149627619005593,-1.4234429010100567,1.5079180433487596,-1.6538029700189594,-1.5699264013675809,-0.9141430303957434,-0.41616552947821805,-0.1732130861719277,0.2304847800937161,-0.06186823514423643,0.016106366375836418,-0.4163248114845654,0.03730543430423508,0.10069715068250502
4.3099999999999525,0.4186356080861932,-0.36867935491940507,0.39390643873154274,0.05612885150062268,0.09104644111951199,0.04570900091493968,ok,-0.9191244171953414,-1.425175031871776,1.5102228911496967,-1.6544216523704018,-1.5697653377038225,-0.9183062785105891,-0.4221309224775063,-0.1795016410154889,0.22747605207005098,-0.05228210537944718,0.01637288468311706,-0.4222982151423904,0.036651197458860904,0.10085711497742457
4.319999999999952,0.41662346875621675,-0.36982304258220866,0.3938330525018696,0.05304934056546851,0.09093044906660595,0.04433399953995831,ok,-0.9233457264201165,-1.4269700482819307,1.5124976516703972,-1.6549444734241963,-1.5696016088569913,-0.922529260662013,-0.42789694207803264,-0.18559251759535395,0.22349330370337683,-0.04188353726077784,0.01662849772258914,-0.42807308062768856,0.03600638378493243,0.10100573553373297
4.329999999999952,0.41457425331316095,-0.3709618683509812,0.393801045614238,0.04989713615676625,0.09080999844586533,0.04387500121083576,ok,-0.9276246958408968,-1.4288259734578843,1.5147325847074309,-1.655363308796804,-1.5694353238797654,-0.9268099914682899,-0.4334354419071661,-0.1914339537603752,0.21847418539606328,-0.03066037410758445,0.01687179663920467,-0.4336213020441729,0.0353719636899866,0.10114195751127174
4.339999999999952,0.41248967499203426,-0.37209542684283936,0.39381316293139496,0.046670066375492675,0.09068528759496057,0.15470800099137705,ok,-0.9319590502599685,-1.430740312995488,1.5169173265613916,-1.65566991253788,-1.5692666059133733,-0.9311462044887316,-0.4387161597668071,-0.19696955111921616,0.21235658081816372,-0.01860542605331218,0.01710128545949662,-0.4389126510829539,0.034749020039289605,0.1012646847276784
4.349999999999952,0.41037169397733375,-0.37322339998179044,0.3938721416237766,0.04336768700914265,0.09055655836491086,0.15608399917255156,ok,-0.9363462118576366,-1.4327100085066802,1.5190408923695733,-1.6558559667984132,-1.5690955930587784,-0.9355353309995612,-0.44370679601259144,-0.20213824002754735,0.20507929324941016,-0.005717220047287037,0.017315387870160053,-0.4439148518823053,0.034138749044815356,0.10137273192740658
4.3599999999999515,0.40822253061641733,-0.3743455680667611,0.3939806900649715,0.03998975118646934,0.09042409865133544,0.07408300007227808,ok,-0.9407832798177624,-1.4347313909069557,1.5210916853020673,-1.6559131389988861,-1.568922439180077,-0.9399744795183843,-0.448372782750812,-0.20687489672923515,0.1965839287603876,0.00799866212071785,0.01751244184705058,-0.44859335592398586,0.03354248875490769,0.10146483684844014
4.369999999999951,0.40604467722519216,-0.3754618179064499,0.3941414626132147,0.03653623859115088,0.09028824427802745,0.04708300002675969,ok,-0.9452670076452706,-1.436800139874248,1.5230575245896711,-1.655833152377679,-1.5687473147616064,-0.9444604130776242,-0.45267769609003766,-0.2111109126167665,0.18681583935679794,0.02252918100661781,0.017690722221522875,-0.452911753056298,0.03296168153334672,0.10153969080946824
4.379999999999951,0.40384090648643306,-0.3765721509779816,0.3943570336373651,0.03300738193744968,0.09014938024396421,0.044583000999409705,ok,-0.949793784606171,-1.4389112490004157,1.5249256829832392,-1.6556078605676128,-1.5685704075393911,-0.9489895306081871,-0.4565831329093358,-0.2147745310569634,0.17572598502007428,0.037852241928796,0.01784844060648181,-0.456831647141908,0.03239791324039333,0.10159589107832608
4.389999999999951,0.4016142789016729,-0.3776766898947981,0.39462986612727435,0.029403699499465967,0.09000794145529821,0.0441249994764803,ok,-0.9543596159352644,-1.4410589943109853,1.5266829428334399,-1.6552293381483247,-1.5683919231333263,-0.9535578470796062,-0.4600491621793345,-0.21779170512827614,0.16327231051074584,0.053936133650312544,0.017983770627711664,-0.4603131059958477,0.03185288281535835,0.10163269300342424
4.399999999999951,0.3993681461981931,-0.3787756839491981,0.39496227899792496,0.027038229204904674,0.08986441260063238,0.20312500055297278,ok,-0.9589601075570577,-1.443236911362268,1.5283156659385473,-1.6546899768118215,-1.5682120854270492,-0.9581609781395647,-0.4631105823006045,-0.2196521106871949,0.14890787346029222,0.0708330073469938,0.01809758653808362,-0.4633848589790201,0.031328417412819,0.10164934826292298
4.40999999999995,0.39710691835829576,-0.37987132991902595,0.39535647355831827,0.02780758254154866,0.08971961800647989,0.1400420005666092,ok,-0.9635912133800638,-1.44543343246914,1.5298047446731502,-1.6539816467383515,-1.5680311095616684,-0.9627948267293549,-0.46581448890118565,-0.21963790446468123,0.13184903335705794,0.08863033971701516,0.01819097017335085,-0.46608512966039856,0.030828028737098598,0.1016444703034498
4.41999999999995,0.39483647047957404,-0.3809685685921608,0.3958145582673938,0.028519866702956507,0.0895748620978138,0.07525000000896398,ok,-0.9682493582690757,-1.447629811513787,1.5311232350067208,-1.6530953433411812,-1.5678491998599349,-0.9674556780259589,-0.46789920264056256,-0.21870983851965148,0.11334421188775182,0.10699995654143854,0.018253964879135602,-0.4681670142828347,0.03035748824070157,0.1016165771433236
4.42999999999995,0.392561229670967,-0.38206800511010697,0.3963381208975838,0.029168468468596054,0.08943080197059938,0.07154200102377217,ok,-0.9729283502954813,-1.4498169098989835,1.5322566771255983,-1.6520253437757668,-1.5676666602111435,-0.9721373481687873,-0.46932418759850447,-0.21680116334211053,0.09341851159526851,0.12584751513493367,0.018284923055582828,-0.4695900504475107,0.02991862413540103,0.10156433966306981
4.43999999999995,0.39028586463208614,-0.3831703605169669,0.3969283958265673,0.02974677946341771,0.08928812805741695,0.06887499876029324,ok,-0.9776215921714664,-1.4519849215324045,1.533190862241551,-1.6507668686244175,-1.5674838109805878,-0.9768332486732624,-0.4700511182108783,-0.21385175711989005,0.07211612755753291,0.14506553889127977,0.01828235661160105,-0.4703159794832017,0.029513287510895686,0.1014864477436689
4.4499999999999496,0.38801525645832247,-0.38427646052710696,0.39758622159596424,0.030248279407400984,0.0891475566733138,0.0697089999448508,ok,-0.9823221033535752,-1.4541234391036035,1.5339120235171264,-1.6493162132355046,-1.5673009874144717,-0.9815364084680944,-0.4700449099672398,-0.2098103276911632,0.04950166649452128,0.1645342870058739,0.018244984983189924,-0.470309774825593,0.029143313032308382,0.10138171379601853
4.459999999999949,0.3857544620758186,-0.38538722044805135,0.3983120019792072,0.030666626875540687,0.08900982116327437,0.06687499990221113,ok,-0.9870225524532475,-1.4562215423805152,1.5344070401820715,-1.647670870365446,-1.5671185375646397,-0.9862395062163504,-0.4717416184954272,-0.2113420096955128,0.04498587772734691,0.17084835712063154,0.018277626117920418,-0.4720043545111869,0.028798001203488494,0.10124896270455762
4.469999999999949,0.3834819389352313,-0.38648662503950665,0.3990601357722843,0.031084830532397616,0.08887093317606723,0.08125000022118911,ok,-0.9917399686382018,-1.4583349624774702,1.534856898959345,-1.6459623867942397,-1.5669357613034605,-0.9909595497614623,-0.47355735513839,-0.213208161539969,0.041663472346288796,0.17626141626837424,0.018313553434682037,-0.47381785275465615,0.02845696813225311,0.10110200025642062
4.479999999999949,0.3811963649057916,-0.38757350296245946,0.39982742555974915,0.03150856480306837,0.08873063935754706,0.1685839997662697,ok,-0.9964755421895857,-1.46046704409287,1.5352735336828078,-1.644199772631556,-1.5667526257691136,-0.9956977282890088,-0.4753399507744475,-0.2149827948014516,0.03822435516916233,0.18170245978796365,0.018346342347471314,-0.47559828018775524,0.02811994684870958,0.10094154842061272
4.489999999999949,0.37889812651398497,-0.38864779360246754,0.4006138803641576,0.03320289229437295,0.08858898822880854,0.10012500024458859,ok,-1.0012289416973301,-1.4626168720408845,1.5356557772344994,-1.6423827480336763,-1.5665691623456388,-1.0004537110908864,-0.4753349096293453,-0.21149747982034628,0.02070151775696775,0.196437672675531,0.018300505978328874,-0.4755876816740857,0.02779270570280168,0.10076738650059812
4.4999999999999485,0.3766071911111879,-0.3897230632628466,0.4014511699218152,0.03527065656557885,0.08844964486108985,0.11241699940001126,ok,-1.0059822907936236,-1.464731846839088,1.5358627924120691,-1.6404183713069211,-1.5663861572858555,-1.0052095879076273,-0.4733826554661844,-0.20370866997073475,-0.0069411332944869075,0.2173130282232014,0.018169424725424908,-0.4736305118983509,0.02750391514968467,0.1005683014087393
4.509999999999948,0.37434117916052556,-0.3908084603153019,0.4023599621966014,0.037375683339522126,0.08831555219465836,0.14929200006008614,ok,-1.0107161173482855,-1.4667689335387952,1.5357933810791242,-1.638245241024689,-1.5662044630386012,-1.0099458930266108,-0.4705468810164087,-0.19457453449810028,-0.03564531842841684,0.23791877872460265,0.017998402512132174,-0.47079052817589007,0.027259884242077773,0.10033628090989298
4.519999999999948,0.3721059347481679,-0.3919054875272906,0.4033387819817955,0.03950913836983386,0.08818753361330212,0.09245900037058163,ok,-1.0154215861584495,-1.4687146788837762,1.53543692789484,-1.635866053237443,-1.5660244790134799,-1.0146537983083697,-0.4668175394033164,-0.18411126387855198,-0.06522253304380843,0.25807486762206616,0.017787606964566115,-0.46705775171487557,0.027062209878598975,0.1000706452661816
4.529999999999948,0.3699072253441334,-0.39301561461476775,0.4043855287112001,0.04166167488824415,0.08806637163284302,0.048042000344139524,ok,-1.0200897615524827,-1.4705557915225618,1.534784702564402,-1.6332853045612223,-1.5658466029438343,-1.0193243758255184,-0.46219532389158735,-0.17235844113792975,-0.09546097363165441,0.2776008243675538,0.01753772363721444,-0.4624329327299438,0.026912204104549295,0.09977105980425073
4.539999999999948,0.3677506595213579,-0.3941402369863847,0.40549747975734907,0.043823560817492904,0.08795279197313677,0.04437500138010364,ok,-1.0247117147913984,-1.472279375933941,1.5338300928280855,-1.6305092963175467,-1.565671225707462,-1.0239487051528178,-0.4566925835898286,-0.15937974943427127,-0.12612932208313035,0.2963204315206051,0.01724997984574176,-0.45692846369470475,0.026810841360335305,0.09943748460873335
4.549999999999947,0.36564160277872,-0.39528063424785265,0.40667130981632194,0.045984823990980014,0.08784744828014734,0.043791000280180015,ok,-1.0292786406272967,-1.4738731734282837,1.5325687996072541,-1.6275460920023406,-1.5654987259090047,-1.0285179897897647,-0.45033376803943853,-0.14526261363391518,-0.15698215558393253,0.3140669969766183,0.016926145392553396,-0.4505688220132238,0.026758700589903373,0.09907015727269756
4.559999999999947,0.3635850952253334,-0.39643793038747277,0.40790312846263077,0.048135411759868345,0.0877509082601029,0.043792000724351965,ok,-1.0337819783076911,-1.475325799564623,1.5309989780514148,-1.6244054220325743,-1.5653294644550793,-1.033023678009897,-0.4431390377391417,-0.13659110296210164,-0.17857063868058834,0.3276663593798771,0.016568189210792,-0.44337254358038775,0.02675293470160986,0.09866971870404266
4.569999999999947,0.3615717713824768,-0.39758912974003874,0.4091807463471653,0.05029544766666003,0.08765932173159482,0.15299999904527795,ok,-1.0382133686850825,-1.4766917105942439,1.529213271664609,-1.6211287584387755,-1.5651637825629714,-1.0374574034457007,-0.4357061687265776,-0.13479884134866346,-0.18950142821644975,0.337124405028662,0.016201602800203312,-0.43593669113310085,0.02675676483160029,0.09824073665134923
4.579999999999947,0.35958734620816585,-0.3987081284152643,0.41049257615709045,0.052493664148113926,0.08756794878918099,0.09099999988393392,ok,-1.0425704303723482,-1.4780396990077305,1.5273182573824444,-1.6177575143884888,-1.5650017665349694,-1.0418167703570318,-0.4282693988154091,-0.13288123675625127,-0.20020508877660884,0.346213681304511,0.0158361528347257,-0.42849709837984923,0.026748268891817834,0.09778769038673009
4.589999999999947,0.35763214072701716,-0.39979549797893815,0.4118372384354853,0.054727767873967915,0.0874767663642936,0.06929200026206672,ok,-1.0468531243605024,-1.479368511375293,1.5253162064946784,-1.6142953775754436,-1.564843405006622,-1.0461017413408302,-0.42081586831658135,-0.12829673348925924,-0.21430897575528782,0.3561387091589874,0.015471308616111372,-0.4210416262108207,0.026727709884424897,0.09731046001082015
4.599999999999946,0.35571190551152215,-0.40086117650203124,0.41321652425177346,0.0586327729517285,0.08738742199442612,0.06816600034653675,ok,-1.051061283043668,-1.4806514787101857,1.5231731167371254,-1.6107339904838538,-1.5646886919204608,-1.0503121576029384,-0.41282052094067373,-0.11063842091686246,-0.2459303588421802,0.37105499515364954,0.015084298512736247,-0.4130415469224653,0.026720917818094714,0.09680753908064964
4.609999999999946,0.3538561176686991,-0.40195179960652616,0.4146424722075941,0.06301029334426635,0.0873083379624757,0.06629100062127691,ok,-1.0551894882530748,-1.4817578629193542,1.5207138131487037,-1.6070234405323174,-1.5645378489353334,-1.054442573072163,-0.404125695428904,-0.09205977754281347,-0.27707274490257955,0.38452920585932604,0.014670408925735321,-0.4043411791835205,0.026766114962910925,0.09627264584160784
4.619999999999946,0.3520686605995339,-0.4030685572423084,0.4161095471604482,0.06738575257514387,0.08723985558707961,0.06683299943688326,ok,-1.059230745207364,-1.4826784606947823,1.5179430856996778,-1.6031781484737242,-1.564391144846076,-1.058485984863998,-0.3947996250843703,-0.07289516103438143,-0.3072899029800165,0.39643781646519416,0.01423345970219104,-0.395010694954093,0.02686234063947171,0.09570674353971075
4.629999999999946,0.3503524862633732,-0.4042117300427706,0.4176118761146098,0.07175060673554715,0.08718208728490977,0.07212500167952385,ok,-1.0631787414582077,-1.4834074123051262,1.5148701866698777,-1.5992137703090723,-1.5642488102490542,-1.062436091813539,-0.3849248867103977,-0.053327661313034035,-0.3363496289603124,0.40672569997851943,0.013777455413343576,-0.38513264363767574,0.027007743978004192,0.09511140207420675
4.6399999999999455,0.34870989801537683,-0.40538129009275387,0.4191434219760384,0.07609650403681209,0.08713502327942108,0.05037499977333937,ok,-1.0670279903253117,-1.4839406889182565,1.5115066903802745,-1.595146513309287,-1.5641110356949208,-1.0662874182499158,-0.3745892938011221,-0.03354227327277065,-0.3640476304183626,0.4153687708683883,0.01330652131360832,-0.3747947942520132,0.0272000025137826,0.09448954497970989
4.649999999999945,0.34714254141237993,-0.40657690406469854,0.42069809420154325,0.08041540675497433,0.08709853667809352,0.04487500154937152,ok,-1.070773883263323,-1.4842761116509842,1.507866214076091,-1.5909928256006032,-1.5639779704817847,-1.070035366192436,-0.3659655945715571,-0.02322001284056021,-0.3784417693077784,0.4197578419751662,0.012907055675653221,-0.36616575476267305,0.027430488894705132,0.09384434903802051
4.659999999999945,0.34562387851104587,-0.40776983925671617,0.4222647579520936,0.08469418528063025,0.08706635751819983,0.043957999878330156,ok,-1.0744335392090385,-1.4845083117793898,1.5040817963830133,-1.5867952471808515,-1.5638488999250282,-1.0736970237400627,-0.35910178755775085,-0.020328269886636625,-0.3831174725897418,0.42156836081615007,0.012580065903492645,-0.3592940004283894,0.027657118510964057,0.09318061997037926
4.669999999999945,0.3441318039974857,-0.4089388985567832,0.4238374400973014,0.08892791092570819,0.08703365120540817,0.17599999955564272,ok,-1.078024557084616,-1.484711594478256,1.5002506216571159,-1.58257956357269,-1.5637230992659932,-1.0772899637443465,-0.3524208753710501,-0.01747991509690921,-0.3876653391330664,0.4232894230236729,0.012262896268600916,-0.3526056914008187,0.027867382028866627,0.09250064354100608
4.679999999999945,0.34266565146694816,-0.4100847905018377,0.42541581312332866,0.09311762468136515,0.08700033414600447,0.10091699914482888,ok,-1.0815487658383265,-1.4848863936292251,1.4963739682657853,-1.5783466693424533,-1.563600470303307,-1.0808160206583546,-0.3431670120238442,-0.00268110766628163,-0.4067610084969287,0.4280274617452605,0.01184815350791846,-0.3433506511611436,0.02807142023931014,0.09180455807244224
4.689999999999944,0.3412595869892778,-0.4112435161403197,0.42700529619925487,0.09727039653227967,0.08697377532524071,0.12895799955003895,ok,-1.0849804359585649,-1.484913204705888,1.492306358180816,-1.5740663947250007,-1.5634819887682279,-1.084249527169966,-0.33260878679208755,0.016687810734558595,-0.4302855773515253,0.43273485562574365,0.01138663923061415,-0.3327943341179176,0.028308885549339594,0.09109142640571145
4.699999999999944,0.3399276225310889,-0.4124281795786285,0.4286035421894933,0.10138295001447599,0.08695662462851474,0.12608299948624335,ok,-1.0883065238264857,-1.4847463265985423,1.4880035024073008,-1.5697390461687433,-1.5633681223759217,-1.0875774705111452,-0.3218909026655744,0.03574279177877106,-0.4520980423805479,0.43597620887634164,0.010923384412925974,-0.3220790925340968,0.028583456235606083,0.09036445238686537
4.709999999999944,0.3386694621556919,-0.41363768535254475,0.43020517830967997,0.10544918605775089,0.08694848026058896,0.08875000094121788,ok,-1.0915254328531414,-1.4843888986807545,1.4834825219834953,-1.5653792840799798,-1.5632588885317924,-1.0907982614364862,-0.31109214676853486,0.054350648246667105,-0.472142224005957,0.4378289795937481,0.01046163112698803,-0.311283622684219,0.028891681171114153,0.0896270466007076
4.719999999999944,0.337484315939776,-0.41487073839896454,0.43180513641743107,0.10946361111351789,0.08694887692550866,0.08795800022198819,ok,-1.0946363543208268,-1.483845392198288,1.4787610997434357,-1.5610009942840424,-1.5631542722205225,-1.0939110976633284,-0.30028601024108736,0.07239620131847276,-0.49039385944481756,0.43838552591463864,0.010004318549146508,-0.300481323540715,0.02922997593799405,0.08888232540703271
4.729999999999944,0.33637095481001383,-0.4161258812211305,0.43339870538371517,0.11342136977598323,0.08695729937143262,0.052999999752501026,ok,-1.0976392144232376,-1.4831214301851032,1.4738571611489875,-1.556617139024896,-1.563054229035031,-1.0969159108987356,-0.2958217081553905,0.08505372216673426,-0.5000603415176101,0.4355662668835878,0.009792440057280806,-0.29601304872659795,0.029590061395012954,0.08813328723131601
4.739999999999943,0.3352927432738783,-0.41740484060101696,0.4349753461343978,0.11735081642045962,0.08697049681294929,0.04741600059787743,ok,-1.1005974315047915,-1.4822708929634358,1.4688565577338113,-1.55226147635606,-1.5629563046344583,-1.0998760413860016,-0.29399134715036285,0.0952895352826684,-0.5058966335184122,0.4312571731536586,0.009682445017888935,-0.29417533442536214,0.029970994687918057,0.08738337226819894
4.749999999999943,0.3342340522964366,-0.4187078117632886,0.43653036883362084,0.12126332941411827,0.08698702318773129,0.04600000102072954,ok,-1.103537344976295,-1.4813179976106092,1.4637975913986272,-1.5479489046245234,-1.5628594801842794,-1.1028177947302553,-0.2912323542667002,0.10270965274803598,-0.5092323824313567,0.4271717641036578,0.009538814214254517,-0.2914096603209107,0.030376246786109923,0.08663450802711496
4.759999999999943,0.3331933207631094,-0.4200214683261083,0.43806602937436623,0.1251493049817727,0.08700508693207075,0.21679100063920487,ok,-1.106449668518962,-1.4802909010831289,1.4587052675743137,-1.5436771869834869,-1.5627640920421368,-1.1057318913334644,-0.28705601091026245,0.10445003434351996,-0.5082043265780041,0.42424828258106806,0.00934340153083623,-0.28722754263198874,0.030786465703299612,0.08588618507133879
4.769999999999943,0.3321657782786616,-0.42131992769151855,0.43958972070094837,0.12899476806225055,0.08702110907868932,0.0928330009628553,ok,-1.1093202286280646,-1.4792464007396937,1.4536232243085336,-1.5394347041576761,-1.5626706580268286,-1.1086041667597843,-0.27478048632886093,0.1174408187019561,-0.5200793467905289,0.42324415311704083,0.008848678431753767,-0.27495965187041704,0.03119561853941033,0.08513470410680209
4.7799999999999425,0.3312065444142376,-0.4226190257882707,0.4411031990697694,0.13276177960508148,0.08704158757198628,0.06879200009279884,ok,-1.112068033491353,-1.4780719925526742,1.4484224308406284,-1.5352022626265058,-1.562582171242511,-1.1113537632784884,-0.26238110798662356,0.13012044580475535,-0.5310443792855764,0.4216046587245061,0.008354387026223542,-0.26256884392772445,0.03160625046259108,0.08438396103335251
4.789999999999942,0.33031575057974905,-0.4239178132330726,0.44260405764195726,0.13644689322358708,0.08706624120584341,0.08104200060188305,ok,-1.1146918445712193,-1.4767707880946266,1.4431119870477727,-1.5309862160392607,-1.5624986273722488,-1.1139794517177657,-0.2502704662727196,0.14199332792644526,-0.5406077799166097,0.41932608015570444,0.007875729298420297,-0.2504670391520897,0.03201496783542773,0.08363583863683859
4.799999999999942,0.32949091635871125,-0.42521481299456576,0.44409010098017804,0.14004897713519932,0.08709451753282473,0.06658300117123872,ok,-1.1171945492339466,-1.4753508548153622,1.4377059092486066,-1.5267929552377035,-1.5624198700792646,-1.1164841221092865,-0.23848744874213315,0.15308191505985855,-0.5488756421547409,0.41649688668692764,0.0074138917468820256,-0.2386930379139946,0.03241919711711075,0.08289192096974339
4.809999999999942,0.3287294731921862,-0.4265087224356743,0.4455594504767673,0.1435674776684159,0.08712589439948665,0.0674579987389734,ok,-1.1195794237213679,-1.4738200356647637,1.4322171528270593,-1.5226279863708343,-1.5623457311617959,-1.1188710524884264,-0.22706100626807185,0.16341522041317066,-0.5559546005061425,0.41319930762137497,0.00696966301419108,-0.22727571413201017,0.032816710098629825,0.08215364418342778
4.819999999999942,0.3280288095825512,-0.42779840386409607,0.44701052141335484,0.1470023410289061,0.0871598822205338,0.06625000060012098,ok,-1.1218500337840487,-1.472185883460632,1.4266576068219978,-1.5184959932946205,-1.562276034531654,-1.1211438096297466,-0.21601144017097917,0.17302694371237193,-0.5619494436642364,0.4095087639417089,0.00654349368193544,-0.2162353020997992,0.033205601525091014,0.08142225052904438
4.8299999999999415,0.3273863084692204,-0.4290828733353651,0.44844199811346264,0.15035393940296468,0.08719602506656182,0.05191699892748147,ok,-1.1240101481857585,-1.4704556140235083,1.4210381123853555,-1.5144009056552035,-1.5622105995948345,-1.1233061626507446,-0.20647654986371602,0.18318900057872206,-0.5675854927800543,0.40491970575498054,0.0061764884569561135,-0.2067081034789292,0.033584765734506944,0.08069882103027641
4.839999999999941,0.32679685490881155,-0.43036975147112766,0.4498498453907263,0.15363117535226178,0.0872346961481019,0.04475000059755985,ok,-1.1260749136843957,-1.4686237240177211,1.4153622574575548,-1.5103517085976537,-1.562148834710265,-1.125373243685534,-0.19833540990713575,0.1938537528010628,-0.5728342307776243,0.39944908319133293,0.005863531142798724,-0.19857318826609097,0.03396151290197841,0.07998592586186483
4.849999999999941,0.326255697573199,-0.4316660792189214,0.4512301005964031,0.15684207816935183,0.08727625023135549,0.04508399979386013,ok,-1.1280582677834672,-1.4666851864897106,1.4096339151497785,-1.5063572177657403,-1.562090199398837,-1.1273589755681948,-0.19180079041676892,0.20191447583651864,-0.5756794428254416,0.3941331291542611,0.005611200369399069,-0.19204235102759903,0.034339544610386116,0.07928620252997194
4.859999999999941,0.32575141508725075,-0.4329675227337911,0.4525844948264336,0.15999552413745266,0.08731914929035797,0.22491599884233437,ok,-1.1299762756876348,-1.4646660417313453,1.4038771207215242,-1.5024158864741977,-1.562034087395143,-1.1292793990784706,-0.1904315972367387,0.20256714498448442,-0.5729085081950951,0.3905330344193421,0.005545382517195134,-0.19066813477739528,0.03470611452318187,0.07859818378259283
4.869999999999941,0.3252484342138043,-0.4342624788019691,0.4539233017716272,0.16312579566042862,0.08735899856322185,0.18804199862643145,ok,-1.131880591660002,-1.4626403702815005,1.3981480356395732,-1.4985105561300043,-1.561978633569971,-1.1311860804262446,-0.1890625646482656,0.20313613348356999,-0.5701296119594637,0.38700963803271526,0.005480263645993079,-0.18929420977135575,0.035065811935107966,0.07791286021771175
4.87999999999994,0.32474671989997766,-0.4355507458878174,0.4552468289166301,0.16623302919776503,0.0873957965904643,0.1283330002479488,ok,-1.1337712173064847,-1.4606090089466648,1.3924467395199787,-1.4946404597496772,-1.561923830933511,-1.1330790225239582,-0.187695507813284,0.20362451294568465,-0.5673462776046562,0.3835635093889016,0.00541589318921793,-0.18792238808898148,0.03541853020072927,0.07723016426286718
4.88999999999994,0.3242462335297183,-0.43683213439135393,0.4565553874911029,0.16931738021027296,0.0874295429933774,0.15816600171092432,ok,-1.1356481723846175,-1.458572763817208,1.386773276743932,-1.4908048246557881,-1.561869672001619,-1.134958246404848,-0.18633209673939738,0.20403527177300587,-0.5645618052231413,0.3801950675620651,0.005352314655438643,-0.18655433658960527,0.03576417807959911,0.07655004052225324
4.89999999999994,0.32374693325311066,-0.4381064659653113,0.4578492917967069,0.17237902148731113,0.087460238376082,0.09279100049752742,ok,-1.1375114933520114,-1.456532411099478,1.3811276586917005,-1.4870028739801675,-1.5618161488550646,-1.136823789770744,-0.1812043716076727,0.20972446281544488,-0.5657291731321498,0.37554999703844216,0.005157383422988338,-0.18142929924557905,0.036106680978118644,0.07587242002813617
4.90999999999994,0.32327485240789827,-0.4393823169941546,0.45912068402070355,0.17539265508911603,0.0874909678908024,0.0719580002623843,ok,-1.139323537068088,-1.4544351664713235,1.375470366960379,-1.4832473740097831,-1.5617645750208347,-1.1386380827631999,-0.1742220507935782,0.2178034885500492,-0.5683924649064446,0.37002070399529785,0.004899546108883206,-0.17445348900287136,0.036450646531550834,0.07520513105754327
4.9199999999999395,0.32284260107618046,-0.4406634083190963,0.46036470531296936,0.17834457323739009,0.08752314923696192,0.0697920004313346,ok,-1.141065757576024,-1.452257131585823,1.3697864423113144,-1.4795471669698301,-1.5617155795597457,-1.1403826176532286,-0.1675153374755095,0.22531365872485218,-0.570361553617803,0.3643492650579221,0.004653706585940101,-0.16775306637722456,0.036791056485913035,0.0745530210159968
4.929999999999939,0.32244819862330104,-0.44194881656888163,0.4615809517892967,0.18123546621470762,0.08755648812612159,0.05237500045041088,ok,-1.142740910950779,-1.4500039949985746,1.3640828267751364,-1.4759036743192508,-1.5616690424938864,-1.1420601483170008,-0.16151946336596312,0.23088521386772703,-0.5703906860903071,0.3586309234122848,0.004434757175579373,-0.16176214036965839,0.03712664297845038,0.07391663017720926
4.939999999999939,0.32208535544937883,-0.44323372058024757,0.4627702620990575,0.18406764537175133,0.08758999276423206,0.19970799985458143,ok,-1.1443561055844385,-1.4476951428598972,1.3583789199142333,-1.472317365085128,-1.5616246949221306,-1.1436777697206972,-0.15955692062148297,0.22425045416839226,-0.5590117691655607,0.3534464125738503,0.0043570516805013495,-0.15979474307159786,0.03745618566411284,0.07329495873495806
4.949999999999939,0.3217152247765765,-0.4444843699691393,0.4639423336933925,0.1868556714719055,0.08761746270113996,0.09537500045553315,ok,-1.1459516747906533,-1.4454526383182134,1.3527888022225778,-1.4687829009593896,-1.5615811244053257,-1.1452757171514132,-0.15764089673035012,0.21761791157453783,-0.5478333355373505,0.348470848165513,0.004281660539270883,-0.1578740242488549,0.037778843535557674,0.07267584913511443
4.959999999999939,0.3213378618229846,-0.44570098807246894,0.46509812043041354,0.18960063597671453,0.08763906740771465,0.07849999929021578,ok,-1.147528083757957,-1.443276459202468,1.3473104688672044,-1.4652981924777344,-1.561538307799933,-1.1468544573939017,-0.15576961138728498,0.21097836365864242,-0.5368411149974153,0.3436985483297079,0.004208478943920557,-0.15599819525556868,0.038094761833701335,0.0720585288948336
4.9699999999999385,0.3209533031916167,-0.4468837491827626,0.4662385563985413,0.19230358047016796,0.08765496455869133,0.07162499969126657,ok,-1.1490857798718297,-1.4411666755658816,1.3419420577172303,-1.4618612069944372,-1.5614962230104938,-1.1484144393464573,-0.1539408164354818,0.20432292061672655,-0.5260215782689377,0.33912426284988956,0.004137388476683869,-0.15416500103097042,0.038404155234983015,0.07144225292388648
4.979999999999938,0.32056157033630406,-0.448032778569038,0.4673645576507562,0.19496549483527958,0.0876653006682334,0.0832919995445991,ok,-1.1506251880361844,-1.4391234463597145,1.336681841934541,-1.4584699643659382,-1.561454849125727,-1.149956089356767,-0.152152500312696,0.1976421391910727,-0.5153611675976992,0.3347432790727353,0.004068281300621266,-0.1523724230687704,0.03870729742104717,0.07082622223723592
4.989999999999938,0.3201626683183259,-0.4491481512726875,0.46847702485482823,0.19758731983996314,0.08767021122865166,0.11900000026798807,ok,-1.1521467130393113,-1.4371470249678038,1.331528230258564,-1.455122531575211,-1.5614141663127208,-1.1514798135874549,-0.1504018176945454,0.19092745009474277,-0.5048474662009391,0.3305511776582447,0.004001023486241381,-0.15061761136135807,0.039004526350304394,0.07020971649560628
4.999999999999938,0.31975659178323507,-0.45022989302023353,0.469576844096226,0.2001699427795636,0.0876698215621257,0.06904099973326083,ok,-1.1536507312162567,-1.4352377504668563,1.3264797555965546,-1.4518170197986286,-1.5613741560778585,-1.1529859897010684,-0.14868579014163794,0.18417029225839318,-0.4944684471087058,0.3265439368655639,0.0039354791374431085,-0.14889758358710062,0.03929623408627847,0.06959201403518626
5.009999999999938,0.3193433262832162,-0.45127797999299096,0.4706648885643959,0.2027141975253197,0.08766424718302399,0.052041999879293144,ok,-1.1551375891176732,-1.4333960475442724,1.3215350711254676,-1.4485515804299731,-1.561334801286484,-1.1544749655369393,-0.14700149287180708,0.1773612279414739,-0.48421166895601614,0.32271799253539246,0.0038715166106852526,-0.14720941129800272,0.03958286656764501,0.06897230956106479
5.019999999999937,0.31892284721366837,-0.4522923357315564,0.4717420210595218,0.20522086488356908,0.08765359370309542,0.04583400004776195,ok,-1.1566076040463913,-1.4316224352648577,1.3166929544359074,-1.4453244005046193,-1.5612960861203773,-1.1559470596499193,-0.14534511193229094,0.17049195608533627,-0.4740659712318777,0.3190699510672539,0.0038089766748877125,-0.14554927939308118,0.03986492501006397,0.06834990148148333
5.029999999999937,0.3184951264264072,-0.45327283287021697,0.47280909403056026,0.20769066769090033,0.08763795772534101,0.10762499914562795,ok,-1.1580610551657142,-1.4299175157040043,1.3119522947235887,-1.4421337009939468,-1.5612579963536284,-1.15740255244385,-0.1437128071268716,0.16355357667211998,-0.4640199877623261,0.3155968103473727,0.0037477018245272524,-0.14391334700227473,0.04014295933492079,0.06772403085080604
5.039999999999937,0.3180601319589756,-0.45421929084254653,0.4738669515718661,0.21012427069201384,0.0876174268343326,0.1972090012714034,ok,-1.1594981832369828,-1.428281979937283,1.3073120948459653,-1.4389777328904731,-1.5612205193353832,-1.1588416859138728,-0.14117232213483202,0.15656890375867882,-0.4549947569352309,0.31320706110710733,0.0036560891614678777,-0.14137150450629377,0.04041609129973972,0.06709393382109308
5.049999999999937,0.31762190596762135,-0.45512825106786986,0.4749199056345332,0.2125183150156526,0.08759180713615675,0.1172499996755505,ok,-1.1609099064583313,-1.4267162908996962,1.302762147276613,-1.435845662279402,-1.5611839584437686,-1.1602554009589359,-0.13809031159393687,0.1494995475194741,-0.4465282006291706,0.31146931847372084,0.003546759521017503,-0.13828957431458652,0.04067751874046788,0.0664571924163669
5.0599999999999365,0.31718286189085215,-0.4559974342529837,0.4759706399575137,0.21487067832601134,0.08756099849117818,0.08795800022198819,ok,-1.1622908095742706,-1.4252212954245014,1.2982968652703213,-1.4327309690946648,-1.5611484908485584,-1.1616382967020817,-0.1350310457505173,0.14230691007980267,-0.4380187465231496,0.30981278607489177,0.003438837266401768,-0.13523051237667744,0.040926494986128575,0.06581202074599198
5.069999999999936,0.3167429054400211,-0.4568264438838682,0.4770196724915867,0.2171815472614123,0.08752505456748495,0.11729099969670642,ok,-1.1636411200317758,-1.4237982263237035,1.29391667780509,-1.4296328412339159,-1.5611141024758943,-1.1629906018258485,-0.1319839955324412,0.13498404053433932,-0.42945288573775603,0.308230255547501,0.003331952695554303,-0.13218380209273747,0.0411640853810394,0.0651578583892748
5.079999999999936,0.31630197402193216,-0.45761482365372647,0.4780674968857343,0.21945099246195263,0.0874840268564835,0.04995800009055529,ok,-1.1649609599871003,-1.42244838591836,1.2896221489477124,-1.426550538678441,-1.5610807829489388,-1.164312439846776,-0.1289392413869654,0.12752258609881548,-0.42081569234760896,0.3067144748138977,0.003225761647348134,-0.1291395357010654,0.041391351858257486,0.06449401677732951
5.089999999999936,0.3158600323089264,-0.45836205449028145,0.47911458318304534,0.22167897071758422,0.08743796433530514,0.04854100006923545,ok,-1.16625035240097,-1.421173160057372,1.2854139920242365,-1.423483393930302,-1.5610485253324653,-1.1656038352037865,-0.12588601513565062,0.119914877136744,-0.4120923177725114,0.3052575729902332,0.003119897109313434,-0.12608695955061164,0.041609371460895286,0.06381986875459736
5.099999999999936,0.3154170779598045,-0.4590675553103378,0.4801613748818968,0.2238653171132583,0.08738691420939841,0.04541699854598846,ok,-1.1675092125523265,-1.4199740112860046,1.2812930688465114,-1.4204308182003997,-1.5610173263613722,-1.1668647047992926,-0.12281333319382887,0.1121536584267809,-0.4032678178024323,0.3038511627879042,0.003013990370847333,-0.12301510593682173,0.04181922316846576,0.06313482445826302
5.1099999999999355,0.31497314392440906,-0.45973068473337736,0.48120828647761554,0.22600974206750646,0.08733092248750209,0.05108299956191331,ok,-1.168737345884265,-1.4188524747017368,1.2772603906684872,-1.4173923065725207,-1.5609871864576639,-1.1680948558586608,-0.12164728056047942,0.10417134782039753,-0.394252923329535,0.3025068145484739,0.002971316271167945,-0.12184581303531139,0.042020904478024396,0.06243822271342078
5.119999999999935,0.3145193228993443,-0.4603565616392366,0.4822556566460309,0.22812672123878694,0.08727001433942956,0.18645900127012283,ok,-1.1699538186898697,-1.417810761223533,1.2733178614351919,-1.414367238427036,-1.5609574732949523,-1.169313313989014,-0.11996013963990255,0.09602268342824094,-0.38454454064652943,0.30060700910710286,0.0029119687940586604,-0.12015647753977977,0.04222650316272476,0.06172879908154591
5.129999999999935,0.3140580232301014,-0.46094322331618903,0.4833016752297919,0.2302100565256451,0.0872044404389749,0.08920800064515788,ok,-1.1711534200862688,-1.4168505343892506,1.2694724160287265,-1.411361168335965,-1.5609283536070118,-1.1705148787644117,-0.12229230090680998,0.0875833969014929,-0.3752243960425807,0.2994738426956504,0.002983978352127618,-0.12247768565384043,0.04243293529608548,0.06100742977950943
5.139999999999935,0.31357031635600396,-0.4615017059996158,0.48434918131716165,0.23229276001949378,0.08713396824097079,0.08962500032794196,ok,-1.172376343095337,-1.4159747004202357,1.2657201720683007,-1.4083664299090086,-1.5608985138234905,-1.17173965562095,-0.12679613982138074,0.07885731724825472,-0.3655019575849897,0.2982557801928701,0.003126236910557248,-0.12696552330705146,0.04264918441595504,0.06027037559482322
5.149999999999935,0.31304588021386676,-0.46203766774903365,0.48539797626528275,0.2343907527928707,0.08705865142788571,0.08095900011539925,ok,-1.1736443044935507,-1.415186127247753,1.2620651524924509,-1.40538387210708,-1.5608672514543849,-1.1730093108540205,-0.13143767550492938,0.06988569243343397,-0.35550628352595576,0.2970064034617283,0.003272080159662399,-0.13159055384595467,0.04288391744320402,0.059516409702723885
5.159999999999934,0.31248377491516116,-0.4625505198717157,0.48644820126122346,0.2365045122225604,0.08697853070357912,0.0792499995441176,ok,-1.1749586812486,-1.4144872703234188,1.2585100896571912,-1.4024138080724626,-1.5608345306527882,-1.17432521639248,-0.1362212824202724,0.06066166222712915,-0.34523437391350015,0.2957295499589891,0.003421593715948895,-0.13635713084233378,0.04313718944991371,0.05874487025125011
5.169999999999934,0.3118830387666462,-0.46303964658473246,0.4875000102987467,0.2386345233131427,0.0868936434732946,0.06845799907750916,ok,-1.1763208940728027,-1.4138806537011475,1.2550577459180563,-1.3994565125728728,-1.5608003147156286,-1.1756887877009032,-0.13960193714828306,0.051221740343057195,-0.33479905436640556,0.2944756194208011,0.003524898385168492,-0.13972383814572437,0.04340944748591302,0.0579551165612895
5.179999999999934,0.3112498930143502,-0.4634997429871431,0.4885538446968862,0.2407695684873768,0.08680401230041195,0.0673749982524896,ok,-1.1777169134442855,-1.4133684362977168,1.2517097553743923,-1.3965117563786649,-1.5607650657317769,-1.1770860260823606,-0.13762752538559014,0.04167424944254182,-0.32451180041364763,0.29338176869729576,0.0034553892117365685,-0.13774798947777742,0.0437056125730966,0.05714698888753306
5.189999999999934,0.3106089785917748,-0.463913643676846,0.4896109108206931,0.24286861253416908,0.08670962011963779,0.07662499956495594,ok,-1.1790931886981415,-1.4129516938032913,1.248464637370256,-1.393577938691692,-1.5607305118396595,-1.1784635059771384,-0.13556280427647258,0.031897405568688836,-0.3141695536690979,0.2924595693040735,0.003383307551679907,-0.13568214555653188,0.04401207413379389,0.05632135460285946
5.199999999999934,0.3099605044635363,-0.4642800773713106,0.4906720843378055,0.24493100359994466,0.08661042801487881,0.045250000766827725,ok,-1.1804488167409062,-1.4126327197476045,1.245322941833565,-1.3906533429986512,-1.5606966787641428,-1.1798203274327037,-0.1333898228917152,0.021880848339092752,-0.30375952709892434,0.29170569572196203,0.003308098221602586,-0.13350839553588503,0.04433037356447292,0.05547722999308423
5.209999999999933,0.30930474480387476,-0.464597672901386,0.4917382275279786,0.24695591013807375,0.08650639009559677,0.2810420010064263,ok,-1.1817827149698232,-1.4124139112642136,1.2422853465625756,-1.3877362860414315,-1.5606635977819268,-1.1811554113880625,-0.13108875416599106,0.011614066757280848,-0.2932678439702404,0.29111580827549366,0.003229154883544303,-0.13120695767541804,0.04466212006910382,0.05461360801172156
5.219999999999933,0.3086420476101709,-0.46486495410180995,0.49281018487516726,0.24894230283271182,0.08639745385953675,0.12675000107265078,ok,-1.183093602511483,-1.4122977705966409,1.2393526681228733,-1.3848251279586765,-1.5606313062330912,-1.1824674809648166,-0.12863812553727477,0.0010860990931995593,-0.28267923475094164,0.2906845456258895,0.003145828368267614,-0.12875640941551436,0.04500897710445806,0.053729432936335975
5.229999999999933,0.30797284164056116,-0.46508033438580004,0.4938887787729168,0.25088893801881534,0.08628356044230528,0.0915000000532018,ok,-1.1843799837668558,-1.412286909605709,1.2365258757753639,-1.3819182825024177,-1.5605998479494085,-1.1837550450589718,-0.1260135587005788,-0.009713096431269741,-0.2719773341683852,0.29040443622074796,0.0030573881764799356,-0.12613243034970226,0.04537267765769519,0.05282371807360084
5.239999999999933,0.30729765146943705,-0.4652421136213003,0.49497480009366235,0.2527943302654869,0.08616464579596887,0.1187919988296926,ok,-1.1856401193538617,-1.4123840405700216,1.23380610243368,-1.3790142381402102,-1.5605692740676438,-1.185016369362469,-0.12318831963844383,-0.02079386700919354,-0.2611435761462091,0.2902659980779598,0.0029630413036181935,-0.12330835072144081,0.045755012852374044,0.05189543954781847
5.2499999999999325,0.3066171078399717,-0.46534847211940156,0.4960689999874278,0.2546567279950035,0.08604064137453159,0.06900000153109431,ok,-1.1868720025502462,-1.4125919792401136,1.2311946666722178,-1.3761115781594306,-1.5605396436546075,-1.1862494528696834,-0.12013277232415615,-0.03216613357569742,-0.2501571512446596,0.29025695426039055,0.002861916670915221,-0.1202546065403113,0.04615782445252348,0.050943599752668725
5.259999999999932,0.30593196168181147,-0.4653974665489886,0.49717207813563036,0.2564740839319756,0.08591147540786008,0.07291700057976414,ok,-1.1880733302734878,-1.4129136405758707,1.2286930951597712,-1.3732090086168267,-1.5605110244878984,-1.1874519989350865,-0.1168146308639712,-0.04384031526918553,-0.23899394033241378,0.29036206690007477,0.002753074584364518,-0.11693899086351532,0.0465829972579606,0.049967149143245876
5.269999999999932,0.3052430952884015,-0.4653870234319638,0.49828467102836177,0.2582440260175489,0.08577707391556214,0.04533299943432212,ok,-1.1892414765821275,-1.4133520437285625,1.226303155756447,-1.370305387947826,-1.5604834937420546,-1.1886213888437216,-0.1131972683772966,-0.05582517888303539,-0.22762658362346092,0.29056102955149515,0.002635456207382571,-0.11332496700591796,0.04703246927097078,0.0489651691977015
5.279999999999932,0.30455154495377257,-0.4653149376238473,0.4994073307419757,0.2599638126055479,0.0856373633695359,0.04483399970922619,ok,-1.1903734492659006,-1.4139102955173928,1.2240268899202125,-1.367399777652311,-1.5604571391799809,-1.1897546385137807,-0.10924071217092202,-0.06812936278418542,-0.2160230732141326,0.2908285656418065,0.00250791664326642,-0.10937266089535942,0.04750819608224281,0.04793674409937822
5.289999999999932,0.3038585162206966,-0.46517886831047006,0.5005405051677178,0.261630294047191,0.08549227279396769,0.15816599989193492,ok,-1.19146585638761,-1.4145915891452345,1.2218666591880711,-1.364491491995893,-1.5604320600135482,-1.1908483651227344,-0.10490115401743308,-0.080761246677609,-0.20414559786431316,0.2911331062534546,0.00236921183426829,-0.10503837225807902,0.04801215026628218,0.046880973963027914
5.299999999999931,0.30316540154934973,-0.4649763354119818,0.5016845132058974,0.26323986739241056,0.08534173648692206,0.09633299850975163,ok,-1.1925148679277842,-1.4153992016120107,1.219825203209428,-1.3615801609333584,-1.5604083678952054,-1.1918987488453152,-0.1046143176022153,-0.09382026565648824,-0.19253686794598673,0.29221589596699055,0.002356056753312906,-0.10474656485316222,0.048543517084759194,0.04579711083254687
5.309999999999931,0.3024527029091265,-0.4647173127344913,0.5028420918258025,0.2648249425191871,0.08518536943280319,0.08287499986181501,ok,-1.1935610111038064,-1.4163374042685757,1.2178998345299683,-1.3586580019736885,-1.5603848073276723,-1.1929462144938467,-0.1117918952202162,-0.10742303930062963,-0.18164803384335976,0.2947216299570153,0.0025718562443056607,-0.11190004781623134,0.04909040861983094,0.04468089585278616
5.319999999999931,0.30168482297879684,-0.46442095619948887,0.5040181306318696,0.26644553701650214,0.0850224855244148,0.0804999999672873,ok,-1.1946789300560086,-1.417411634661582,1.2160833541915348,-1.3557107856741184,-1.5603590887652292,-1.194065214972009,-0.11911805220586383,-0.12150182131101149,-0.17022944457286843,0.297159029735703,0.0027906160674704074,-0.1192013988084515,0.04967236241597012,0.043525056868349454
5.329999999999931,0.3008605795419586,-0.46408555415129116,0.5052125316894313,0.26810100509075385,0.0848529868395793,0.070332998802769,ok,-1.1958701105780671,-1.418626652874692,1.214381059745806,-1.3527391953767613,-1.5603311826045545,-1.1952572289600936,-0.1246531497545399,-0.13601866057509693,-0.15694022107627878,0.29807669321902386,0.0029535098174797033,-0.12471568537796063,0.05028868672789205,0.04232869522485708
5.339999999999931,0.2999882578413608,-0.4637048067994169,0.5064199129808828,0.26977136845111943,0.08467739612294646,0.06974999996600673,ok,-1.1971166420756125,-1.419986839480443,1.2128116575350432,-1.3497584284445712,-1.5603016475063798,-1.196504385813873,-0.13032280618483602,-0.150952252197253,-0.14324967320514137,0.2989982788387812,0.0031191986044185765,-0.13036392384784148,0.05092920798903493,0.04109560213447802
5.34999999999993,0.29906686279020794,-0.4632771799890696,0.5076403405709377,0.2714561414612648,0.08449560688885625,0.06770800064259674,ok,-1.1984198701374609,-1.4214963620024155,1.2113791608029918,-1.3467684456561833,-1.5602704555203355,-1.1978080250523515,-0.1361290977427132,-0.16629960482705847,-0.1291676353391624,0.29993058864530275,0.0032876676198414527,-0.13614817641925625,0.051594436425077994,0.039824937922608175
5.35999999999993,0.2980954200365094,-0.4628011269693078,0.5088738662187069,0.27315479328400116,0.08430750336574382,0.04924999848299194,ok,-1.199781161114888,-1.423159358050686,1.2100874844496001,-1.3437691397697302,-1.5602375788441372,-1.199169506816544,-0.14206980568914104,-0.1820546371316242,-0.1147041551639027,0.3008774538434747,0.003458770746118678,-0.14206622152058837,0.05228488014714702,0.03851597703268303
5.36999999999993,0.29707300290101213,-0.4622750886763188,0.5101205118673142,0.2748667061459627,0.08411296192891277,0.04600000102072954,ok,-1.2012018591717795,-1.4249799044220024,1.208940442897961,-1.3407603652312954,-1.560202991136676,-1.20059016903175,-0.14814189193101673,-0.1982097619415057,-0.09987093725098875,0.3018428645779825,0.003632336585804525,-0.14811502082694278,0.05300103537151278,0.03716797933534367
5.37999999999993,0.29599873988153447,-0.46169749611695027,0.5113802667415552,0.2765911676039285,0.08391185067727688,0.3146250001009321,ok,-1.2026832780910897,-1.4269620020414175,1.2079417335254512,-1.3377419365855157,-1.560166667770818,-1.2020713192400194,-0.1543403804442016,-0.21475335824085867,-0.08468263698386695,0.3028297565916516,0.003808136193479226,-0.15428960426428123,0.05374335872905489,0.03578038960013334
5.3899999999999295,0.2948718314379685,-0.4610667805169671,0.512653078248702,0.27832735530243286,0.08370403044342108,0.10558299982221797,ok,-1.2042266818955316,-1.4291095356238261,1.2070949071556125,-1.334713639019599,-1.5601285864088832,-1.2036142152826623,-0.16386754138418694,-0.23172706830229817,-0.07296021540011723,0.3078591849161085,0.004080141764542908,-0.16378453466617662,0.05451598223852809,0.034352674433827377
5.399999999999929,0.29367552507588307,-0.4603872752604372,0.5139534911684429,0.28011071155879735,0.08348757957029156,0.08325000089826062,ok,-1.2058653573093734,-1.4314268063068492,1.2063653050016114,-1.331635047170438,-1.5600877849912378,-1.205252060629324,-0.17389014580108553,-0.24930162940427358,-0.060986647158100205,0.3132332336989863,0.004364003815613354,-0.17377314228377727,0.05534315429130354,0.03287199273144842
5.409999999999929,0.2924070231648716,-0.45965707215273904,0.5152826451252532,0.2819432394155636,0.08326210358486873,0.09687500096333679,ok,-1.2076042587673843,-1.4339198226008918,1.2057554385300304,-1.328502714833448,-1.5600441449530817,-1.2069897920521617,-0.1844705470296737,-0.26779842559884365,-0.048593986883348116,0.3191003049760977,0.00466116812848871,-0.1843175036369846,0.05622690128802449,0.03133445769828412
5.419999999999929,0.291062781304711,-0.4588729683772632,0.516642383562874,0.28382707111972333,0.0830270181032571,0.07749999895168003,ok,-1.2094489642376811,-1.4365978068568803,1.205269498661197,-1.325311711783687,-1.5599975332717968,-1.2088329670885316,-0.1865626563608043,-0.2868884999197917,-0.03655473527221008,0.3257462899302554,0.004705571552337819,-0.18639682144049463,0.057175720022625554,0.029735806999766703
5.429999999999929,0.2896809541821408,-0.458006571663539,0.5180361122218465,0.28569837548033805,0.0827816357347729,0.07620799988217186,ok,-1.2113145908012892,-1.4394666918560783,1.2049039513084747,-1.3220542488843845,-1.5599504775562734,-1.2106969353029366,-0.17712317432091346,-0.30654734082215823,-0.024546561559908166,0.33275407419166436,0.004411920926220614,-0.17697663262903818,0.058209104474158335,0.028074112972051257
5.4399999999999284,0.28831344049231816,-0.45702158491107575,0.5194658780566839,0.28747016229880884,0.08252542243776036,0.05162500019650906,ok,-1.2130858225444983,-1.4425321652643,1.2046584856928757,-1.3187267081424678,-1.5599063583470112,-1.212466701629227,-0.179103351083793,-0.32715791403407096,-0.011908907522859419,0.30265167750336064,0.00013533354651509011,-0.17853543524698462,0.05929935005616241,0.026349474779215662
5.449999999999928,0.28691456911338836,-0.45597708220598643,0.5209675243251286,0.28930286830085283,0.08225793731164957,0.04808300036529545,ok,-1.2148768560553362,-1.4458037444046408,1.2045393966176472,-1.3157001913674342,-1.559905005011546,-1.2142520559816967,-0.21818483913572786,-0.3492264912343049,-0.03621524469949721,0.3226830666068356,-0.0010497022556311467,-0.21721171757671576,0.06043885330858742,0.024555478390003244
5.459999999999928,0.2853000156089377,-0.45492821779614157,0.5226760793839552,0.2915666200758655,0.08196076562441801,0.048167001295951195,ok,-1.2170587044466936,-1.4492960093169838,1.2041772441706522,-1.3124733607013659,-1.5599155020341022,-1.2164241731574639,-0.2662646736992004,-0.37403729057786,-0.06225046513199846,0.36229956429345644,0.00023772528007145777,-0.26502384153792685,0.06184003179041021,0.02255757580907261
5.469999999999928,0.28342226855435326,-0.45386881721912203,0.5245943148495054,0.2942994778605808,0.08163056808944183,0.15183299910859205,ok,-1.2197213511836855,-1.4530363822227623,1.2035547395193322,-1.3088503650584313,-1.5599131247813016,-1.2190744115728431,-0.31436607364788005,-0.40178543862897487,-0.08654166498574623,0.40118201697116174,0.001926403936862915,-0.31283422889143275,0.06358888979031095,0.020330234429562527
5.479999999999928,0.28127923510038355,-0.45278198460984836,0.5267281594523759,0.2974947761320846,0.0812654362282233,0.16966700059128925,ok,-1.2228650119201643,-1.457054236609052,1.2026893228694748,-1.3048385448887196,-1.559893860741933,-1.2222027538617575,-0.3619490593076008,-0.43265964918384686,-0.10922522431766961,0.4392757679062816,0.004130766279272461,-0.36009898557076486,0.06472530671662471,0.017860014757089898
5.489999999999927,0.2788713756083559,-0.45164763076799985,0.529084811638982,0.3011419843642824,0.08086317836624785,0.07741599984001368,ok,-1.2264845025132403,-1.4613808331008904,1.2015970706262982,-1.3004457872096569,-1.5598525530791403,-1.2258037437174651,-0.17266556305815742,-0.46289345686990724,-0.023920932994191752,0.007007496247405313,-0.015121093482926692,-0.1672832620408593,0.06439724368724184,0.01513181400004096
5.499999999999927,0.27738992914981664,-0.4501994575740719,0.531590124779588,0.303937177048275,0.08047539128339104,0.09179200060316361,infeasible,-1.2282111581438218,-1.4660097676695896,1.2013578612963562,-1.3003757122471828,-1.5600037640139695,-1.2274765763378737,0.0,0.0,0.0,0.0,0.0,0.0,0.0635101067832459,0.012569094067100287
5.509999999999927,0.27738992914981664,-0.4501994575740719,0.531590124779588,0.303937177048275,0.08047539128339104,0.07212499986053444,infeasible,-1.2282111581438218,-1.4660097676695896,1.2013578612963562,-1.3003757122471828,-1.5600037640139695,-1.2274765763378737,0.0,0.0,0.0,0.0,0.0,0.0,0.062314533772206554,0.012289668243193788
5.519999999999927,0.27738992914981664,-0.4501994575740719,0.531590124779588,0.303937177048275,0.08047539128339104,0.07991600068635307,infeasible,-1.2282111581438218,-1.4660097676695896,1.2013578612963562,-1.3003757122471828,-1.5600037640139695,-1.2274765763378737,0.0,0.0,0.0,0.0,0.0,0.0,0.061120718620773076,0.01201024241928729
5.5299999999999265,0.27738992914981664,-0.4501994575740719,0.531590124779588,0.303937177048275,0.08047539128339104,0.07979200017871335,infeasible,-1.2282111581438218,-1.4660097676695896,1.2013578612963562,-1.3003757122471828,-1.5600037640139695,-1.2274765763378737,0.0,0.0,0.0,0.0,0.0,0.0,0.059928718083228805,0.011730816595380791
5.539999999999926,0.27738992914981664,-0.4501994575740719,0.531590124779588,0.303937177048275,0.08047539128339104,0.07424999967042822,infeasible,-1.2282111581438218,-1.4660097676695896,1.2013578612963562,-1.3003757122471828,-1.5600037640139695,-1.2274765763378737,0.0,0.0,0.0,0.0,0.0,0.0,0.05873859129158804,0.011451390771474279
5.549999999999926,0.27738992914981664,-0.4501994575740719,0.531590124779588,0.303937177048275,0.08047539128339104,0.11699999959091656,infeasible,-1.2282111581438218,-1.4660097676695896,1.2013578612963562,-1.3003757122471828,-1.5600037640139695,-1.2274765763378737,0.0,0.0,0.0,0.0,0.0,0.0,0.05755039987609355,0.011171964947567767
5.559999999999926,0.27738992914981664,-0.4501994575740719,0.531590124779588,0.303937177048275,0.08047539128339104,0.09012500049720984,infeasible,-1.2282111581438218,-1.4660097676695896,1.2013578612963562,-1.3003757122471828,-1.5600037640139695,-1.2274765763378737,0.0,0.0,0.0,0.0,0.0,0.0,0.05636420809274047,0.010892539123661261
5.569999999999926,0.27738992914981664,-0.4501994575740719,0.531590124779588,0.303937177048275,0.08047539128339104,0.10895800005528145,infeasible,-1.2282111581438218,-1.4660097676695896,1.2013578612963562,-1.3003757122471828,-1.5600037640139695,-1.2274765763378737,0.0,0.0,0.0,0.0,0.0,0.0,0.0551800829582771,0.010613113299754763
5.5799999999999255,0.27738992914981664,-0.4501994575740719,0.531590124779588,0.303937177048275,0.08047539128339104,0.09024999963003211,infeasible,-1.2282111581438218,-1.4660097676695896,1.2013578612963562,-1.3003757122471828,-1.5600037640139695,-1.2274765763378737,0.0,0.0,0.0,0.0,0.0,0.0,0.053998094393164095,0.01033368747584825
5.589999999999925,0.27738992914981664,-0.4501994575740719,0.531590124779588,0.303937177048275,0.08047539128339104,0.06554100036737509,infeasible,-1.2282111581438218,-1.4660097676695896,1.2013578612963562,-1.3003757122471828,-1.5600037640139695,-1.2274765763378737,0.0,0.0,0.0,0.0,0.0,0.0,0.05281831537300556,0.010054261651941752
5.599999999999925,0.27738992914981664,-0.4501994575740719,0.531590124779588,0.303937177048275,0.08047539128339104,0.06270800076890737,infeasible,-1.2282111581438218,-1.4660097676695896,1.2013578612963562,-1.3003757122471828,-1.5600037640139695,-1.2274765763378737,0.0,0.0,0.0,0.0,0.0,0.0,0.05164082208900003,0.009774835828035254
5.609999999999925,0.27738992914981664,-0.4501994575740719,0.531590124779588,0.303937177048275,0.08047539128339104,0.049250000301981345,infeasible,-1.2282111581438218,-1.4660097676695896,1.2013578612963562,-1.3003757122471828,-1.5600037640139695,-1.2274765763378737,0.0,0.0,0.0,0.0,0.0,0.0,0.05046569411799502,0.009495410004128742
5.619999999999925,0.27738992914981664,-0.4501994575740719,0.531590124779588,0.303937177048275,0.08047539128339104,0.04183400051260833,infeasible,-1.2282111581438218,-1.4660097676695896,1.2013578612963562,-1.3003757122471828,-1.5600037640139695,-1.2274765763378737,0.0,0.0,0.0,0.0,0.0,0.0,0.049295293867695864,0.00921598418022223
5.629999999999924,0.27738992914981664,-0.4501994575740719,0.531590124779588,0.303937177048275,0.08047539128339104,0.1720000000204891,infeasible,-1.2282111581438218,-1.4660097676695896,1.2013578612963562,-1.3003757122471828,-1.5600037640139695,-1.2274765763378737,0.0,0.0,0.0,0.0,0.0,0.0,0.04813370761842002,0.008936558356315724
5.639999999999924,0.27738992914981664,-0.4501994575740719,0.531590124779588,0.303937177048275,0.08047539128339104,0.08229199920606334,infeasible,-1.2282111581438218,-1.4660097676695896,1.2013578612963562,-1.3003757122471828,-1.5600037640139695,-1.2274765763378737,0.0,0.0,0.0,0.0,0.0,0.0,0.046981314546913996,0.008657132532409219
5.649999999999924,0.27738992914981664,-0.4501994575740719,0.531590124779588,0.303937177048275,0.08047539128339104,0.05816699922434054,infeasible,-1.2282111581438218,-1.4660097676695896,1.2013578612963562,-1.3003757122471828,-1.5600037640139695,-1.2274765763378737,0.0,0.0,0.0,0.0,0.0,0.0,0.045838442854623684,0.008377706708502707
5.659999999999924,0.27738992914981664,-0.4501994575740719,0.531590124779588,0.303937177048275,0.08047539128339104,0.0591669995628763,infeasible,-1.2282111581438218,-1.4660097676695896,1.2013578612963562,-1.3003757122471828,-1.5600037640139695,-1.2274765763378737,0.0,0.0,0.0,0.0,0.0,0.0,0.04470543364237546,0.008098280884596208
5.6699999999999235,0.27738992914981664,-0.4501994575740719,0.531590124779588,0.303937177048275,0.08047539128339104,0.05920900002820417,infeasible,-1.2282111581438218,-1.4660097676695896,1.2013578612963562,-1.3003757122471828,-1.5600037640139695,-1.2274765763378737,0.0,0.0,0.0,0.0,0.0,0.0,0.04358264133995228,0.007818855060689696
5.679999999999923,0.27738992914981664,-0.4501994575740719,0.531590124779588,0.303937177048275,0.08047539128339104,0.058292000176152214,infeasible,-1.2282111581438218,-1.4660097676695896,1.2013578612963562,-1.3003757122471828,-1.5600037640139695,-1.2274765763378737,0.0,0.0,0.0,0.0,0.0,0.0,0.04247043413298647,0.0075394292367831975
5.689999999999923,0.27738992914981664,-0.4501994575740719,0.531590124779588,0.303937177048275,0.08047539128339104,0.04470800013223197,infeasible,-1.2282111581438218,-1.4660097676695896,1.2013578612963562,-1.3003757122471828,-1.5600037640139695,-1.2274765763378737,0.0,0.0,0.0,0.0,0.0,0.0,0.041369194384144534,0.007260003412876685
5.699999999999923,0.27738992914981664,-0.4501994575740719,0.531590124779588,0.303937177048275,0.08047539128339104,0.03929199920094106,infeasible,-1.2282111581438218,-1.4660097676695896,1.2013578612963562,-1.3003757122471828,-1.5600037640139695,-1.2274765763378737,0.0,0.0,0.0,0.0,0.0,0.0,0.04027931904513089,0.006980577588970194
5.709999999999923,0.27738992914981664,-0.4501994575740719,0.531590124779588,0.303937177048275,0.08047539128339104,0.03883300087181851,infeasible,-1.2282111581438218,-1.4660097676695896,1.2013578612963562,-1.3003757122471828,-1.5600037640139695,-1.2274765763378737,0.0,0.0,0.0,0.0,0.0,0.0,0.03920122005554974,0.0067011517650636815
5.7199999999999225,0.27738992914981664,-0.4501994575740719,0.531590124779588,0.303937177048275,0.08047539128339104,0.038500000300700776,infeasible,-1.2282111581438218,-1.4660097676695896,1.2013578612963562,-1.3003757122471828,-1.5600037640139695,-1.2274765763378737,0.0,0.0,0.0,0.0,0.0,0.0,0.038135324724132946,0.006421725941157176
5.729999999999922,0.27738992914981664,-0.4501994575740719,0.531590124779588,0.303937177048275,0.08047539128339104,0.20850000146310776,infeasible,-1.2282111581438218,-1.4660097676695896,1.2013578612963562,-1.3003757122471828,-1.5600037640139695,-1.2274765763378737,0.0,0.0,0.0,0.0,0.0,0.0,0.037082076087269544,0.006142300117250671
5.739999999999922,0.27738992914981664,-0.4501994575740719,0.531590124779588,0.303937177048275,0.08047539128339104,0.08933300159696955,infeasible,-1.2282111581438218,-1.4660097676695896,1.2013578612963562,-1.3003757122471828,-1.5600037640139695,-1.2274765763378737,0.0,0.0,0.0,0.0,0.0,0.0,0.03604193323916041,0.0058628742933441585
5.749999999999922,0.27738992914981664,-0.4501994575740719,0.531590124779588,0.303937177048275,0.08047539128339104,0.11079100113420282,infeasible,-1.2282111581438218,-1.4660097676695896,1.2013578612963562,-1.3003757122471828,-1.5600037640139695,-1.2274765763378737,0.0,0.0,0.0,0.0,0.0,0.0,0.035015371627270045,0.005583448469437653
5.759999999999922,0.27738992914981664,-0.4501994575740719,0.531590124779588,0.303937177048275,0.08047539128339104,0.06254199979593977,infeasible,-1.2282111581438218,-1.4660097676695896,1.2013578612963562,-1.3003757122471828,-1.5600037640139695,-1.2274765763378737,0.0,0.0,0.0,0.0,0.0,0.0,0.03400288330606373,0.005304022645531155
5.769999999999921,0.27738992914981664,-0.4501994575740719,0.531590124779588,0.303937177048275,0.08047539128339104,0.06170800043037161,infeasible,-1.2282111581438218,-1.4660097676695896,1.2013578612963562,-1.3003757122471828,-1.5600037640139695,-1.2274765763378737,0.0,0.0,0.0,0.0,0.0,0.0,0.03300497714130517,0.005024596821624663
5.779999999999921,0.27738992914981664,-0.4501994575740719,0.531590124779588,0.303937177048275,0.08047539128339104,0.05949999831500463,infeasible,-1.2282111581438218,-1.4660097676695896,1.2013578612963562,-1.3003757122471828,-1.5600037640139695,-1.2274765763378737,0.0,0.0,0.0,0.0,0.0,0.0,0.032022178956457883,0.004745170997718144
5.789999999999921,0.27738992914981664,-0.4501994575740719,0.531590124779588,0.303937177048275,0.08047539128339104,0.04345799970906228,infeasible,-1.2282111581438218,-1.4660097676695896,1.2013578612963562,-1.3003757122471828,-1.5600037640139695,-1.2274765763378737,0.0,0.0,0.0,0.0,0.0,0.0,0.031055031611992162,0.004465745173811639
5.799999999999921,0.27738992914981664,-0.4501994575740719,0.531590124779588,0.303937177048275,0.08047539128339104,0.03920800008927472,infeasible,-1.2282111581438218,-1.4660097676695896,1.2013578612963562,-1.3003757122471828,-1.5600037640139695,-1.2274765763378737,0.0,0.0,0.0,0.0,0.0,0.0,0.03010409500766252,0.0041863193499051266
5.809999999999921,0.27738992914981664,-0.4501994575740719,0.531590124779588,0.303937177048275,0.08047539128339104,0.16800000048533548,infeasible,-1.2282111581438218,-1.4660097676695896,1.2013578612963562,-1.3003757122471828,-1.5600037640139695,-1.2274765763378737,0.0,0.0,0.0,0.0,0.0,0.0,0.02916994599710583,0.003906893525998642
5.81999999999992,0.27738992914981664,-0.4501994575740719,0.531590124779588,0.303937177048275,0.08047539128339104,0.07708299926889595,infeasible,-1.2282111581438218,-1.4660097676695896,1.2013578612963562,-1.3003757122471828,-1.5600037640139695,-1.2274765763378737,0.0,0.0,0.0,0.0,0.0,0.0,0.028253178203437243,0.003627467702092116
5.82999999999992,0.27738992914981664,-0.4501994575740719,0.531590124779588,0.303937177048275,0.08047539128339104,0.05862499892828055,infeasible,-1.2282111581438218,-1.4660097676695896,1.2013578612963562,-1.3003757122471828,-1.5600037640139695,-1.2274765763378737,0.0,0.0,0.0,0.0,0.0,0.0,0.02735440172391526,0.0033480418781856175
5.83999999999992,0.27738992914981664,-0.4501994575740719,0.531590124779588,0.303937177048275,0.08047539128339104,0.0569160001759883,infeasible,-1.2282111581438218,-1.4660097676695896,1.2013578612963562,-1.3003757122471828,-1.5600037640139695,-1.2274765763378737,0.0,0.0,0.0,0.0,0.0,0.0,0.02647111736412734,0.0030686160542790983
5.84999999999992,0.27738992914981664,-0.4501994575740719,0.531590124779588,0.303937177048275,0.08047539128339104,0.08287499986181501,infeasible,-1.2282111581438218,-1.4660097676695896,1.2013578612963562,-1.3003757122471828,-1.5600037640139695,-1.2274765763378737,0.0,0.0,0.0,0.0,0.0,0.0,0.025592363564547846,0.002789487073789322
5.8599999999999195,0.27738992914981664,-0.4501994575740719,0.531590124779588,0.303937177048275,0.08047539128339104,0.07004199869697914,infeasible,-1.2282111581438218,-1.4660097676695896,1.2013578612963562,-1.3003757122471828,-1.5600037640139695,-1.2274765763378737,0.0,0.0,0.0,0.0,0.0,0.0,0.024717236062845316,0.002511288950669474
5.869999999999919,0.27738992914981664,-0.4501994575740719,0.531590124779588,0.303937177048275,0.08047539128339104,0.07758300125715323,infeasible,-1.2282111581438218,-1.4660097676695896,1.2013578612963562,-1.3003757122471828,-1.5600037640139695,-1.2274765763378737,0.0,0.0,0.0,0.0,0.0,0.0,0.023845862059466497,0.002234056611029024
5.879999999999919,0.27738992914981664,-0.4501994575740719,0.531590124779588,0.303937177048275,0.08047539128339104,0.04870799966738559,infeasible,-1.2282111581438218,-1.4660097676695896,1.2013578612963562,-1.3003757122471828,-1.5600037640139695,-1.2274765763378737,0.0,0.0,0.0,0.0,0.0,0.0,0.02297837418927244,0.0019578052224028045
5.889999999999919,0.27738992914981664,-0.4501994575740719,0.531590124779588,0.303937177048275,0.08047539128339104,0.04066600013175048,infeasible,-1.2282111581438218,-1.4660097676695896,1.2013578612963562,-1.3003757122471828,-1.5600037640139695,-1.2274765763378737,0.0,0.0,0.0,0.0,0.0,0.0,0.022114910776028562,0.0016825502162260489
5.899999999999919,0.27738992914981664,-0.4501994575740719,0.531590124779588,0.303937177048275,0.08047539128339104,0.03933399966626894,infeasible,-1.2282111581438218,-1.4660097676695896,1.2013578612963562,-1.3003757122471828,-1.5600037640139695,-1.2274765763378737,0.0,0.0,0.0,0.0,0.0,0.0,0.02125561609813109,0.0014083072918780123
5.909999999999918,0.27738992914981664,-0.4501994575740719,0.531590124779588,0.303937177048275,0.08047539128339104,0.18249999993713573,infeasible,-1.2282111581438218,-1.4660097676695896,1.2013578612963562,-1.3003757122471828,-1.5600037640139695,-1.2274765763378737,0.0,0.0,0.0,0.0,0.0,0.0,0.020400640665820827,0.0011350924207309404
5.919999999999918,0.27738992914981664,-0.4501994575740719,0.531590124779588,0.303937177048275,0.08047539128339104,0.1622079998924164,infeasible,-1.2282111581438218,-1.4660097676695896,1.2013578612963562,-1.3003757122471828,-1.5600037640139695,-1.2274765763378737,0.0,0.0,0.0,0.0,0.0,0.0,0.01955014151009274,0.000864292460231765
5.929999999999918,0.27738992914981664,-0.4501994575740719,0.531590124779588,0.303937177048275,0.08047539128339104,0.07666700003028382,infeasible,-1.2282111581438218,-1.4660097676695896,1.2013578612963562,-1.3003757122471828,-1.5600037640139695,-1.2274765763378737,0.0,0.0,0.0,0.0,0.0,0.0,0.018704282483458914,0.0006226231805156052
5.939999999999918,0.27738992914981664,-0.4501994575740719,0.531590124779588,0.303937177048275,0.08047539128339104,0.060291000409051776,infeasible,-1.2282111581438218,-1.4660097676695896,1.2013578612963562,-1.3003757122471828,-1.5600037640139695,-1.2274765763378737,0.0,0.0,0.0,0.0,0.0,0.0,0.017863462877799982,0.0003985646747515642
5.949999999999918,0.27738992914981664,-0.4501994575740719,0.531590124779588,0.303937177048275,0.08047539128339104,0.058458999774302356,infeasible,-1.2282111581438218,-1.4660097676695896,1.2013578612963562,-1.3003757122471828,-1.5600037640139695,-1.2274765763378737,0.0,0.0,0.0,0.0,0.0,0.0,0.017039109285013274,0.00018509990635864892
5.959999999999917,0.27738992914981664,-0.4501994575740719,0.531590124779588,0.303937177048275,0.08047539128339104,0.05712499842047691,infeasible,-1.2282111581438218,-1.4660097676695896,1.2013578612963562,-1.3003757122471828,-1.5600037640139695,-1.2274765763378737,0.0,0.0,0.0,0.0,0.0,0.0,0.01623811616244035,-1.7638055545166065e-05
5.969999999999917,0.27738992914981664,-0.4501994575740719,0.531590124779588,0.303937177048275,0.08047539128339104,0.057375000324100256,infeasible,-1.2282111581438218,-1.4660097676695896,1.2013578612963562,-1.3003757122471828,-1.5600037640139695,-1.2274765763378737,0.0,0.0,0.0,0.0,0.0,0.0,0.015461328137870253,-0.00020952075773392892
5.979999999999917,0.27738992914981664,-0.4501994575740719,0.531590124779588,0.303937177048275,0.08047539128339104,0.05654199958371464,infeasible,-1.2282111581438218,-1.4660097676695896,1.2013578612963562,-1.3003757122471828,-1.5600037640139695,-1.2274765763378737,0.0,0.0,0.0,0.0,0.0,0.0,0.014709603640757934,-0.0003904247291591431
5.989999999999917,0.27738992914981664,-0.4501994575740719,0.531590124779588,0.303937177048275,0.08047539128339104,0.04850000004807953,infeasible,-1.2282111581438218,-1.4660097676695896,1.2013578612963562,-1.3003757122471828,-1.5600037640139695,-1.2274765763378737,0.0,0.0,0.0,0.0,0.0,0.0,0.013983812472040683,-0.0005602318428907099
5.9999999999999165,0.27738992914981664,-0.4501994575740719,0.531590124779588,0.303937177048275,0.08047539128339104,0.15366600018751342,infeasible,-1.2282111581438218,-1.4660097676695896,1.2013578612963562,-1.3003757122471828,-1.5600037640139695,-1.2274765763378737,0.0,0.0,0.0,0.0,0.0,0.0,0.013284833018194844,-0.0007165754491883988
6.009999999999916,0.27738992914981664,-0.4501994575740719,0.531590124779588,0.303937177048275,0.08047539128339104,0.1829169996199198,infeasible,-1.2282111581438218,-1.4660097676695896,1.2013578612963562,-1.3003757122471828,-1.5600037640139695,-1.2274765763378737,0.0,0.0,0.0,0.0,0.0,0.0,0.012613549098859728,-0.0008351013604779647
6.019999999999916,0.27738992914981664,-0.4501994575740719,0.531590124779588,0.303937177048275,0.08047539128339104,0.0777910008764593,infeasible,-1.2282111581438218,-1.4660097676695896,1.2013578612963562,-1.3003757122471828,-1.5600037640139695,-1.2274765763378737,0.0,0.0,0.0,0.0,0.0,0.0,0.011970846442849084,-0.0009089696006373202
6.029999999999916,0.27738992914981664,-0.4501994575740719,0.531590124779588,0.303937177048275,0.08047539128339104,0.06312500045169145,infeasible,-1.2282111581438218,-1.4660097676695896,1.2013578612963562,-1.3003757122471828,-1.5600037640139695,-1.2274765763378737,0.0,0.0,0.0,0.0,0.0,0.0,0.011357608793993404,-0.0009379824874562945
6.039999999999916,0.27738992914981664,-0.4501994575740719,0.531590124779588,0.303937177048275,0.08047539128339104,0.06037499952071812,infeasible,-1.2282111581438218,-1.4660097676695896,1.2013578612963562,-1.3003757122471828,-1.5600037640139695,-1.2274765763378737,0.0,0.0,0.0,0.0,0.0,0.0,0.010774713655998157,-0.0009220620593999584
6.0499999999999154,0.27738992914981664,-0.4501994575740719,0.531590124779588,0.303937177048275,0.08047539128339104,0.062041999626671895,infeasible,-1.2282111581438218,-1.4660097676695896,1.2013578612963562,-1.3003757122471828,-1.5600037640139695,-1.2274765763378737,0.0,0.0,0.0,0.0,0.0,0.0,0.010220628029491599,-0.0008612511191299632
6.059999999999915,0.27738992914981664,-0.4501994575740719,0.531590124779588,0.303937177048275,0.08047539128339104,0.08583399903727695,infeasible,-1.2282111581438218,-1.4660097676695896,1.2013578612963562,-1.3003757122471828,-1.5600037640139695,-1.2274765763378737,0.0,0.0,0.0,0.0,0.0,0.0,0.009682975360129666,-0.000755712660091383
6.069999999999915,0.27738992914981664,-0.4501994575740719,0.531590124779588,0.303937177048275,0.08047539128339104,0.15654200069548097,infeasible,-1.2282111581438218,-1.4660097676695896,1.2013578612963562,-1.3003757122471828,-1.5600037640139695,-1.2274765763378737,0.0,0.0,0.0,0.0,0.0,0.0,0.009160196421834965,-0.0006057276939962289
6.079999999999915,0.27738992914981664,-0.4501994575740719,0.531590124779588,0.303937177048275,0.08047539128339104,0.17016699894156773,infeasible,-1.2282111581438218,-1.4660097676695896,1.2013578612963562,-1.3003757122471828,-1.5600037640139695,-1.2274765763378737,0.0,0.0,0.0,0.0,0.0,0.0,0.00865268226318372,-0.0004175587841312167
6.089999999999915,0.27738992914981664,-0.4501994575740719,0.531590124779588,0.303937177048275,0.08047539128339104,0.11362499935785308,infeasible,-1.2282111581438218,-1.4660097676695896,1.2013578612963562,-1.3003757122471828,-1.5600037640139695,-1.2274765763378737,0.0,0.0,0.0,0.0,0.0,0.0,0.008160825734550639,-0.00022066656475785984
6.099999999999914,0.27738992914981664,-0.4501994575740719,0.531590124779588,0.303937177048275,0.08047539128339104,0.061332999393926,infeasible,-1.2282111581438218,-1.4660097676695896,1.2013578612963562,-1.3003757122471828,-1.5600037640139695,-1.2274765763378737,0.0,0.0,0.0,0.0,0.0,0.0,0.007685020255002339,-1.9130568006529847e-05
6.109999999999914,0.27738992914981664,-0.4501994575740719,0.531590124779588,0.303937177048275,0.08047539128339104,0.06020900036673993,infeasible,-1.2282111581438218,-1.4660097676695896,1.2013578612963562,-1.3003757122471828,-1.5600037640139695,-1.2274765763378737,0.0,0.0,0.0,0.0,0.0,0.0,0.007217276686438991,0.00018418935255529872
6.119999999999914,0.27738992914981664,-0.4501994575740719,0.531590124779588,0.303937177048275,0.08047539128339104,0.06383300024026539,infeasible,-1.2282111581438218,-1.4660097676695896,1.2013578612963562,-1.3003757122471828,-1.5600037640139695,-1.2274765763378737,0.0,0.0,0.0,0.0,0.0,0.0,0.006749533117875656,0.0003875092731171412
6.129999999999914,0.27738992914981664,-0.4501994575740719,0.531590124779588,0.303937177048275,0.08047539128339104,0.05758299994340632,infeasible,-1.2282111581438218,-1.4660097676695896,1.2013578612963562,-1.3003757122471828,-1.5600037640139695,-1.2274765763378737,0.0,0.0,0.0,0.0,0.0,0.0,0.006281789549312335,0.0005908291936790114
6.1399999999999135,0.27738992914981664,-0.4501994575740719,0.531590124779588,0.303937177048275,0.08047539128339104,0.056417000450892374,infeasible,-1.2282111581438218,-1.4660097676695896,1.2013578612963562,-1.3003757122471828,-1.5600037640139695,-1.2274765763378737,0.0,0.0,0.0,0.0,0.0,0.0,0.005814469483875345,0.0007987568361237582
6.149999999999913,0.27738992914981664,-0.4501994575740719,0.531590124779588,0.303937177048275,0.08047539128339104,0.04145800085098017,infeasible,-1.2282111581438218,-1.4660097676695896,1.2013578612963562,-1.3003757122471828,-1.5600037640139695,-1.2274765763378737,0.0,0.0,0.0,0.0,0.0,0.0,0.005364822458203439,0.001040954826594269
6.159999999999913,0.27738992914981664,-0.4501994575740719,0.531590124779588,0.303937177048275,0.08047539128339104,0.18195799930253997,infeasible,-1.2282111581438218,-1.4660097676695896,1.2013578612963562,-1.3003757122471828,-1.5600037640139695,-1.2274765763378737,0.0,0.0,0.0,0.0,0.0,0.0,0.004942321754270403,0.0013222547716072522
6.169999999999913,0.27738992914981664,-0.4501994575740719,0.531590124779588,0.303937177048275,0.08047539128339104,0.13191599828132894,infeasible,-1.2282111581438218,-1.4660097676695896,1.2013578612963562,-1.3003757122471828,-1.5600037640139695,-1.2274765763378737,0.0,0.0,0.0,0.0,0.0,0.0,0.004547586808742336,0.0016420298348376466
6.179999999999913,0.27738992914981664,-0.4501994575740719,0.531590124779588,0.303937177048275,0.08047539128339104,0.0776249999034917,infeasible,-1.2282111581438218,-1.4660097676695896,1.2013578612963562,-1.3003757122471828,-1.5600037640139695,-1.2274765763378737,0.0,0.0,0.0,0.0,0.0,0.0,0.004180758825457258,0.001999583597463307
6.1899999999999125,0.27738992914981664,-0.4501994575740719,0.531590124779588,0.303937177048275,0.08047539128339104,0.056416000006720424,infeasible,-1.2282111581438218,-1.4660097676695896,1.2013578612963562,-1.3003757122471828,-1.5600037640139695,-1.2274765763378737,0.0,0.0,0.0,0.0,0.0,0.0,0.003823631939518686,0.002394157110143326
6.199999999999912,0.27738992914981664,-0.4501994575740719,0.531590124779588,0.303937177048275,0.08047539128339104,0.058708999858936295,infeasible,-1.2282111581438218,-1.4660097676695896,1.2013578612963562,-1.3003757122471828,-1.5600037640139695,-1.2274765763378737,0.0,0.0,0.0,0.0,0.0,0.0,0.0034665050535800934,0.002824936238944503
6.209999999999912,0.27738992914981664,-0.4501994575740719,0.531590124779588,0.303937177048275,0.08047539128339104,0.08262499977718107,infeasible,-1.2282111581438218,-1.4660097676695896,1.2013578612963562,-1.3003757122471828,-1.5600037640139695,-1.2274765763378737,0.0,0.0,0.0,0.0,0.0,0.0,0.0031145816225136846,0.003291121963318537
6.219999999999912,0.27738992914981664,-0.4501994575740719,0.531590124779588,0.303937177048275,0.08047539128339104,0.08349999916390516,infeasible,-1.2282111581438218,-1.4660097676695896,1.2013578612963562,-1.3003757122471828,-1.5600037640139695,-1.2274765763378737,0.0,0.0,0.0,0.0,0.0,0.0,0.0027964449546895587,0.003793596498775559
6.229999999999912,0.27738992914981664,-0.4501994575740719,0.531590124779588,0.303937177048275,0.08047539128339104,0.05579100070463028,infeasible,-1.2282111581438218,-1.4660097676695896,1.2013578612963562,-1.3003757122471828,-1.5600037640139695,-1.2274765763378737,0.0,0.0,0.0,0.0,0.0,0.0,0.00251700880038401,0.004332183315908747
6.239999999999911,0.27738992914981664,-0.4501994575740719,0.531590124779588,0.303937177048275,0.08047539128339104,0.11429200094426051,infeasible,-1.2282111581438218,-1.4660097676695896,1.2013578612963562,-1.3003757122471828,-1.5600037640139695,-1.2274765763378737,0.0,0.0,0.0,0.0,0.0,0.0,0.002276882113276875,0.00489298485866984
6.249999999999911,0.27738992914981664,-0.4501994575740719,0.531590124779588,0.303937177048275,0.08047539128339104,0.12570800026878715,infeasible,-1.2282111581438218,-1.4660097676695896,1.2013578612963562,-1.3003757122471828,-1.5600037640139695,-1.2274765763378737,0.0,0.0,0.0,0.0,0.0,0.0,0.002076598422259615,0.005461125536758343
6.259999999999911,0.27738992914981664,-0.4501994575740719,0.531590124779588,0.303937177048275,0.08047539128339104,0.06487500104412902,infeasible,-1.2282111581438218,-1.4660097676695896,1.2013578612963562,-1.3003757122471828,-1.5600037640139695,-1.2274765763378737,0.0,0.0,0.0,0.0,0.0,0.0,0.0019166101336603666,0.006036375401908267
6.269999999999911,0.27738992914981664,-0.4501994575740719,0.531590124779588,0.303937177048275,0.08047539128339104,0.05795799916086253,infeasible,-1.2282111581438218,-1.4660097676695896,1.2013578612963562,-1.3003757122471828,-1.5600037640139695,-1.2274765763378737,0.0,0.0,0.0,0.0,0.0,0.0,0.001797283562622716,0.006618521525122122
6.2799999999999105,0.27738992914981664,-0.4501994575740719,0.531590124779588,0.303937177048275,0.08047539128339104,0.05837500066263601,infeasible,-1.2282111581438218,-1.4660097676695896,1.2013578612963562,-1.3003757122471828,-1.5600037640139695,-1.2274765763378737,0.0,0.0,0.0,0.0,0.0,0.0,0.0017188126891367894,0.007207356993237962
6.28999999999991,0.27738992914981664,-0.4501994575740719,0.531590124779588,0.303937177048275,0.08047539128339104,0.05820899968966842,infeasible,-1.2282111581438218,-1.4660097676695896,1.2013578612963562,-1.3003757122471828,-1.5600037640139695,-1.2274765763378737,0.0,0.0,0.0,0.0,0.0,0.0,0.0016583626107110894,0.007802680850274739
6.29999999999991,0.27738992914981664,-0.4501994575740719,0.531590124779588,0.303937177048275,0.08047539128339104,0.04304200047045015,infeasible,-1.2282111581438218,-1.4660097676695896,1.2013578612963562,-1.3003757122471828,-1.5600037640139695,-1.2274765763378737,0.0,0.0,0.0,0.0,0.0,0.0,0.0016011580967842595,0.008404298025176796
6.30999999999991,0.27738992914981664,-0.4501994575740719,0.531590124779588,0.303937177048275,0.08047539128339104,0.0396249997720588,infeasible,-1.2282111581438218,-1.4660097676695896,1.2013578612963562,-1.3003757122471828,-1.5600037640139695,-1.2274765763378737,0.0,0.0,0.0,0.0,0.0,0.0,0.0015649980020869536,0.009012019247751586
6.31999999999991,0.27738992914981664,-0.4501994575740719,0.531590124779588,0.303937177048275,0.08047539128339104,0.039165999623946846,infeasible,-1.2282111581438218,-1.4660097676695896,1.2013578612963562,-1.3003757122471828,-1.5600037640139695,-1.2274765763378737,0.0,0.0,0.0,0.0,0.0,0.0,0.001548488314849522,0.009625660954456654
6.3299999999999095,0.27738992914981664,-0.4501994575740719,0.531590124779588,0.303937177048275,0.08047539128339104,0.03933300104108639,infeasible,-1.2282111581438218,-1.4660097676695896,1.2013578612963562,-1.3003757122471828,-1.5600037640139695,-1.2274765763378737,0.0,0.0,0.0,0.0,0.0,0.0,0.001533983594855022,0.010255335403723233
6.339999999999909,0.27738992914981664,-0.4501994575740719,0.531590124779588,0.303937177048275,0.08047539128339104,0.1792920011212118,infeasible,-1.2282111581438218,-1.4660097676695896,1.2013578612963562,-1.3003757122471828,-1.5600037640139695,-1.2274765763378737,0.0,0.0,0.0,0.0,0.0,0.0,0.0015194788748605012,0.010914854248880272
6.349999999999909,0.27738992914981664,-0.4501994575740719,0.531590124779588,0.303937177048275,0.08047539128339104,0.15775000065332279,infeasible,-1.2282111581438218,-1.4660097676695896,1.2013578612963562,-1.3003757122471828,-1.5600037640139695,-1.2274765763378737,0.0,0.0,0.0,0.0,0.0,0.0,0.0015049741548659942,0.011603372416328708
6.359999999999909,0.27738992914981664,-0.4501994575740719,0.531590124779588,0.303937177048275,0.08047539128339104,0.08258399975602515,infeasible,-1.2282111581438218,-1.4660097676695896,1.2013578612963562,-1.3003757122471828,-1.5600037640139695,-1.2274765763378737,0.0,0.0,0.0,0.0,0.0,0.0,0.0014904694348714873,0.01231994392871022
6.369999999999909,0.27738992914981664,-0.4501994575740719,0.531590124779588,0.303937177048275,0.08047539128339104,0.08437499855062924,ok,-1.2282111581438218,-1.4660097676695896,1.2013578612963562,-1.3003757122471828,-1.5600037640139695,-1.2274765763378737,0.4938840726798369,-0.19848890391368504,1.1810363050883528,-3.141592653589793,2.919643034678256,0.5151809579908069,0.0014786269071589975,0.013063627436888589
6.379999999999908,0.282521042362516,-0.4498076598676745,0.5300661709607546,0.2975088412463686,0.08079980184512336,0.07579200064355973,infeasible,-1.2232723174170235,-1.4679946567087265,1.2131682243472397,-1.3317916387830808,-1.5308073336671868,-1.2223247667579655,0.0,0.0,0.0,0.0,0.0,0.0,-0.0025748211703608276,0.017632694452491868
6.389999999999908,0.282521042362516,-0.4498076598676745,0.5300661709607546,0.2975088412463686,0.08079980184512336,0.09720799971546512,ok,-1.2232723174170235,-1.4679946567087265,1.2131682243472397,-1.3317916387830808,-1.5308073336671868,-1.2223247667579655,0.5514693022877712,-0.11274100740825489,1.0231793928694444,-3.141592653589793,2.0321934421644814,0.6379568747863564,-0.002539589255172385,0.018387321051301087
6.399999999999908,0.2873189672748615,-0.4497124600595597,0.5288993964036678,0.29233024645977534,0.08107672246995913,0.25883300077111926,ok,-1.2177576243941457,-1.469122066782809,1.2234000182759341,-1.3632075653189788,-1.510485399245542,-1.215945198010102,0.6115649103203887,-0.04862715179522298,0.9384785353907956,-3.141592653589793,1.7247406766545295,0.7434863684505613,-0.00606671241186451,0.022804458478322576
6.409999999999908,0.2922207541765435,-0.4496630744093555,0.5278485412999521,0.28700066784284395,0.08133386739192436,0.23687499924562871,ok,-1.2116419752909418,-1.4696083383007614,1.232784803629842,-1.3946234918548768,-1.4932379924789967,-1.2085103343255963,0.6729955700909481,0.016088757391917976,0.8574027114531697,-3.141592653589793,1.3736086208775617,0.8433543556603148,-0.009321563265248821,0.027270185918148643
6.419999999999908,0.2972049500045653,-0.44966555077603915,0.5268775318936515,0.2815823026672392,0.08159164021996589,0.13070900058664847,ok,-1.2049120195900322,-1.4694474507268422,1.2413588307443737,-1.4260394183907747,-1.479501906270221,-1.200076790768993,0.7339029809645071,0.08402791958310875,0.7696922439197716,-3.1232425488281854,0.9400844931866029,0.9333719483891334,-0.012238709871643182,0.03181708661436748
6.429999999999907,0.3022129265513316,-0.44974216586513166,0.5259640878133832,0.2762312642032019,0.08187081857767403,0.09254100041289348,ok,-1.197572989780387,-1.4686071715310112,1.2490557531835713,-1.4572718438790566,-1.470101061338355,-1.1907430712851017,0.774082745399587,0.16700741483194562,0.5876283905318203,-2.5846922408380912,0.7949496484826587,0.948491894977552,-0.014732206048173581,0.03639927114826749
6.439999999999907,0.3072636848864007,-0.4495803248006406,0.5249603689319405,0.2700503772834268,0.08214097999227196,0.08954099939728621,ok,-1.1898321623263912,-1.4669370973826916,1.2549320370888895,-1.4831187662874374,-1.4621515648535284,-1.1812581523353263,0.8142530085161603,0.24711092623739417,0.43950197789965534,-2.118843941044231,0.6548836792521663,0.9577694243744064,-0.016931946234286142,0.04071158888800426
6.449999999999907,0.3123876194069918,-0.4492453687819306,0.5237724753565485,0.26309638696013865,0.08242217284590649,0.07620900032634381,ok,-1.1816896322412296,-1.4644659881203177,1.259327056867886,-1.5043072056978797,-1.4556027280610067,-1.1716804580915823,0.8333707033823853,0.31700491646541407,0.2285459980543948,-1.3706364381895906,0.34847008671540286,0.9146948000346599,-0.01909040652019555,0.04482843554131788
6.459999999999907,0.31728171459994997,-0.44865655818921746,0.5224332082042403,0.25576521110412725,0.08271036633497743,0.07158299922593869,ok,-1.1733559252074057,-1.4612959389556635,1.26161251684843,-1.5180135700797757,-1.4521180271938525,-1.1625335100912357,0.7467057311943128,0.3597754933065309,-0.13749507698136018,-0.25477872383168765,-0.17878259914573286,0.7381086225366988,-0.02117227555589033,0.04853244691619146
6.4699999999999065,0.3211646232685173,-0.44790960742972485,0.5214258321490332,0.24968795630755,0.08295741873429831,0.05412500104284845,ok,-1.1658888678954626,-1.4576981840225982,1.2602375660786165,-1.5205613573180925,-1.45390585318531,-1.1551524238658688,0.552520271197019,0.38455991818388574,-0.38400503119469465,0.007911736023892243,-0.14661545371786208,0.5431087066084685,-0.022734699064056178,0.051235980646310034
6.479999999999906,0.32417114625122534,-0.44766191166966524,0.5212133489741038,0.2457944150726101,0.08312467615407307,0.04629199975170195,ok,-1.1603636651834925,-1.4538525848407593,1.2563975157666696,-1.5204822399578535,-1.4553720077224885,-1.149721336799784,0.4970929006872058,0.3918048568408136,-0.43882700588172363,0.07279813458542203,-0.1432195297429234,0.4868767688004821,-0.023316974580556725,0.052968560293136055
6.489999999999906,0.3269317483711638,-0.4475578650933251,0.5211561075521837,0.2424609619680102,0.08327386765537315,0.045957998736412264,ok,-1.1553927361766205,-1.4499345362723512,1.2520092457078524,-1.5197542586119992,-1.4568042030199178,-1.1448525691117792,0.4992910600882979,0.39031143656515815,-0.38258876269303116,0.018449029527757874,-0.14434404775817863,0.4890884923575151,-0.02371430255725222,0.054510093709972715
6.499999999999906,0.32972249730230413,-0.44746231061292746,0.5208822751668803,0.23890968622621847,0.08344191720133927,0.16395800048485398,ok,-1.1503998255757375,-1.4460314219066996,1.248183358080922,-1.5195697683167215,-1.4582476434974996,-1.139961684188204,0.5029504860684496,0.38992137705823904,-0.31757104725729907,-0.04622843471435169,-0.1468694447241106,0.49278652346586893,-0.02432628706866743,0.05627124549964642
6.509999999999906,0.3325544224907372,-0.44738178702847164,0.5203536509995531,0.2351000014690025,0.08363399632096744,0.0938339999265736,ok,-1.145370320715053,-1.4421322081361172,1.2450076476083491,-1.520032052663865,-1.4597163379447406,-1.1350338189535454,0.506990979862393,0.39570320542511583,-0.29055298980100597,-0.0790300582947783,-0.14873934869620825,0.49685641499887545,-0.025192645606825124,0.05827459308908453
6.519999999999905,0.3354307252716463,-0.4473151329587197,0.5196891549181364,0.23113418495670635,0.083840028523155,0.07095799992384855,ok,-1.140300410916429,-1.438175176081866,1.242102117710339,-1.5208223532468128,-1.4612037314317028,-1.1300652548035566,0.5105611626559716,0.4071387336895616,-0.30721831682684764,-0.07327531216822201,-0.14867928680603465,0.5004103448843803,-0.026196632579334047,0.06043094082169173
6.529999999999905,0.3383487993043404,-0.44725718700075745,0.5190311169266025,0.22713795147400812,0.08404658385940933,0.08183299905795138,ok,-1.1351947992898692,-1.4341037887449704,1.2390299345420706,-1.5215551063684951,-1.4626905242997632,-1.1250611513547129,0.5107093762845458,0.4177666128479843,-0.31845365079179666,-0.07175065313211558,-0.1479580248259655,0.5005668895510134,-0.02719654800152583,0.0626375644793998
6.539999999999905,0.3412942110741422,-0.4472185257717191,0.5183612997535322,0.2231210218330657,0.08425500516439059,0.08449999950244091,ok,-1.1300877055270238,-1.4299261226164905,1.2358453980341526,-1.5222726128998163,-1.4641701045480229,-1.1200554824592026,0.5028968931706003,0.4269256800237567,-0.31944491270917647,-0.07810120233996505,-0.1457086172600886,0.49281584362206876,-0.02820044717719015,0.06489753683364916
6.549999999999905,0.34423282980931297,-0.4472253602329209,0.5176454491301922,0.21911523313294567,0.0844681172804644,0.11433299914642703,ok,-1.1250587365953177,-1.425656865816253,1.232650948907061,-1.523053624923216,-1.4656271907206238,-1.115127324022982,0.4662351492800089,0.4309388804648953,-0.2858708349310599,-0.11073176936765393,-0.13793475967644947,0.4564108018327398,-0.029130899712074963,0.06720923923506837
6.559999999999905,0.3470392435148018,-0.44737433700113155,0.5167701773940638,0.21524879312910197,0.08469588400304509,0.1438330000382848,ok,-1.1203963851025176,-1.421347477011604,1.2297922405577504,-1.5241609426168925,-1.4670065383173883,-1.1105632160046546,0.43594275864869986,0.44427363484345905,-0.3347538377658907,-0.06868379715026666,-0.12635048240397367,0.4260944184569143,-0.030072497205545876,0.06955563285310351
6.569999999999904,0.3497375810060664,-0.4476293646909317,0.516009453432489,0.2117048872119368,0.08491081401038753,0.04708400047093164,ok,-1.1160369575160305,-1.4169047406631694,1.2264447021800915,-1.524847780588395,-1.468270043141428,-1.1063022718200854,0.43380561765162573,0.4652226996844752,-0.4450589098224876,0.02515294595948791,-0.11881765240945531,0.42363867356834056,-0.03077294616071826,0.07176272886782523
6.579999999999904,0.3524481502837301,-0.4478892749117636,0.515566543316311,0.20843764914752394,0.08509246015427242,0.23329200121224858,ok,-1.1116989013395142,-1.4122525136663246,1.2219941130818666,-1.5245962511288003,-1.4694582196655226,-1.102065885084402,0.431012072016595,0.46469455868055937,-0.4252518687431583,0.006600349608280035,-0.11765497300762605,0.42092344601433496,-0.031044028772224983,0.07378339157109395
6.589999999999904,0.3551603539907568,-0.4481525452456421,0.5150401068578657,0.20509933102397077,0.08527913341849078,0.20216600023559295,ok,-1.1073887806193483,-1.407605568079519,1.217741594394435,-1.5245302476327174,-1.4706347693955988,-1.0978566506242586,0.41659870755476136,0.455505667387714,-0.3641464498840862,-0.044146579120031365,-0.1144535403747935,0.4067448743811363,-0.03125157189214868,0.07589216975211967
6.599999999999904,0.3578178723458482,-0.4484487784103794,0.514310267814372,0.20167193492753407,0.0854821771626779,0.09512499855190981,ok,-1.1032227935438006,-1.4030505114056417,1.214100129895594,-1.5249717134239178,-1.4717793047993468,-1.0937892018804474,0.39558369703443763,0.435795005950855,-0.2877273577939213,-0.09967659238734859,-0.11031449153840463,0.3860711604898566,-0.03147634772500579,0.07812773877718575
6.6099999999999035,0.3603728611736133,-0.4487658974081053,0.5133667057798188,0.19818954286494264,0.08570085415445379,0.07012500100245234,ok,-1.0992669565734563,-1.3986925613461332,1.2112228563176548,-1.5259684793477912,-1.4728824497147308,-1.0899284902755488,0.3713898430255647,0.4138494903918494,-0.21382323285619878,-0.15030825582492255,-0.10574310892743667,0.36224881106986195,-0.03149387047070897,0.08047297709799807
6.619999999999903,0.3628043407505104,-0.44910483073344243,0.5122301677325884,0.19469543515672655,0.0859330533683974,0.0690830001985887,ok,-1.0955530581432007,-1.3945540664422147,1.2090846239890929,-1.5274715619060404,-1.4739398808040052,-1.0863060021648503,0.3446718805815437,0.3901472992021686,-0.14377011317756722,-0.19524763100775774,-0.10084405398195986,0.3359259839774788,-0.031237946236476667,0.08289690900659573
6.629999999999903,0.3650945860614631,-0.4494655962207088,0.510924468830758,0.19123112162256936,0.08617624961530233,0.072750000981614,ok,-1.0921063393373853,-1.390652593450193,1.2076469228573172,-1.529424038216118,-1.4749483213438248,-1.0829467423250756,0.31614591211099013,0.36521268725752104,-0.0787847008381444,-0.23386220537161512,-0.09573027305258934,0.3078112197835997,-0.03080684421264967,0.08536939948325022
6.639999999999903,0.36722965144564784,-0.4498473273389092,0.509475783777334,0.1878351364137601,0.08642760766294628,0.08499999967170879,ok,-1.0889448802162753,-1.3870004665776179,1.2068590758489357,-1.531762660269834,-1.4759056240743507,-1.0798686301272395,0.28656208577141046,0.33960234095305314,-0.019920548495100148,-0.26570852594255584,-0.09051865236708787,0.27864642702048986,-0.03047975340170051,0.08786196098107453
6.649999999999903,0.36919976335227433,-0.45024836139577395,0.5079118307842891,0.1845419420820286,0.08668410786684837,0.05012500150769483,ok,-1.0860792593585613,-1.3836044431680874,1.2066598703639848,-1.5344197455292596,-1.4768108105980216,-1.0770821658570346,0.25667443813505686,0.3138901234449659,0.03197453759518552,-0.2905575540019443,-0.08532524535058944,0.24917709377481012,-0.030278010156608658,0.09034444316372757
6.659999999999902,0.3709995541501732,-0.4506663922257477,0.5062609611933421,0.18138098707500042,0.08694268715209721,0.22595900009036995,ok,-1.0835125149772107,-1.3804655419336378,1.2069796157399366,-1.537325321069279,-1.4776640630515274,-1.0745903949192865,0.2273381319328392,0.2890678647483329,0.07629181808656992,-0.30881500777178367,-0.08026309535262795,0.2202467369536544,-0.03018171006239279,0.0927865042494997
6.669999999999902,0.3726296386174877,-0.45109997515288963,0.5045492302990048,0.1783735997112762,0.0872006987194886,0.0915000000532018,ok,-1.0812391336578824,-1.3775748632861544,1.2077425339208023,-1.5404134711469968,-1.4784666940050537,-1.07238792754975,0.20016052644229781,0.2707488475400478,0.11487780162286182,-0.3277385379206119,-0.07532147148901498,0.19341929495650562,-0.030083314213846277,0.09517296213670597
6.679999999999902,0.3741113690629651,-0.4515664774297213,0.5027689192046673,0.17550352920676998,0.08746045927126539,0.06983300045249052,ok,-1.0792375283934594,-1.3748673748107538,1.208891311937031,-1.5436908565262029,-1.4792199087199438,-1.070453734600185,0.1727479506677106,0.25122809203545515,0.14881343962896923,-0.34092507306959924,-0.07044487581428467,0.1663602338283017,-0.029789490312389182,0.09751383225771211
6.689999999999902,0.37543839964584985,-0.4520598764983024,0.5009442886312845,0.1727944249445723,0.08771892731786848,0.07608299893036019,ok,-1.0775100488867824,-1.3723550938903992,1.2103794463333206,-1.5471001072568988,-1.4799243574780867,-1.068790132261902,0.14605919347746052,0.23142211779832014,0.1766752797026612,-0.34791002648116937,-0.06578682002680204,0.14001731236667628,-0.0293025424752626,0.09979427246163823
6.699999999999902,0.3766104243243953,-0.4525738990760946,0.49910088441513234,0.17026402878335048,0.08797316153954778,0.06841699905635323,ok,-1.0760494569520078,-1.370040872712416,1.2121461991303473,-1.5505792075217106,-1.4805822256783547,-1.0673899591382352,0.12099542829754795,0.21226878390639348,0.19753750824105065,-0.3487358901039061,-0.0614839304487245,0.11528117708467632,-0.028642541318943178,0.10200191333009599
6.709999999999901,0.37763320786242394,-0.4531025506251386,0.49726345377964115,0.1679227284609295,0.08822057793504176,0.0821249996079132,ok,-1.0748395026690323,-1.3679181848733521,1.2141215742127578,-1.5540665664227498,-1.4811970649828419,-1.0662371473673884,0.09826720230622506,0.1945967883439714,0.21108801055227422,-0.3439331015083401,-0.057636047451800884,0.09285386547945898,-0.027832924451595853,0.10412769277997323
6.719999999999901,0.37851772273013107,-0.45364062883015105,0.4954540261344363,0.1657732614581978,0.08845914846369,0.13758299974142574,ok,-1.07385683064597,-1.3659722169899124,1.2162324543182805,-1.557505897437833,-1.4817734254573598,-1.0653086087125938,0.07831241563180456,0.1790281217373074,0.21760455422553412,-0.33439807670351274,-0.05429567470034645,0.07316777463722911,-0.02689833120389882,0.10616626903862249
6.729999999999901,0.3792786460230384,-0.45418410864352005,0.49369055578799126,0.16381153973393875,0.0886875020932915,0.10787499923026189,ok,-1.0730737064896518,-1.3641819357725393,1.2184084998605358,-1.5608498782048683,-1.4823163822043632,-1.0645769309662214,0.06144476397632412,0.1662162100457072,0.21721670195243759,-0.3209105531242048,-0.05149195188262366,0.05653321052428112,-0.02586284019465227,0.10811583511167767
6.739999999999901,0.3799338182529636,-0.454730601443959,0.4919873230805805,0.16202806105035206,0.08890488289891485,0.17750000006344635,ok,-1.0724592588498887,-1.3625197736720822,1.22058066688006,-1.5640589837361103,-1.4828313017231896,-1.0640115988609786,0.04852111981921566,0.15783928997235508,0.20788515776798294,-0.30316347983330877,-0.049327113673198676,0.04380093211948577,-0.024754697599834903,0.10997738281644613
6.7499999999999005,0.380508392045994,-0.4552805036126199,0.4903585044219695,0.16040754369915763,0.08911101611695424,0.090958999862778,ok,-1.0719740476516966,-1.3609413807723587,1.2226595184577398,-1.5670906185344433,-1.4833245728599216,-1.0635735895397838,0.03729325842807906,0.15059215856910038,0.19754921820783972,-0.28558817086561744,-0.04745869920933468,0.03273933995018014,-0.0236602446803916,0.11175381940943686
6.7599999999999,0.381012276833705,-0.45583262576375316,0.4888029209588004,0.1589364913568215,0.08930648509277057,0.07375000132014975,ok,-1.0716011150674158,-1.3594354591866677,1.2246350106398183,-1.5699465002430995,-1.4837991598520148,-1.063246196140282,0.027527660143855066,0.1445330858660654,0.18632480567982376,-0.2683452378734862,-0.045842442230054944,0.023118027216233003,-0.022597644110568603,0.11345120013816319
6.7699999999999,0.3814545376314836,-0.45638681983095136,0.48731860666212856,0.1576026235072528,0.08949195836342749,0.06866699914098717,ok,-1.0713258384659774,-1.3579901283280071,1.2264982586966164,-1.5726299526218344,-1.4842575842743153,-1.0630150158681195,0.01900884420054311,0.13966666841801062,0.17435448766602765,-0.2515715787872317,-0.044438173262389274,0.014724482742237458,-0.021561567906191525,0.11507516829781332
6.7799999999999,0.38184334634990563,-0.45694371565014,0.4859029659408872,0.1563948300075495,0.08966815833849193,0.06799999937356915,ok,-1.071135750023972,-1.356593461643827,1.2282418035732767,-1.5751456684097067,-1.4847019660069392,-1.062867771040697,0.015310030957163913,0.1288320243310163,0.1785704785509694,-0.24539127853074325,-0.043709077527284965,0.011112845035204436,-0.020548038791646506,0.11663096069786578
6.7899999999999,0.38219106531232816,-0.45746870267607276,0.4845221787914824,0.15523581140091988,0.08983732201203493,0.06733299960615113,ok,-1.0709826497144004,-1.3553051414005168,1.2300275083587864,-1.577599581195014,-1.485139056782212,-1.062756642590345,0.015439911230077916,0.11249375499415137,0.1954976251833009,-0.2467115456640812,-0.04351660251464692,0.011300442124724464,-0.01951986137696981,0.11816020221235222
6.7999999999998995,0.38250569468369167,-0.45793079638997713,0.48315369602923103,0.15406692091206836,0.09000048907502117,0.06712499998684507,ok,-1.0708282506020996,-1.3541802038505752,1.2319824846106193,-1.580066696651655,-1.4855742228073585,-1.0626436381690978,0.016036875949126762,0.09659920862324702,0.21025480258987386,-0.24627468549436884,-0.04341208998591685,0.011945815500974727,-0.01844442401106762,0.11969388393422332
6.809999999999899,0.38278978590845963,-0.4583291746645934,0.4818040320987098,0.15289043245072345,0.09015705212460068,0.05404199873737525,ok,-1.0706678818426083,-1.3532142117643429,1.234085032636518,-1.5825294435065986,-1.4860083437072176,-1.062524180014088,0.017048346645847087,0.08142289821074872,0.2224909272287995,-0.24399048014791827,-0.04338498248535798,0.012996200432493702,-0.017318479327850467,0.12122942908024402
6.819999999999899,0.38304622391821247,-0.4586642334395773,0.48047970424800923,0.1517093899647023,0.09030648171644506,0.04625000110536348,ok,-1.0704973983761499,-1.3523999827822353,1.236309941908806,-1.5849693483080778,-1.486442193532071,-1.0623942180097632,0.01840940605194606,0.06720316826360472,0.23195336552639656,-0.2398328543902623,-0.04342258059585149,0.014386800462430082,-0.016139948922885963,0.1227638434381108
6.829999999999899,0.3832781125408179,-0.4589375306859529,0.4791870241485469,0.15052749498383422,0.09044834588836609,0.04662500032281969,ok,-1.0703133043156303,-1.3517279510995992,1.2386294755640699,-1.5873676768519804,-1.4868764193380295,-1.0622503500051388,0.0200484858605516,0.05412596099039274,0.23850088127311636,-0.23383733260895917,-0.04351111325458227,0.016046450808313587,-0.014908011302935155,0.12429386067904737
6.839999999999899,0.3834886505689154,-0.45915164443678297,0.47793192014445407,0.14934895240351506,0.09058232106938108,0.04450000051292591,ok,-1.0701128194570249,-1.3511866914896953,1.241014484376801,-1.58970605017807,-1.4873115304705753,-1.0620898854970557,0.02189324105502908,0.04231682223702649,0.24210206498526898,-0.22609184431382462,-0.04363682502165998,0.01790343785592416,-0.013623052935729983,0.1258160166536328
6.849999999999898,0.38368101469449195,-0.45930997187324873,0.47671980614843257,0.1481782959275898,0.09070819412162599,0.12170900117780548,ok,-1.0698938870464745,-1.350763523267325,1.2434355050266537,-1.5919669686212081,-1.487747898720792,-1.0619108511184965,0.023875584712421776,0.03183908539458478,0.24282402768500438,-0.21672363911803388,-0.043786894916088316,0.019890466362074363,-0.012286578668417342,0.12732679714963796
6.859999999999898,0.3838582575547447,-0.4594164944735191,0.4755555043731167,0.14702021376391708,0.09082585606057224,0.0955420000536833,ok,-1.0696551311993503,-1.350445132413379,1.2458637453035037,-1.5941342050123886,-1.4881857676699528,-1.0617119464548757,0.025935338969472796,0.02269912229972014,0.24081286262604432,-0.20588472332753954,-0.04395008879465718,0.021948238662762957,-0.01090101087105897,0.12882273756983809
6.869999999999898,0.38402322899141056,-0.45947554074365965,0.4744432189590193,0.1458793920916154,0.09093528962949762,0.08508300015819259,ok,-1.0693957778096557,-1.3502181411903817,1.2482718739297642,-1.596193052245664,-1.4886252685578993,-1.061492464068248,0.02802225200345064,0.014856793407891483,0.2362704891568374,-0.19373867780103568,-0.04411710317407173,0.024027407721573184,-0.00946947177065554,0.13030052304484963
6.879999999999898,0.38417852431743343,-0.45949157330085993,0.4733865488019047,0.14476038624904636,0.09103655361744084,0.07945799916342366,ok,-1.0691155552896212,-1.3500695732563028,1.2506345788213327,-1.5981304390236744,-1.48906643958964,-1.061252189991032,0.03009657098542203,0.008236504341826928,0.22943345412065216,-0.18044998193964312,-0.04428064329202626,0.026089102203222938,-0.007995517343729018,0.13175702645212473
6.8899999999998975,0.38432645520003206,-0.4594690099026267,0.4723885286337243,0.14366752362403687,0.09112976573414698,0.09116599903791212,ok,-1.068814589579767,-1.3499872082128845,1.2529289133625392,-1.5999349388430708,-1.4895092460225603,-1.0609912989689998,0.0321285530624635,0.0027386792540848703,0.22055437273026807,-0.16617639539489998,-0.04443530717992878,0.028104404495458663,-0.006482977262117003,0.13318935330688658
6.899999999999897,0.3844690400852792,-0.4594120858082692,0.4714516859015343,0.1426048372523723,0.09121508597051993,0.1488330017309636,ok,-1.0684933040491422,-1.3499598214203437,1.255134457089842,-1.6015967027970197,-1.4899535990943595,-1.0607102549240452,0.03409731394327723,-0.001750137223860813,0.209887586708004,-0.15106425221645087,-0.044577351924709005,0.03005318062163806,-0.004936667340640057,0.13459489649496553
6.909999999999897,0.38460800917796933,-0.45932475650726623,0.47057810366971237,0.14157602597917876,0.0912927015843278,0.048583000534563325,ok,-1.0681523309097094,-1.3499773227925822,1.257233332956922,-1.6031073453191842,-1.4903993726136067,-1.0604097231178289,0.035802161542684445,-0.005293235358287586,0.19805753085174882,-0.13567901997118756,-0.04467110607092892,0.03173761156162269,-0.0033616623726052813,0.1359713062767341
6.919999999999897,0.3847441690889248,-0.45921168038309157,0.4697677344446969,0.14058451107583245,0.0913629843661694,0.04491700019570999,ok,-1.0677943092942825,-1.3500302551461651,1.2592139082654397,-1.604464135518896,-1.490846083674316,-1.0600923470022126,0.037098808808069525,-0.007978096209580215,0.18585896504073646,-0.1207435386497481,-0.04469081237645898,0.03301637044496823,-0.0017658751979578377,0.13731701567637716
6.929999999999897,0.38487762534958064,-0.4590779494159375,0.469017862253861,0.13963243006306342,0.09142652232295506,0.04466700011107605,ok,-1.0674233212062019,-1.350110036108261,1.261072497915847,-1.6056715709053935,-1.4912929917980806,-1.0597621832977628,0.03850324994591567,-0.00938175453540597,0.17206422557131987,-0.10546094344427825,-0.04472711911654369,0.034399653643992834,-0.00015926787217733496,0.13863174413544455
6.9399999999998965,0.3850114894399834,-0.4589279697275569,0.46832851959354854,0.13872046407900043,0.09148378148368277,0.1989579996006796,ok,-1.0670382887067427,-1.350203853653615,1.2627931401715602,-1.6067261803398363,-1.491740262989246,-1.0594181867613228,0.03995516024576373,-0.010416100296415385,0.15775856424018378,-0.0900230393939763,-0.04476996311739162,0.03582939824381391,0.0014671322356707497,0.13991491973558734
6.949999999999896,0.38514680755485714,-0.45876310652911245,0.46769992780513453,0.13784897732240908,0.09153495604489177,0.052166000386932865,ok,-1.066638737104285,-1.3503080146565791,1.264370725813962,-1.607626410733776,-1.49218796262042,-1.0590598927788848,0.04143852553509324,-0.011532868525190485,0.14336493984426293,-0.07440738139230671,-0.044817013576706234,0.03729030958584023,0.0031066080530910284,0.14116626923374997
6.959999999999896,0.3852836354344608,-0.45858311890883474,0.4671328446227836,0.13701845670957014,0.09158005817108386,0.050708000344457105,ok,-1.066224351848934,-1.3504233433418311,1.2658043752124046,-1.6083704845476992,-1.492636132756187,-1.0586869896830264,0.04295355273917519,-0.012725733136033314,0.12887107240341092,-0.05860788670305591,-0.04486822671832713,0.03878259931793221,0.004758908336279642,0.14238536039371286
6.969999999999896,0.3854220281475247,-0.4583877649862274,0.4666280419407715,0.1362294022005256,0.09161909176448328,0.04516599983617198,ok,-1.0657948163215423,-1.3505506006731915,1.2670930859364387,-1.6089565634147298,-1.4930848150233702,-1.0582991636898471,0.044500417417851594,-0.013988191588174019,0.11426459243377451,-0.04261856262408335,-0.04492355153465925,0.04030644859472586,0.006424260339390607,0.1435718378210208
6.979999999999896,0.385562039796825,-0.45817680187856347,0.46618630538943706,0.13548232671128999,0.09165205234803,0.04425000042829197,ok,-1.0653498121473637,-1.3506904825890733,1.2682357318607764,-1.6093827490409707,-1.493534050538717,-1.0578960992039,0.04441704064839463,-0.013889022319679818,0.11224213785958008,-0.040917910240992145,-0.044668226546314804,0.04024613231826482,0.008102916430334853,0.14472556470205772
6.989999999999895,0.3857015062072349,-0.4579656029878458,0.4657522418218187,0.13474237706625444,0.09168417638584808,0.043957999878330156,ok,-1.0649056417408798,-1.3508293728122702,1.2693581532393723,-1.6097919281433806,-1.49398073280418,-1.0574936378807174,0.04420300860197386,-0.013684301638537953,0.11124436203275202,-0.04037440296307981,-0.044389691569803325,0.04005866028431681,0.00978132526459178,0.1458802724449783
6.999999999999895,0.38584025111090325,-0.45775539452102015,0.4653213656766349,0.13400671930579225,0.09171588887680783,0.04362500112620182,ok,-1.06446361165486,-1.3509662158286555,1.2704705968596999,-1.6101956721730113,-1.4944246297198782,-1.0570930512778742,0.043989788162097886,-0.013484746708005799,0.11026027711969899,-0.03983859671783523,-0.04411300728589613,0.039871801147685695,0.011458410034651319,0.14703922806235742
7.009999999999895,0.3859782738521061,-0.4575461660974376,0.4648936483121776,0.13327532470487605,0.09174719571766138,0.04470800013223197,ok,-1.0640237137732391,-1.3511010632957356,1.2715731996308968,-1.6105940581401896,-1.4948657597927373,-1.0566943332663974,0.043777381087764196,-0.013290240953713141,0.10928963858339265,-0.03931036295657431,-0.0438381618479429,0.039685558206068436,0.013115582088623859,0.14820237203070885
7.019999999999895,0.3861155738765105,-0.4573379075322408,0.4644690614354643,0.13254816480137663,0.09177810268656576,0.04416699994180817,ok,-1.0635859399623615,-1.3512339657052728,1.2726660960167306,-1.6109871617697553,-1.4953041414112167,-1.0562974776843368,0.04356578898516974,-0.013100670553014757,0.10833220727147684,-0.03878957582056872,-0.043565143446727676,0.03949993459927338,0.014751814332527383,0.14936962270294513
7.0299999999998946,0.38625215072848723,-0.4571306088318998,0.4640475770962713,0.13182521139215017,0.09180861544622765,0.04337499922257848,ok,-1.0631502820725098,-1.351364972410803,1.2737494180894453,-1.611375057527961,-1.495739792845684,-1.0559024783383442,0.04335501331242761,-0.012915924360312112,0.1073877492713464,-0.038276112069812726,-0.04329394031180603,0.03931493331363597,0.016392856758875335,0.15054090044847007
7.039999999999894,0.38638800404849144,-0.45692426018986426,0.4636291676813032,0.13110643652921583,0.09183873954694469,0.04350000017439015,ok,-1.0627167319393855,-1.351494131654406,1.2748232955821588,-1.6117578186486592,-1.496172732248802,-1.0555093290052078,0.043145055384142234,-0.012735893834765609,0.10645603576995843,-0.03776985101415695,-0.04302454071278103,0.03913055718630813,0.01803825391403746,0.1517161390281503
7.049999999999894,0.38652313357051327,-0.45671885198232615,0.46321380590849565,0.13039181251602117,0.09186848042955408,0.04387500121083576,ok,-1.0622852813855441,-1.3516214905927537,1.2758878559398583,-1.6121355171588008,-1.49660297765593,-1.0551180234333446,0.042935916375847996,-0.012560472970303521,0.10553684291816379,-0.03727067444667944,-0.042756932960519876,0.03894680890942612,0.01968758809799069,0.15289523973011254
7.059999999999894,0.3866575391195911,-0.4565143747640938,0.4628014648214437,0.12968131190379356,0.09189784342828507,0.04400000034365803,ok,-1.0618559222217856,-1.3517470953224568,1.27694322436904,-1.6125082239032675,-1.4970305469855352,-1.0547285553442503,0.042727597328310316,-0.012389558227850223,0.10462995169932084,-0.03677846657913734,-0.04249110540830925,0.03876369103415335,0.021340487719784154,0.1540781626239583
7.069999999999894,0.38679122060939153,-0.4563108192645696,0.46239211778395894,0.1289749074879736,0.09192683377352391,0.23787499958416447,ok,-1.0614286462485025,-1.3518709909047353,1.2779895238860333,-1.612876008569059,-1.4974554580396182,-1.0543409184339088,0.04252009915169793,-0.012223048469686856,0.1037351478021225,-0.03629311397951516,-0.04222704645295745,0.038581205974609165,0.022996595319338925,0.15526482389685653
7.0799999999998935,0.38692417803984896,-0.45610817638383155,0.46198573847474494,0.12827257230472833,0.09195545659449296,0.17654099974606652,ok,-1.0610034452569856,-1.3519932213894321,1.2790268753640546,-1.6132389397088542,-1.4978777285041478,-1.0539551063741626,0.042313422629632245,-0.012060844895865121,0.10285222149741818,-0.035814505511528656,-0.04196474453583993,0.03839935601168645,0.02465560531833587,0.15645516393256692
7.089999999999893,0.38705641149486597,-0.45590643718881296,0.4615823008821925,0.12757427962754297,0.09198371692184387,0.07825000102457125,ok,-1.0605803110306893,-1.3521138298383908,1.2800553975790288,-1.6135970847639696,-1.4982973759495062,-1.0535711128140457,0.042107568423110295,-0.01190285098260215,0.10198096751892168,-0.035342532276054044,-0.04170418814389637,0.03821814329675603,0.026317233283176852,0.15764910264351906
7.099999999999893,0.38718792114007183,-0.4557055929095807,0.46118177929928866,0.1268800029638882,0.09201161969017399,0.06849999954283703,ok,-1.0601592353464582,-1.3522328583482168,1.281075207254218,-1.6139505100867302,-1.498714417830945,-1.053188931381078,0.04190253707431639,-0.011748972422585368,0.10112118494764392,-0.034877087554381195,-0.04144536581057393,0.03803756985527071,0.027981219887558903,0.15884658361960075
7.109999999999893,0.38731870722063816,-0.455505634935706,0.4607841483186381,0.1261897160519596,0.09203916974046311,0.07066699981805868,ok,-1.059740209975715,-1.3523503480724426,1.2820864191036945,-1.614299280962274,-1.4991288714890507,-1.0528085556825253,0.04169832901031371,-0.011599117067113914,0.10027267709989447,-0.03441806675321616,-0.04118826611672318,0.03785763759026166,0.029647328376171136,0.16004755167406232
7.119999999999893,0.3874487700591486,-0.45530655481272675,0.4603893828275936,0.12550339285749126,0.09206637182243706,0.07908299994596746,ok,-1.0593232266856119,-1.3524663392431138,1.2830891458746934,-1.6146434616298062,-1.499540754150218,-1.0524299793066227,0.041494944546632814,-0.011453194870007096,0.0994352514187545,-0.03396536735140295,-0.040932877691449064,0.0376783482857422,0.03131534231923522,0.16125192108378306
7.129999999999892,0.3875781100535228,-0.4551083442386984,0.45999745800349,0.12482100757063362,0.09209323059685788,0.05649999911838677,ok,-1.0589082772401455,-1.352580871191814,1.284083498388881,-1.6149831153033203,-1.4999500829271324,-1.0520531958237653,0.0412923838907471,-0.01131111783323675,0.09860871936891263,-0.033518888848295444,-0.04067918921291509,0.03749970361000864,0.03298506362093179,0.16245966087541452
7.139999999999892,0.3877067276749915,-0.454910995060831,0.45960834930898326,0.12414253460290296,0.09211975063774606,0.04612500015355181,ok,-1.058495353401238,-1.3526939823701463,1.28506958558257,-1.6153183041918033,-1.5003568748192615,-1.0516781987876653,0.04109064714545038,-0.011172799954191622,0.09779289633465381,-0.03307853271367198,-0.0404271894091079,0.03732170511885454,0.034656310749842156,0.16367069888663577
7.149999999999892,0.38783462346612313,-0.45471449927220936,0.4592220324874884,0.1234679485841932,0.09214593643453446,0.08895799874153454,ok,-1.0580844469297834,-1.3528057103696882,1.2860475145459165,-1.6156490895189402,-1.5007611467133526,-1.0513049817364768,0.04088973431213068,-0.011038157174544937,0.0969876015209994,-0.032644202339196536,-0.040176867058553487,0.03714435425868979,0.03632891716387372,0.16488497511989642
7.159999999999892,0.3879617980388984,-0.45451884900859496,0.458838483558716,0.12279722435985324,0.09217179239415844,0.1905409990285989,ok,-1.057675549586662,-1.3529160919414336,1.2870173905611264,-1.615975531542332,-1.501162915383938,-1.0509335381938898,0.04068964529395355,-0.010907107330644024,0.09619265785782347,-0.03221580299136273,-0.039928210991000565,0.03696765236957947,0.038001788690858684,0.16610243102512845
7.169999999999892,0.388088252072833,-0.45432403654530623,0.45845767881430066,0.12213033698782327,0.09219732284308332,0.051541999710025266,ok,-1.0572686531337225,-1.35302516301474,1.2879793171397047,-1.6162976895722456,-1.501562197493848,-1.050563861670194,0.04049037989894309,-0.010779570105392095,0.09540789190682795,-0.031793241765805655,-0.03968121008806117,0.0367916006881889,0.03967377033742199,0.16732301952862977
7.179999999999891,0.3882139863131466,-0.4541300542941765,0.45807959481352567,0.12146726173583358,0.09222253202927098,0.04462500146473758,ok,-1.056863749334733,-1.353132958715794,1.288933396058773,-1.6166156219899037,-1.5019590095947286,-1.050195945663312,0.04029193784298154,-0.010655466981552258,0.09463313377134323,-0.03137642754303536,-0.03943585328381422,0.036616200350656186,0.04134487565133585,0.16854668456475558
7.189999999999891,0.3883390015689769,-0.4539368948005847,0.457704208379134,0.12080797407865923,0.09224742412408916,0.04375000025902409,ok,-1.0564608299563032,-1.3532395133856097,1.2898797273964864,-1.616929386265334,-1.5023533681275667,-1.0498297836598056,0.0400943187527142,-0.010534721196430888,0.09386821700875804,-0.030965270945432912,-0.03919212956537694,0.03644145239537836,0.04301509611348739,0.16977337140944537
7.199999999999891,0.38846329871163754,-0.45374455074056014,0.4573314965932291,0.12015244969543235,0.09227200322416346,0.043583999286056496,ok,-1.056059886768776,-1.353344860597574,1.290818409566574,-1.6172390389747884,-1.5027452894232205,-1.0494653691358518,0.03989752216837477,-0.010417257697893532,0.09311297854557718,-0.030559684295545213,-0.038950027973434075,0.036267357765725636,0.04468445475859992,0.17100302664530986
7.209999999999891,0.38858687867291875,-0.4535530149179574,0.4569614367932593,0.11950066446700919,0.09229627335317553,0.04333300057624001,ok,-1.0556609115470923,-1.353449033174553,1.2917495393520297,-1.6175446358177439,-1.5031347897029548,-1.0491026955581946,0.03970154754652546,-0.01030300310167212,0.09236725859500448,-0.03015958157564032,-0.038709537602744266,0.036093917312679434,0.04635295080219255,0.17223560780034464
7.2199999999998905,0.3887097424434291,-0.4533622802616992,0.45659400656808635,0.11885259447338997,0.09232023846360989,0.04350000017439015,ok,-1.055263896071627,-1.3535520632055698,1.2926732119379798,-1.6178462316335003,-1.5035218850789822,-1.0487417563850678,0.039506394262714795,-0.010191885649906772,0.09163090057683955,-0.0297648783883373,-0.038470647602604414,0.03592113179739382,0.04802059126964249,0.17347106367920972
7.22999999999989,0.3888318910709775,-0.4531723398230861,0.45622918375413457,0.11820821599119236,0.09234390243844696,0.04345799970906228,ok,-1.0548688321289998,-1.3536539820620688,1.2935895209437482,-1.6181438804173836,-1.5039065915550083,-1.0483825450670938,0.03931206161406909,-0.010083835170889387,0.09090375103983755,-0.029375491918519212,-0.03823334717728942,0.035749001893698173,0.049687383082330186,0.1747093537779565
7.23999999999989,0.3889533256589954,-0.4529831867731711,0.45586694643161835,0.11756750549117305,0.09236726909281087,0.04304200047045015,ok,-1.0544757115128591,-1.3537548204137777,1.2944985584541466,-1.6184376353365688,-1.5042889250267812,-1.048025055048157,0.03911854882179175,-0.00997878303997481,0.09018565958621859,-0.028991340896234955,-0.03799762558645999,0.03557752819051631,0.05135333305967607,0.1759504102370591
7.24999999999989,0.38907404736499573,-0.45279481440019775,0.45550727292084614,0.11693043963580046,0.092390342175566,0.04337499922257848,ok,-1.0540845260246412,-1.3538546082441774,1.295400415050009,-1.6187275487455313,-1.5046689012826457,-1.0476692797662517,0.03892585503360854,-0.009876662141604188,0.08947647879839873,-0.028612345560722657,-0.03776347214554233,0.035406711194235004,0.05301845558590661,0.17719420426767507
7.25999999999989,0.38919405739907015,-0.45260721610709836,0.4551501417786011,0.11629699527687473,0.09241312537087111,0.04404099854582455,ok,-1.0536952674743052,-1.3539533748655934,1.296295179837993,-1.6190136722011386,-1.5050465360041012,-1.0473152126543093,0.03873397932612864,-0.009777406832411666,0.08877606416782054,-0.028238427625457065,-0.03753087622607869,0.03523655133099747,0.05468274954775923,0.17844067985612772
7.269999999999889,0.38931335702242187,-0.45242038540905277,0.45479553179459153,0.11566714945319272,0.09243562229968717,0.043792000724351965,ok,-1.053307927681044,-1.3540511489339175,1.297182940479671,-1.619296056477393,-1.505421844766362,-1.0469628471409993,0.038542920707145704,-0.00968095290538829,0.08808427402580782,-0.02786951024417778,-0.03729982725605346,0.0350670489489415,0.056346221471200345,0.17968980976461224
7.279999999999889,0.38943194754593435,-0.4522343159311051,0.4544434219879764,0.1150408793882613,0.09245783652124276,0.04329200055508409,ok,-1.0529224984739725,-1.3541479584629714,1.298063783219929,-1.6195747515798349,-1.5057948430389225,-1.04661217665151,0.038352678117865545,-0.00958723755504741,0.08740096947635531,-0.027505517977859092,-0.0370703147201928,0.0348982043203699,0.058008885348504916,0.18094153103536859
7.289999999999889,0.3895498303287727,-0.4520490014058369,0.4540937916039554,0.11441816248805245,0.09247977153445787,0.18195799930253997,ok,-1.0525389716927938,-1.3542438308385218,1.2989377929146926,-1.6198498067596134,-1.5061655461861245,-1.0462631946083063,0.03816325043508192,-0.009496199343576865,0.08672601433089895,-0.027146376762683812,-0.03684232816023948,0.03473001764387581,0.05967073988972017,0.1821958181615146
7.299999999999889,0.3896670067770206,-0.45186443567109463,0.45374662011043165,0.11379897633880108,0.09250143077932796,0.16925000090850517,ok,-1.052157339188443,-1.3543387928319577,1.2998050530580016,-1.6201212705272403,-1.5065339694677269,-1.0459158944318676,0.037974636473274814,-0.009407778167932692,0.0860592750448236,-0.026792013878820915,-0.036615857175202104,0.03456248904639429,0.06133179134400188,0.18345262825923747
7.309999999999889,0.38978347834234817,-0.45168061266777204,0.45340188719473584,0.11318329870484692,0.09252281763826938,0.08737499956623651,ok,-1.05177759282371,-1.354432870613637,1.3006656458084498,-1.6203891906660286,-1.506900128039479,-1.0455702695414038,0.03778683498666181,-0.009321915227858328,0.08540062065580936,-0.026442357920131086,-0.036390891421587114,0.03439561858521409,0.06299205332993632,0.184711910697481
7.319999999999888,0.3898992465207116,-0.4514975264376428,0.453059572760418,0.11257110752651492,0.09254393543742616,0.09516699901723769,ok,-1.0513997244738436,-1.3545260897659157,1.3015196520150079,-1.62065361424523,-1.5072640369536947,-1.0452263133555517,0.037599844671180674,-0.009238552994783288,0.08474992272386063,-0.026097338764677673,-0.03616742061360024,0.03422940624992346,0.06465152439472822,0.1859736334613185
7.329999999999888,0.39001431285108495,-0.4513151711212456,0.45271965692409943,0.11196238091803515,0.09256478744794203,0.13845799912814982,ok,-1.0510237260271318,-1.3546184752958634,1.3023671512422466,-1.6209145876328768,-1.5076257111598308,-1.0448840192930524,0.037413664166425234,-0.009157635181581695,0.08410705527303303,-0.025756887546091827,-0.035945434523335006,0.03406385196431588,0.06631021052624055,0.18723775655624875
7.339999999999888,0.3901286789142197,-0.4511335409558176,0.45238212001238814,0.11135709716550442,0.09258537688719554,0.1111250003305031,ok,-1.0506495893854675,-1.3547100516476793,1.303208221794977,-1.6211721565083377,-1.5079851655050642,-1.0445433807734092,0.03722829205751752,-0.00907910671316244,0.08347189473471843,-0.02542093662566493,-0.03572492298093441,0.03389895558823546,0.0679681249864972,0.18850424090224815
7.349999999999888,0.3902423463314358,-0.4509526302732764,0.4520469425588519,0.11075523472488207,0.09260570692000285,0.09462500020163134,ok,-1.0502773064648923,-1.354800842714811,1.3040429407423242,-1.6214263658745944,-1.5083424147348736,-1.044204391217527,0.03704372687693195,-0.009002913697867779,0.08284431989252154,-0.02508941956524515,-0.035505875874738184,0.03373471691937929,0.06962526617268634,0.1897730566903505
7.3599999999998875,0.39035531676343965,-0.4507724334982479,0.45171410530105066,0.11015677222002308,0.09262578065978644,0.05808400055684615,ok,-1.0499068691961229,-1.3548908718517898,1.3048713839412494,-1.621677260070247,-1.508697473493621,-1.043867044048333,0.03685996710626506,-0.008929003399641573,0.08222421182863232,-0.024762271100853862,-0.03528828315140619,0.03357113569504921,0.07128164711832703,0.19104416633707344
7.369999999999887,0.39046759190917085,-0.4505929451461413,0.45138358917762533,0.10956168844074833,0.0926456011697118,0.1953329992829822,ok,-1.0495382695250601,-1.3549801618857862,1.3056936260595358,-1.6219248827812556,-1.509050356325135,-1.0435313326913827,0.036677011177957144,-0.008857324210961573,0.081611453871662,-0.024439427117022135,-0.03507213481602614,0.033408211593859746,0.07293726612746754,0.19231752490250764
7.379999999999887,0.390579173504675,-0.45041415982126737,0.45105537532544304,0.10897073755798424,0.09266517146379434,0.09154100007435773,ok,-1.0491714994132806,-1.3550687351278958,1.3065097405982524,-1.6221692770524259,-1.5094010776732951,-1.043197250575444,0.03649488056930049,-0.008787660321443628,0.08100585608917257,-0.024120914649502518,-0.03485742814848712,0.03324596689981757,0.07459213601196275,0.1935931129781578
7.389999999999887,0.39069006377150206,-0.4502360727373721,0.4507294445742648,0.10838334807343031,0.09268449460247591,0.08037499901547562,ok,-1.0488065506075877,-1.3551566117311102,1.307319799159144,-1.6224104861989208,-1.50974965195478,-1.042864790906446,0.03631355717267224,-0.008720079253236984,0.08040735758222235,-0.023806606073891855,-0.03464414803947519,0.033084385043322645,0.0762462545873303,0.19487087924686924
7.399999999999887,0.39080026464771106,-0.45005867882272665,0.45040577830980016,0.10779925889554828,0.09270357353190284,0.06720800047332887,ok,-1.048443415035861,-1.3552438125236426,1.3081238727349662,-1.6226485522596596,-1.5100960934351746,-1.0425339470560127,0.03613303208676553,-0.008654584016825137,0.0798158714230232,-0.02349641242411895,-0.034432282412078546,0.03292345847532311,0.07789963433353876,0.19615080556586978
7.4099999999998865,0.39090977796546694,-0.4498819729265987,0.45008435826457566,0.10721844965505557,0.09272241112282284,0.06637499973294325,ok,-1.0480820847149934,-1.3553303583638108,1.3089220314491965,-1.6228835163839008,-1.5104404162592955,-1.0422047124712595,0.03595330356982022,-0.00859112725975,0.07923128952249638,-0.02319027403260356,-0.034221821511333086,0.03276318666178544,0.07955228052261952,0.19743285811438055
7.419999999999886,0.39101860558983587,-0.44970594998012237,0.4497651663580812,0.10664090013719073,0.09274101020099927,0.06529100028274115,ok,-1.0477225516792952,-1.3554162696364083,1.3097143443444215,-1.623115419124227,-1.5107826344744089,-1.0418770806046416,0.035774369838805845,-0.008529662632073174,0.0786535057939432,-0.022888132259411234,-0.03401275564090171,0.03260356901786201,0.08120419125517296,0.198716996041359
7.429999999999886,0.39112674941778486,-0.4495306049946236,0.44944818469417985,0.10606659028000752,0.09275937354817479,0.0653749993944075,ok,-1.047364807980907,-1.355501566262729,1.310500879402361,-1.623344300446821,-1.5111227620308179,-1.041551044914463,0.035596229070870324,-0.008470144763407688,0.07808241610884137,-0.022589929470497715,-0.03380507516308694,0.032444604909346364,0.08285537175609549,0.2000031949553216
7.439999999999886,0.39123421137720577,-0.44935593305998395,0.4491333955585668,0.10549550017269879,0.09277750390301143,0.08454199996776879,ok,-1.0470088456901983,-1.3555862677103632,1.3112817035634494,-1.6235701997415262,-1.5114608127824487,-1.0412265988653695,0.035418879404741525,-0.008412529240561968,0.07751791825374288,-0.022295609016450738,-0.03359877049882923,0.03228629365408578,0.08450584125596326,0.201291423228736
7.449999999999886,0.39134099342596107,-0.4491819293430413,0.4488207814162745,0.10492761005394768,0.09279540396200497,0.046459001168841496,ok,-1.0466546568961508,-1.3556703930027687,1.3120568827459869,-1.6237931558316907,-1.511796800487437,-1.0409037359288287,0.03524231894209695,-0.0083567725857563,0.0769599118883424,-0.022005115211834382,-0.03339383212769262,0.032128634523364084,0.0861556777849997,0.20258165746194418
7.459999999999885,0.39144709755095064,-0.4490085890860258,0.44851032490922277,0.10436290031030877,0.09281307638037459,0.04291699951863848,ok,-1.0463022337067298,-1.3557539607286262,1.3128264818648703,-1.6240132069838091,-1.5121307388087137,-1.0405824495835951,0.03506654574889371,-0.008302832235419354,0.07640829850460057,-0.021718393315018507,-0.03319025058783541,0.03197162674324679,0.08780522440638909,0.20387385970382516
7.469999999999885,0.391552525767203,-0.44883590760503267,0.44820200885381467,0.10380135147461544,0.09283052377293112,0.18049999926006421,ok,-1.0459515682492408,-1.3558369890509805,1.3135905648499162,-1.6242303909169593,-1.512462641314592,-1.0402627333161627,0.034891557856656395,-0.00825066651951883,0.0758629813869705,-0.02143538950858223,-0.032988016475970876,0.031815269495889476,0.08945449369459872,0.20516800036111837
7.479999999999885,0.391657280116984,-0.44866388028852716,0.44789581623857583,0.10324294422441525,0.09284774871492119,0.09387499994772952,ok,-1.0456026526706743,-1.3559194957161758,1.314349194663786,-1.6244447448120451,-1.5127925214793518,-1.0399445806212038,0.03471735326373368,-0.008200234641444655,0.07532386557359691,-0.021156050880145348,-0.03278712044731512,0.031659561920810195,0.09110347832311162,0.20646405777446758
7.489999999999885,0.3917613626689285,-0.4484925025958845,0.44759173022183524,0.10268765938043008,0.09286475374284978,0.08387500020035077,ok,-1.045255479138037,-1.3560014980625903,1.315102433319522,-1.6246563053208467,-1.513120392683825,-1.0396279850019956,0.03454392993651921,-0.008151496658390675,0.07479085781856097,-0.020880325403754656,-0.032587553215522404,0.03150450311614015,0.09275216488896938,0.2077620033823957
7.4999999999998845,0.39186477551719073,-0.4483217700559617,0.4472897341294497,0.10213547790504358,0.09288154135528204,0.14216700037650298,ok,-1.044910039838672,-1.3560830130291741,1.3158503418977077,-1.6248651085748842,-1.5134462682159802,-1.0393129399708343,0.03437128581063533,-0.008104413462257598,0.07426386655505231,-0.020608161921681314,-0.032389305552611485,0.031350092139829054,0.09440054085813872,0.20906180923846746
7.509999999999884,0.3919675207806144,-0.4481516782657007,0.4469898114525671,0.10158638090081232,0.0928981140136239,0.08195800000976305,ok,-1.0445663269805656,-1.3561640571637967,1.3165929805632581,-1.625071190194101,-1.5137701612715062,-1.038999439049436,0.034199418792091284,-0.008058946761022276,0.07374280185952313,-0.020339510126742143,-0.03219236828888025,0.031196328010830967,0.09604859451184798,0.21036327360111773
7.519999999999884,0.39206960060192203,-0.44798222288876405,0.4466919458454302,0.10104034960900149,0.0929144741428829,0.06487500104412902,ok,-1.0442243327926448,-1.3562446466314069,1.3173304085818534,-1.6252745852953685,-1.514092084954395,-1.0386874757693276,0.03402832675839531,-0.00801505906060105,0.07322757541667693,-0.020074320544968077,-0.0319967323128093,0.031043209710248657,0.09769630815077175,0.21166472770658318
7.529999999999884,0.3921710171469223,-0.44781339965419836,0.44639612112321997,0.10049736540814509,0.09293062413241009,0.09745900024427101,ok,-1.0438840495250608,-1.356324797222013,1.3180626843360201,-1.625475328500818,-1.514412052277523,-1.038377043672225,0.033858007559652716,-0.00797271364715346,0.07271810048542857,-0.019812544518808463,-0.03180238857095865,0.030890736182462145,0.09934368506821802,0.2129657517110099
7.539999999999884,0.3922717726037359,-0.4476452043551298,0.44610232125993554,0.09995740981262866,0.09294656633662184,0.0502500006405171,ok,-1.0435454694494641,-1.3564045243584846,1.3187898653408745,-1.6256734539460063,-1.5147300761632327,-1.0380681363104005,0.033688459019618935,-0.007931874569844358,0.07221429186563093,-0.019554134190651974,-0.03160932806785151,0.0307389063362134,0.10099070224921465,0.21426634618080842
7.5499999999998835,0.3923718691820394,-0.44747763284748676,0.445810530386313,0.09942046447129536,0.09296230307570565,0.16649999997753184,ok,-1.043208584859268,-1.356483843104183,1.3195120082595309,-1.6258689952879128,-1.5150461694439112,-1.0377607472470385,0.033519678936734056,-0.007892506624040193,0.0717160658657301,-0.019299042486847627,-0.031417541865852,0.03058771904567839,0.10263735751462778,0.21556652604317217
7.559999999999883,0.39247130911232503,-0.44731068104875016,0.44552073278777915,0.09888651116607332,0.09297783663630513,0.09708299876365345,ok,-1.0428733880699006,-1.3565627681704233,1.3202291689181882,-1.6260619857127814,-1.5153603448625697,-1.0374548700565818,0.03335166508511756,-0.007854575334906145,0.07122334027113746,-0.019047223102046762,-0.031227021085032648,0.03043717315149901,0.10428364913740222,0.21686627754146248
7.569999999999883,0.39257009464517867,-0.44714434493673283,0.44523291290244205,0.09835553181062671,0.09299316927219071,0.06783400021959096,ok,-1.0425398714190495,-1.3566413139237723,1.3209414023208996,-1.6262524579438018,-1.5156726150734199,-1.0371504983250668,0.03318441521554734,-0.007818046941441285,0.07073603431341023,-0.01879863048392355,-0.031037756903034088,0.030287267461802315,0.10592955611322556,0.21816560842195687
7.579999999999883,0.39266822805057355,-0.44697862054838416,0.4449470553191148,0.09782750844902498,0.09300830320491167,0.06695800038869493,ok,-1.042208027266894,-1.3567194943931866,1.3216487626640336,-1.626440444248641,-1.5159829926424502,-1.0368476256504489,0.033017927056402926,-0.007782888380880338,0.07025406864023843,-0.018553219818339947,-0.030849740554917106,0.030138000753177963,0.10757507784128374,0.21946452650864146
7.589999999999883,0.3927657116171801,-0.4468135039786213,0.44466314477537516,0.0973024232544356,0.09302324062443304,0.06579199907719158,ok,-1.04187784799633,-1.3567973232769954,1.322351303350436,-1.6266259764468245,-1.5162914900479993,-1.036546245642917,0.03285219831458427,-0.007749067273504005,0.06977736528611155,-0.01831094701478843,-0.030662963333006735,0.02998937177164591,0.1092202075813992,0.22076302512883694
7.599999999999882,0.39286254765169193,-0.4466489913791857,0.44438116615565726,0.0967802585278356,0.09303798368975612,0.06450000000768341,ok,-1.041549326013184,-1.3568748139497304,1.323049077003297,-1.6268090859169724,-1.5165981196813294,-1.0362463519252005,0.03268722667640795,-0.007716551907806674,0.06930584764373772,-0.01807176869223569,-0.03047741658672917,0.029841379233590936,0.11086493906213808,0.22206110480556235
7.609999999999882,0.3929587384781656,-0.44648507895752493,0.44410110448937606,0.09626099669674415,0.09305253452952424,0.10037500032922253,ok,-1.04122245374642,-1.3569519794688085,1.3237421354797343,-1.6269898036038948,-1.5169028938471967,-1.0359479381328647,0.03252300980847466,-0.007685311226038109,0.06883944043613062,-0.017835642165265116,-0.030293091722442298,0.029694021826677144,0.11250927287607727,0.2233587733788679
7.619999999999882,0.3930542864373774,-0.44632176297569737,0.44382294494908453,0.0957446203139727,0.09306689524261245,0.053875000958214514,ok,-1.0408972236483354,-1.3570288325810689,1.3244305298840957,-1.6271681600255474,-1.5172058247644211,-1.0356509979145978,0.03235954535851491,-0.007655314810094751,0.06837806968940813,-0.01760252543058846,-0.03010998020325815,0.029547298210738128,0.11415319072963832,0.22465603140730117
7.629999999999882,0.39314919388619335,-0.44615903974930254,0.4435466728486603,0.09523111205639566,0.0930810678987049,0.045666000005439855,ok,-1.0405736281947502,-1.3571053857291697,1.3251143105809897,-1.6273441852798534,-1.5175069245664536,-1.0353555249324904,0.03219683095621053,-0.007626532867753525,0.06792166270620939,-0.01737237715383782,-0.029928073548860276,0.02940120701864635,0.11579670041137495,0.22595376282423263
7.6399999999998816,0.39324346319695364,-0.4459969056464327,0.4432722736415251,0.09472045472373905,0.09309505453885626,0.1463329990656348,ok,-1.040251659885188,-1.3571816510578472,1.3257935272080519,-1.6275179090513918,-1.5178062053019423,-1.035061512862304,0.03203486421399244,-0.007598936219241202,0.06747014803980875,-0.017145156656724572,-0.029747363335315292,0.02925574685715583,0.11743979084845037,0.22725323255471397
7.649999999999881,0.39333709675687123,-0.44583535708664773,0.4429997329188917,0.09421263123738716,0.09310885717603994,0.07700000060140155,ok,-1.0399313112430482,-1.3572576404200396,1.32646822868845,-1.627689360617959,-1.5181036789352955,-1.0347689553937325,0.03187364272781798,-0.007572496284123243,0.06702345546874466,-0.016920823904400493,-0.029567841194876897,0.029110916307731726,0.11908245773960675,0.22855441918642355
7.659999999999881,0.3934300969674438,-0.44567439053997254,0.4427290364080423,0.0937076246392078,0.09312247779568368,0.06520799979625735,ok,-1.03961257481577,-1.3573333653828807,1.3271384632431373,-1.627858568857003,-1.5183993573472443,-1.0344778462306552,0.031713164077926355,-0.0075471850685186,0.0665815159722042,-0.01669933949325186,-0.029389498815786657,0.028966713927355857,0.12072469711314555,0.22985729977837926
7.669999999999881,0.3935224662438792,-0.4455140025259148,0.442460169970634,0.09320541809039312,0.09313591835619199,0.08412500028498471,ok,-1.0392954431749908,-1.357408837233566,1.3278042784028594,-1.6280255622519355,-1.5186932523354022,-1.0341881790913816,0.031553425829569,-0.007522975152608574,0.06614426170585747,-0.01648066463885711,-0.029212327942066553,0.02882313824930419,0.12236650530845135,0.23116185183576043
7.679999999999881,0.3936142070145342,-0.44535418961250456,0.4421931196010327,0.0927059948703197,0.09314918078945567,0.15566699948976748,ok,-1.0389799089166951,-1.357484066985092,1.328465721019918,-1.6281903688983241,-1.5189853756148228,-1.0338999477088886,0.03139442553372674,-0.007499839678453555,0.06571162597831472,-0.01626476116426208,-0.02903632037330975,0.028680187783920192,0.12400788513589987,0.23246806022223793
7.6899999999998805,0.39370532172036443,-0.4451949484153542,0.4419278714246748,0.09220933837542347,0.09316226700134958,0.09379100083606318,ok,-1.0386659646613579,-1.3575590653818765,1.329122837279701,-1.6283530165099667,-1.5192757388185558,-1.0336131458310494,0.031236160727802713,-0.007477752338097749,0.06528354322818297,-0.016051591488573907,-0.028861467964464312,0.028537861019357274,0.12564882725968496,0.23377590308656798
7.69999999999988,0.39379581281438886,-0.4450362755967377,0.4416644116964554,0.0917154321180913,0.09317517887221867,0.04612500015355181,ok,-1.0383536030540799,-1.3576338429052575,1.329775672711983,-1.6285135324248523,-1.5195643534982004,-1.0333277672208558,0.03107862893629292,-0.00745668736194765,0.06485994900155925,-0.01584111861572184,-0.028687762625612328,0.028396156422305276,0.1272893288527166,0.23508535221893512
7.70999999999988,0.3938856827611645,-0.4448781678646903,0.4414027267991436,0.09122425972557076,0.09318791825735229,0.04333400102041196,ok,-1.0380428167647169,-1.357708409778877,1.3304242722019985,-1.6286719436110095,-1.5198512311244565,-1.033043805656633,0.030921827671446626,-0.007436619507437905,0.06444077993016961,-0.01563330612358143,-0.02851519632174613,0.02825507243869963,0.12892939340957948,0.23639639351771857
7.71999999999988,0.39397493403627426,-0.44472062197212736,0.4411428032418218,0.09073580493889058,0.09320048698744658,0.042875000872300006,ok,-1.0377335984880025,-1.3577827759739514,1.3310686800013003,-1.6288282766722453,-1.520136383087674,-1.0327612549322458,0.030765754433898798,-0.007417524047958837,0.06402597370989524,-0.015428118153229838,-0.028343761072539084,0.028114607494418634,0.1305690124423603,0.2377090129932692
7.72999999999988,0.3940635691258254,-0.44456363471598065,0.44088462765835224,0.09025005161180183,0.09321288686905828,0.042875000872300006,ok,-1.0374259409436635,-1.357856951214431,1.3317089397383992,-1.6289825578537775,-1.5204198206983994,-1.0324801088573017,0.03061040671329317,-0.0073993767620401454,0.06361546907992087,-0.015225519398571424,-0.028173448952112663,0.027974759995949894,0.13220818983299104,0.23902317707295206
7.739999999999879,0.39415159052596027,-0.4444072029363539,0.44062818680586735,0.08976698370973045,0.09322511968504475,0.21295900114637334,ok,-1.0371198368765306,-1.3579309449820514,1.3323450944291984,-1.6291348130477632,-1.5207015551879206,-1.0322003612573423,0.03045578198888096,-0.007382153922791036,0.06320920580224917,-0.015025475096077944,-0.028004252088800065,0.027835528331052843,0.1338469116207594,0.24033887910488216
7.749999999999879,0.39423900074237656,-0.4442513235156959,0.4403734675632837,0.0892865853087457,0.09323718719499705,0.10724999992817175,ok,-1.0368152790566418,-1.3580047665212793,1.3329771864872209,-1.629285067798724,-1.5209815977088086,-1.0319220059740317,0.030301877730107615,-0.00736583228758797,0.06280712464175803,-0.01482795101482884,-0.027836162664905878,0.027696910869397323,0.13548519400496112,0.24165609297894142
7.759999999999879,0.3943258022898603,-0.44409599337799127,0.44012045692984114,0.08880884059454318,0.09324909113565968,0.09045799924933817,ok,-1.0365122602793408,-1.3580784248441553,1.3336052577336384,-1.6294333473088725,-1.5212599593354577,-1.0316450368653378,0.030148691397181782,-0.007350389087997805,0.06240916734671767,-0.014632913446780391,-0.027669172916462578,0.02755890596319748,0.13712302344414734,0.24297480593815868
7.769999999999879,0.39441199769182805,-0.4439412094879672,0.43986914202366406,0.08833373386144125,0.09326083322134388,0.08133399933285546,ok,-1.036210773365369,-1.3581519287350352,1.3342293494071056,-1.6295796764433403,-1.5215366510646222,-1.0313694478057058,0.029996220441626073,-0.007335802019940358,0.062015276629676735,-0.014440329197169591,-0.02750327513298406,0.027421511947807866,0.13876039858556166,0.24429499273727934
7.779999999999879,0.3944975894798796,-0.44378696885031815,0.439619510080346,0.08786124951139285,0.09327241514432841,0.07820799874025397,ok,-1.0359108111609527,-1.3582252867552347,1.3348495021734024,-1.629724079735312,-1.521811683815952,-1.0310952326862277,0.02984446230681744,-0.007322049234067995,0.061625396148911216,-0.014250165575267476,-0.027338461657214923,0.027284727142333036,0.14039732408148786,0.24561664118890802
7.789999999999878,0.3945825801933611,-0.44363326850894563,0.4393715484515558,0.0873913720530072,0.09328383857525402,0.0675409992254572,ok,-1.0356123665378845,-1.3582985072475753,1.3354657561348915,-1.6298665813910647,-1.5220850684325242,-1.0308223854148044,0.029693414428507522,-0.007309109326377858,0.061239470490143874,-0.014062390385175804,-0.02717472488487921,0.027148549850199103,0.14203379300032293,0.24693973302638383
7.799999999999878,0.394666972378938,-0.44348010554621436,0.4391252446036671,0.08692408610058933,0.093295105163506,0.0497920009365771,ok,-1.0353154323935994,-1.358371598340839,1.336078150839793,-1.6300072052949164,-1.522356815681373,-1.0305508999163024,0.02954307423532771,-0.007296961329030533,0.060857445148800315,-0.013876971916957328,-0.027012057264423444,0.027012978359717835,0.14366981600771433,0.24826424423944
7.809999999999878,0.3947507685901775,-0.4433274770822239,0.4388805861164076,0.0864593763731894,0.09330621653759077,0.04479199924389832,ok,-1.035020001651246,-1.3584445679541295,1.336686725291281,-1.6301459750140859,-1.5226269362540172,-1.0302807701327052,0.029393439149289335,-0.0072855847013837275,0.06047926651260538,-0.013693878937897006,-0.02685045129675984,0.026878010944648527,0.14530537495473234,0.24959016945324852
7.819999999999878,0.39483397138714,-0.44317538027409564,0.4386375606815305,0.08599722769366573,0.09331717430550167,0.043125000956933945,ok,-1.0347260672597531,-1.3585174238011433,1.337291517956407,-1.630282913803465,-1.5228954407669848,-1.0300119900232587,0.02924450658625555,-0.007274959321228254,0.0601048818445604,-0.01351308068394488,-0.02668989953500542,0.02674364586472856,0.14694048645590463,0.250917485239942
7.8299999999998775,0.3949165833359813,-0.4430238123152736,0.4383961561015065,0.08553762498776087,0.09332798005507834,0.04262500078766607,ok,-1.0344336221938906,-1.3585901733943555,1.3378925667748527,-1.6304180446103043,-1.5231623397623348,-1.0297445535646115,0.029096273956411307,-0.007265065476217521,0.05973423926635088,-0.013334546851401048,-0.026530394584219345,0.026609881366202,0.1485751384946674,0.2522461746335889
7.839999999999877,0.39499860700856154,-0.4428727704348412,0.4381563602882347,0.08508055328318868,0.09333863535435677,0.21220800044829957,ok,-1.0341426594543264,-1.3586628240491176,1.3384899091675162,-1.6305513900788182,-1.523427643708177,-1.0294784547509495,0.028948738664714,-0.007255883855502741,0.05936728774205646,-0.013158247588700317,-0.02637192910113841,0.026476715682328126,0.15020933071734,0.2535762267885771
7.849999999999877,0.39508004498206517,-0.44272225189685055,0.43791816126177546,0.0846259977087345,0.09334914175191215,0.09037500058184378,ok,-1.0338531720676791,-1.3587353828876727,1.3390835820449367,-1.6306829725547052,-1.5236913629991884,-1.0292136875941262,0.02880189811133485,-0.0072473955415455205,0.05900397706228511,-0.012984153488449208,-0.026214495793909963,0.026344147033885372,0.1518430740993999,0.2549076194028853
7.859999999999877,0.3951608998386279,-0.442572253999667,0.4376815471491003,0.0841739434933658,0.09335950077719338,0.09145799958787393,ok,-1.0335651530865657,-1.3588078568430881,1.3396736218155596,-1.6308128140895897,-1.5239535079571276,-1.0289502461237874,0.02865574969208553,-0.0072395820021232005,0.05864425782859896,-0.012812235579565023,-0.026058087421823587,0.0262121736296547,0.15347635716317953,0.2562403420959988
7.869999999999877,0.3952411741649732,-0.44242277407532654,0.4374465061828635,0.08372437596535699,0.09336971394085157,0.1356249995296821,ok,-1.0332785955896449,-1.3588802526631094,1.3402600643938456,-1.6309409364453853,-1.5242140888313458,-1.0286881243874908,0.028510290798834652,-0.007232425082501449,0.05828808143835051,-0.012642465319661978,-0.02590269679504097,0.026080793666901383,0.1551091854216886,0.2575743732815202
7.879999999999876,0.39532087055205617,-0.4422738094889057,0.43721302670018936,0.08327728055142138,0.09337978273505972,0.09899999895424116,ok,-1.0329934926816564,-1.3589525769139343,1.340842945208229,-1.631067361098582,-1.5244731157992961,-1.0284273164508217,0.028365518819907936,-0.0072259069977978815,0.05793540006977135,-0.012474814587503484,-0.025748316774323637,0.02595000533182848,0.15674155884464075,0.2589097030199246
7.889999999999876,0.3953999915947167,-0.44212535763790606,0.43698109714148076,0.08283264277585868,0.09338970863382624,0.08150000030582305,ok,-1.0327098374934573,-1.3590248359839123,1.3414222992089269,-1.631192109244457,-1.5247305989670394,-1.0281678163975034,0.02822143114048356,-0.007220010325500596,0.057586166667444746,-0.012309255675686878,-0.025594940270758957,0.02581980680004087,0.15837347749355135,0.2602463159022057
7.899999999999876,0.3954785398913389,-0.4419774159516499,0.43675070604924304,0.08239044825971048,0.09339949309330148,0.08945799891080242,ok,-1.0324276231820526,-1.3590970360871673,1.3419981608756013,-1.6313152018012138,-1.5249865483697471,-1.0279096183295031,0.028078025142970787,-0.007214717998162054,0.05724033492809059,-0.012145761283468448,-0.02544256024548736,0.025690196236971097,0.1600049415168313,0.2615841967910747
7.909999999999876,0.3955565180435197,-0.4418299818906888,0.43652184206692785,0.08195068271992703,0.09340913755207718,0.045541999497800134,ok,-1.0321468429306229,-1.3591691832671489,1.3425705642248822,-1.6314366594140486,-1.525240973972202,-1.0276527163671334,0.027935298207381682,-0.007210013296250472,0.056897859286613665,-0.011984304509699862,-0.025291169709423706,0.025561171798328165,0.16163594572948992,0.26292333081510894
7.919999999999876,0.3956339286557441,-0.4416830529462239,0.4362944939377921,0.08151333196854486,0.0934186434314801,0.04308300049160607,ok,-1.0318674899485492,-1.3592412834001113,1.3431395428177484,-1.6315565024591456,-1.5254938856692961,-1.0273971046491501,0.027793247711688434,-0.007205879841160211,0.05655869490250902,-0.011824858845964436,-0.025140761722982116,0.025432731630502914,0.16326649766047713,0.2642637033630449
7.929999999999875,0.39571077433506874,-0.4415366266395392,0.43606865050377575,0.08107838191187494,0.09342801213585891,0.18937499953608494,ok,-1.0315895574714322,-1.3593133421985228,1.3437051297667735,-1.6316747510476053,-1.5257452932865259,-1.0271427773328452,0.027651871032172988,-0.007202301588375396,0.056222797646509386,-0.01166739816980719,-0.02499132939579655,0.025304873870980744,0.16489652287773315,0.2656053053143975
7.939999999999875,0.3957870576908112,-0.4413907005214448,0.43584430070439506,0.08064581854970092,0.09343724505286388,0.09862499973678496,ok,-1.0313130387611105,-1.3593853652144066,1.3442673577432385,-1.6317914250293033,-1.5259952065804838,-1.0268897285941354,0.027511165543766678,-0.0071992628207861445,0.05589012408756896,-0.011511896738151681,-0.02484286588644264,0.025177596648743323,0.16652601115420895,0.26694811720122164
7.949999999999875,0.39586278133424846,-0.4412452721717324,0.4356214335756523,0.08021562797448559,0.09344634355372346,0.06945799941604491,ok,-1.0310379271056729,-1.3594573578426143,1.3448262589841142,-1.6319065439966849,-1.5262436352393483,-1.026637952627648,0.027371128620378066,-0.007196748142144089,0.0555606314800862,-0.011358329180821036,-0.02469536440215634,0.025050898084655517,0.16815495486292037,0.26829212516098055
7.959999999999875,0.3959379478783201,-0.44110033919864117,0.43540003824896223,0.07978779637058996,0.09345530899351112,0.08308399992529303,ok,-1.0307642158194692,-1.3595293253240357,1.3453818652989151,-1.632020127288493,-1.5264905888833697,-1.0263874436468012,0.027231757635214505,-0.007194742470670381,0.05523427775140402,-0.011206670494186445,-0.024548818198554416,0.02492477629184807,0.16978336767278263,0.2696373206207806
7.9699999999998745,0.39601255993734025,-0.44095589923833595,0.4351801039500934,0.07936231001349961,0.09346414271140971,0.07379199996648822,ok,-1.030491898243117,-1.3596012727487423,1.3459342080764292,-1.632132193993435,-1.5267360770653553,-1.0261381958838827,0.02709304996108842,-0.007193231032791134,0.0549110214895898,-0.011056896034972053,-0.02440322057935209,0.024799229376083528,0.17141124199852176,0.2709836900073947
7.979999999999874,0.39608662012671497,-0.4408119499543935,0.43496161999812544,0.07893915526906115,0.09347284603096849,0.04475000059755985,ok,-1.0302209677435061,-1.3596732050590703,1.346483318291325,-1.6322427629537848,-1.5269801092711488,-1.0258902035901218,0.026955002970723844,-0.007192199357017502,0.05459082193146782,-0.010908981514171365,-0.02425856489608143,0.024674255436121922,0.17303859134043864,0.2723312150491093
7.989999999999874,0.39616013106266607,-0.440668489037302,0.4347445758044206,0.07851831859272829,0.09348142026035489,0.042583000322338194,ok,-1.029951417713799,-1.3597451270526404,1.3470292265106396,-1.6323518527689265,-1.5272226949201095,-1.0256434610357605,0.02681761403704484,-0.0071916332679580015,0.054273638950901495,-0.010762902991084377,-0.024114844547808854,0.024549852564067692,0.17466541335676938,0.27367988767952633
7.999999999999874,0.396233095361962,-0.44052551420396785,0.4345289608716122,0.07809978652881734,0.09348986669260187,0.04216700108372606,ok,-1.0296832415734285,-1.35981704338532,1.3475719629001486,-1.6324594817988374,-1.5274638433655876,-1.02539796251012,0.02668088053346231,-0.007191518880451868,0.053959433047319524,-0.010618636867480803,-0.023972052980851345,0.0244260188457214,0.17629171095448876,0.2750296998118488
8.009999999999874,0.3963055156416551,-0.4403830231972349,0.4343147647926049,0.0776835457097689,0.09349818660584863,0.04224999975122046,ok,-1.029416432768094,-1.3598889585741245,1.3481115572306217,-1.6325656681675123,-1.5277035638953962,-1.0251537023216628,0.026544799834145892,-0.007191842593836684,0.05364816533447676,-0.010476159881867356,-0.02383018368849425,0.024302752360905996,0.17791748701059973,0.27638062908872446
8.019999999999873,0.3963773945188237,-0.4402410137854111,0.4341019772495915,0.07726958285542261,0.09350638126357834,0.04187500053376425,ok,-1.0291509847697524,-1.3599608770000629,1.3486480388839666,-1.632670429766331,-1.5279418657322812,-1.0249106747980536,0.02640936931429472,-0.007192591086330113,0.05333979752946487,-0.010335449103894093,-0.02368923021070679,0.024180051183799428,0.17954274949660143,0.2777326679121723
8.029999999999873,0.39644873461032143,-0.44009948376180663,0.4338905880130829,0.07685788477229658,0.0935144519148483,0.20612499974959064,ok,-1.0288868910766096,-1.360032802910926,1.3491814368592612,-1.63277378425737,-1.5281787580343882,-1.0246688742862156,0.02627458635039834,-0.007193751309550378,0.05303429194195323,-0.010196481928855146,-0.023549186133859264,0.02405791338325396,0.18116749095749757,0.27908580865464117
8.039999999999873,0.396519538532532,-0.43995843094428,0.433680586940952,0.07644843835287868,0.09352239979451775,0.11650000124063808,ok,-1.0286241452131055,-1.3601047404240216,1.3497117797786806,-1.6328757490766586,-1.5284142498957267,-1.024428295152383,0.026140448320481853,-0.007195310483121901,0.052731611463616844,-0.010059236072294838,-0.023410045090437644,0.023936337023100756,0.18279172440597496,0.28044002993837697
8.049999999999873,0.39658980890112916,-0.43981785317479355,0.4334719639774906,0.07604123057492201,0.09353022612346966,0.044459000491769984,ok,-1.0283627407299007,-1.3601766935288528,1.3502390958933168,-1.6329763414373815,-1.528648350346631,-1.024188931782152,0.026006952604357786,-0.007197256089428557,0.05243171955782705,-0.009923689564732512,-0.023271800758761032,0.023815320162460116,0.18441545252825386,0.281795333627844
8.059999999999873,0.39665954833084355,-0.43967774831897793,0.43326470915248055,0.07563624850075241,0.0935379321088283,0.042583000322338194,ok,-1.0281026712038572,-1.360248666089747,1.350763413088895,-1.6330755783330289,-1.5288810683542187,-1.0239507785805273,0.025874096583860348,-0.007199575868455994,0.05213458024952433,-0.009789820746482165,-0.023134446862697194,0.023694860856035047,0.1860386679369982,0.2831516943429545
8.069999999999872,0.3967287594352331,-0.439538114265705,0.4330588125802775,0.07523347927658222,0.09354551894417193,0.13670800035470165,ok,-1.0278439302380187,-1.3603206618484316,1.3512847588913903,-1.6331734765404937,-1.5291124128228457,-1.023713829971967,0.02574187764307259,-0.007202257812752769,0.051840158115314124,-0.009657608262581562,-0.022997977171377786,0.023574957154396184,0.1876613834108214,0.2845091095880172
8.079999999999872,0.39679744482646134,-0.43939894892667036,0.4328542644589081,0.07483291013183214,0.09355298780974253,0.05479200081026647,ok,-1.0275865114615879,-1.360392684426559,1.3518031604725436,-1.6332700526231196,-1.5293423925945595,-1.023478080400423,0.025610293168553972,-0.007205290162493288,0.05154841827376458,-0.00952703105782187,-0.02286238549891655,0.02345560710426782,0.18928360155539364,0.28586756791010864
8.089999999999872,0.3968656071150776,-0.4392602502359823,0.432651055069178,0.07443452837846129,0.09356033987264889,0.04262500078766607,ok,-1.0273304085299024,-1.360464737328184,1.3523186446552813,-1.633365322933698,-1.5295710164495486,-1.0232435243293805,0.02547934054955514,-0.007208661400649315,0.05125932637588918,-0.009398068371859247,-0.022727665704123736,0.023336808748800123,0.19090531505235614,0.2872270580418319
8.099999999999872,0.3969332489098068,-0.43912201614976043,0.4324491747737944,0.0740383214103026,0.09356757628706841,0.049416999900131486,ok,-1.027075615124407,-1.3605368239421904,1.3528312379190401,-1.6334593036174165,-1.5297982931065899,-1.0230101562418925,0.02534901717822542,-0.00721236024825316,0.050972848595812144,-0.00927069973441873,-0.022593811690223713,0.023218560127834784,0.19252654137693037,0.2885875646677869
8.109999999999872,0.3970003728173394,-0.4389842446457412,0.4322486140164994,0.07364427670240944,0.09357469819444238,0.19691700072144158,ok,-1.0268221249526246,-1.360608947544673,1.3533409664049982,-1.6335520106147607,-1.5300242312234922,-1.0227779706406142,0.025219320449820695,-0.007216375659779162,0.050688951621693346,-0.009144904960642863,-0.022460817404571922,0.023100859278170054,0.19414727318414143,0.2899490812223663
8.119999999999871,0.3970669814421299,-0.43884693372289274,0.4320493633212159,0.07325238181040733,0.09358170672366888,0.09316700015915558,ok,-1.0265699317481265,-1.3606811113012707,1.3538478559212153,-1.6336434596643672,-1.530248839397538,-1.0225469620478325,0.0250902477628963,-0.007220696818592503,0.0504076026467142,-0.009020664146437107,-0.02232867683837198,0.022983704233810416,0.19576751305101842,0.29131159697157427
8.129999999999871,0.3971330773861989,-0.4387100814010357,0.43185141329120535,0.07286262436985302,0.09358860299129126,0.066917000367539,ok,-1.0263190292704976,-1.3607533182694567,1.3543519319476824,-1.6337336663058315,-1.5304721261659218,-1.0223171250054943,0.024961796519500347,-0.007225313132518297,0.050128769360371216,-0.008897957664004674,-0.02219738402639351,0.02286709302621756,0.19738726838157866,0.2926751013524512
8.139999999999871,0.39719866324893977,-0.43857368572047234,0.4316547546082363,0.07247499209560049,0.09359538810168262,0.06541699985973537,ok,-1.0260694113053026,-1.3608255714007818,1.3548532196412861,-1.6338226458824716,-1.5306941000061858,-1.0220884540752322,0.024833964125358834,-0.0072302142294955,0.04985241993985367,-0.008776766157384588,-0.02206693304669024,0.022751023684550613,0.19900653680316732,0.29403958797706936
8.14999999999987,0.39726374162692957,-0.43843774474162317,0.43145937803176515,0.07208947278117611,0.09360206314722745,0.06600000051548705,ok,-1.025821071664049,-1.3608978735430768,1.3553517438406846,-1.6339104135440454,-1.5309147693366527,-1.0218609438383868,0.024706747990053797,-0.007235389953309606,0.04957852304164022,-0.008657070538132288,-0.021937318020318113,0.022635494235902023,0.20062532562339375,0.2954050385447582
8.15999999999987,0.3973283151137463,-0.43830225654466964,0.43126527439812656,0.07170605429815553,0.09360862920849854,0.06495900015579537,ok,-1.0255740041841486,-1.3609702274426099,1.355847529071101,-1.6339969842494269,-1.5311341425168559,-1.0216345888960277,0.024580145527199324,-0.007240830359430636,0.0493070477932367,-0.008538851981038051,-0.021808533111056128,0.022520502705527957,0.20224363725052336,0.296771450946165
8.16999999999987,0.39739238629978785,-0.4381672192292059,0.43107243461973777,0.07132472459555561,0.0936150873544317,0.04650000118999742,ok,-1.0253282027288766,-1.3610426357462042,1.3563405995490334,-1.6340823727692373,-1.5313522278479663,-1.0214093838689724,0.024454154154608068,-0.007246525710921385,0.049037963785106144,-0.008422091919971694,-0.021680572525123537,0.022406047117071986,0.2038614693129442,0.298138811262611
8.17999999999987,0.397455957772098,-0.4380326309138951,0.43088084968430973,0.07094547169922387,0.09362143864249582,0.042624998968676664,ok,-1.0250836611873304,-1.3611151010033133,1.3568309791868844,-1.634166593688437,-1.5315690335732175,-1.0211853233978017,0.024328771294455535,-0.007252466474440256,0.0487712410627231,-0.008306772043757836,-0.021553430510902687,0.022292125492783237,0.20547882897738634,0.29950710973754535
8.18999999999987,0.3975190321141951,-0.43789848973613416,0.4306905106540728,0.07056828371124221,0.09362768411886045,0.0441250012954697,ok,-1.0248403734743858,-1.3611876256680577,1.3573186915975117,-1.6342496614088746,-1.5317845678783266,-1.0209624021428738,0.024203994373437978,-0.007258643316321513,0.04850685011881708,-0.008192874292167324,-0.021427101358658357,0.022178735853729724,0.2070957185840922,0.30087634050275364
8.19999999999987,0.39758161190590474,-0.43776479385172407,0.4305014086650092,0.0701931488093317,0.09363382481855989,0.042374998884042725,ok,-1.0245983335306514,-1.361260212101221,1.3578037600986999,-1.6343315901517963,-1.5319988388919132,-1.0207406147843365,0.024079820822922423,-0.007265047098736164,0.04824476188574287,-0.00808038085195584,-0.02130157940026054,0.02206587622000337,0.2087121357643999,0.3022464939424009
8.20999999999987,0.3976436997231981,-0.43763154143454724,0.4303135349260982,0.06982005524626622,0.09363986176565416,0.04145899947616272,ok,-1.0243575353224221,-1.3613328625722083,1.3582862077175573,-1.634412393960316,-1.5322118546859158,-1.0205199560221365,0.02395624807910086,-0.007271668875931402,0.04798494772801771,-0.007969274152994922,-0.02117685900890637,0.02195354461092764,0.21032808754825283,0.3036175569577284
8.21999999999987,0.39770529813803224,-0.4374987306762513,0.4301268807185702,0.06944899134929305,0.09364579597338625,0.10241699965263251,ok,-1.0241179728416312,-1.3614055792609676,1.3587660571948375,-1.6344920867018458,-1.532423623276005,-1.0203004205760273,0.023833273583125748,-0.00727849989054679,0.04772737943499969,-0.007859536864469066,-0.021052934598843286,0.021841739045247735,0.21194357856555163,0.30498952038311034
8.229999999999869,0.3977664097181966,-0.4373663597859379,0.42994143739517154,0.0690799455195571,0.09365162844433758,0.09695900007500313,ok,-1.0238796401058,-1.3614783642598731,1.3592433309891874,-1.6345706820704904,-1.5326341526219933,-1.0200820031855748,0.023710894781256035,-0.007285531570002652,0.04747202921371706,-0.00775115189115381,-0.02092980062509365,0.021730457541329625,0.2135586430670634,0.30636238224431317
8.239999999999869,0.3978270370271606,-0.4372344269898589,0.42975719637943754,0.06871290623153328,0.09365736017057924,0.12387500100885518,ok,-1.0236425311579873,-1.3615512195755732,1.3597180512813245,-1.634648193589402,-1.5328434506282442,-1.0198646986101616,0.023589109124985762,-0.00729275552296662,0.04721886968179715,-0.0076441023697189575,-0.020807451583178885,0.02161969811734213,0.21517329275109442,0.3077361298676376
8.249999999999869,0.39788718262392786,-0.4371029305311187,0.42957414916497655,0.06834786203246465,0.09366299213382141,0.09200000022246968,ok,-1.0234066400667374,-1.3616241471308028,1.3601902399781425,-1.634724634613099,-1.533051525144076,-1.0196485016289882,0.02346791407117587,-0.007300163535885156,0.04696787386058691,-0.007538371665159791,-0.020685882008845937,0.021509458791441487,0.2167875244618973,0.3091107509245823
8.259999999999868,0.397946849062892,-0.43697186866938065,0.4293922873147631,0.06798480154180571,0.09366852530555847,0.07983400064404123,ok,-1.0231719609260257,-1.3616971487661618,1.3606599187167483,-1.6348000183297506,-1.5332583839641645,-1.0194334070410738,0.023347307082180364,-0.007307747569591669,0.04671901516836736,-0.007433943367248071,-0.020565086477793322,0.02139973758195013,0.21840134872759365,0.31048624016722887
8.269999999999868,0.3980060388936972,-0.4368412396805804,0.4292116024604391,0.06762371345067121,0.09367396064721352,0.07254200136230793,ok,-1.022938487855204,-1.3617702262418576,1.361127108868432,-1.634874357763423,-1.5334640348289423,-1.0192194096652543,0.023227285625963653,-0.007315499755975801,0.04647226741373947,-0.0073308012870967705,-0.020445059605399097,0.021290532507525866,0.22001475788505082,0.3118625922727581
8.279999999999868,0.3980647546611013,-0.43671104185664533,0.42903208630162565,0.06729141382406782,0.09367929911027846,0.05225000131758861,ok,-1.0227062149989443,-1.3618433812394173,1.3615918315425695,-1.634947665776294,-1.5336684854249962,-1.019006504340179,0.023108787075153132,-0.007316360148353782,0.04622233775477101,-0.007230637746549047,-0.02032598327918443,0.021182769729053,0.22162776235543508,0.31323979203841923
8.289999999999868,0.398123018129566,-0.43658129481532026,0.4288537173052389,0.06700808250583075,0.09368454537684844,0.044833001084043644,ok,-1.0224751271281929,-1.3619165448409007,1.3620540549201172,-1.6350199721537595,-1.5338717452577881,-1.0187946766428886,0.022992514926348608,-0.007305011785404723,0.04596518984730208,-0.007134675170522581,-0.020207989520140184,0.02107714468869966,0.22324033654746556,0.31461783191511
8.299999999999867,0.39818086554269544,-0.4364520342085137,0.42867646417833716,0.06672629392915176,0.0936897069377366,0.04350000017439015,ok,-1.0222452019789294,-1.3619895949587548,1.3625137068185902,-1.6350913189054648,-1.5340738251529895,-1.0185839051960015,0.02287679680532574,-0.007293960633100292,0.04571012973416471,-0.007039851056731801,-0.02009073875815419,0.02097200656618512,0.2248524546765403,0.31599669304868605
8.309999999999867,0.39823829903022206,-0.43632325787797654,0.42850031935689964,0.06644603655441016,0.09369478464273899,0.042875000872300006,ok,-1.0220164340108762,-1.3620625345650859,1.3629708081159317,-1.635161717416032,-1.534274732540571,-1.0183741851303396,0.022761630307382427,-0.007283199690840081,0.04545713423598744,-0.006946151449226913,-0.019974225886434327,0.020867353478113464,0.2264641228480111,0.3173763604462906
8.319999999999867,0.39829532071603324,-0.43619496368070226,0.4283252753372049,0.06616729895585445,0.09369977933216135,0.042791998566826805,ok,-1.0217888177078023,-1.3621353665619942,1.3634253794582916,-1.6352311789305243,-1.5344744747994354,-1.0181655115955586,0.022647013034440996,-0.007272722090365865,0.04520618049594583,-0.006853562582295119,-0.019858445835493975,0.020763183542771138,0.22807533836877347,0.3187568349889604
8.329999999999867,0.39835193271810104,-0.4360671494887252,0.4281513246752149,0.06589006982021914,0.09370469183695344,0.16937500004132744,ok,-1.0215623475774578,-1.3622080937828978,1.363877441263251,-1.6352997145563473,-1.5346730592577904,-1.017957879760131,0.022532942595123114,-0.007262521093257904,0.04495724597442231,-0.006762070877500213,-0.019743393572885154,0.02065949488025138,0.2296861029832289,0.3201381020024822
8.339999999999867,0.3984081371484149,-0.4359398131889216,0.4279784599859704,0.06561433794536223,0.09370952297884248,0.15108299885469023,ok,-1.0213370181515065,-1.3622807189938304,1.3643270137229953,-1.6353673352651223,-1.5348704931935193,-1.0177512848113284,0.02241941660481685,-0.007252590088507974,0.04471030844368092,-0.006671662940661777,-0.01962906410293334,0.020556285612571355,0.2312964184410602,0.3215201532776809
8.349999999999866,0.39846393611291503,-0.43581295268281545,0.4278066739429913,0.06534009223891946,0.09371427357046308,0.06991700138314627,ok,-1.0211128239854583,-1.3623532448947155,1.364774116807432,-1.635434051894529,-1.5350667838345486,-1.0175457219552027,0.022306432685748796,-0.007242922590108655,0.04446534598276067,-0.006582325559040553,-0.01951545246647214,0.020453553863793158,0.2329062864966956,0.3229029865738038
8.359999999999866,0.3985193317114302,-0.43568656588638577,0.42763595927768683,0.0650673217169798,0.09371894441548494,0.06604099871765357,ok,-1.0208897596586008,-1.3624256741206167,1.3652187702672598,-1.6354998751501193,-1.5352619383592134,-1.0173411864165647,0.022193988467044713,-0.007233512234720632,0.04422233697235073,-0.006494045698427248,-0.019402553740582026,0.02035129776013405,0.23451571313896452,0.32428658789850084
8.369999999999866,0.3985743260376151,-0.4355606507298815,0.42746630877877434,0.06479601550278173,0.0937235363087394,0.06491699969046749,ok,-1.0206678197739305,-1.362498009242964,1.3656609936369832,-1.6355648156071037,-1.5354559638966192,-1.0171376734389634,0.02208208158479484,-0.007224352779369295,0.04398126008986153,-0.0064068105004017025,-0.019290363038327797,0.02024951543007857,0.236124691641598,0.3256709522427988
8.379999999999866,0.39862892117889215,-0.43543520515763495,0.4272977152917027,0.06452616282542337,0.09372805003634221,0.064041998484754,ok,-1.0204469989580827,-1.3625702527707577,1.3661008062378819,-1.6356288837121076,-1.5356488675270026,-1.0169351782846627,0.02197070968211314,-0.007215438099201038,0.043742094304536655,-0.006320607279575214,-0.019178875508498908,0.020148205004487125,0.23773323637603067,0.32705607175029994
8.389999999999866,0.39868311921639377,-0.4353102271278828,0.42713017171808704,0.06425775301859622,0.09373248637581492,0.06433299859054387,ok,-1.0202272918612616,-1.3626424071517498,1.3665382271809272,-1.6356920897849034,-1.5358406562820877,-1.0167336962346178,0.02185987040919473,-0.007206762185269849,0.043504818872665094,-0.00623542352090306,-0.01906808633535141,0.02004736461670045,0.23934133650569012,0.3284419386843557
8.399999999999865,0.39873692222490703,-0.4351857146125881,0.42696367101514776,0.063990775519332,0.09373684609620418,0.06345800102280919,ok,-1.0200086931571697,-1.3627144747736024,1.366973275369654,-1.6357544440201124,-1.5360313371454413,-1.016533222588451,0.021749561423368622,-0.007198319142384199,0.04326941333288961,-0.006151246877037092,-0.018957990738350795,0.01994699240263904,0.24094900212100595,0.3298285454258753
8.409999999999865,0.39879033227282096,-0.43506166559726633,0.42679820619515974,0.06372521986677294,0.09374112995819875,0.07733399979770184,ok,-1.019791197542936,-1.3627864579650262,1.3674059695029828,-1.6358159564888828,-1.5362209170528247,-1.0163337526644245,0.02163978038915442,-0.007190103186992155,0.04303585750164101,-0.006068065165765851,-0.018848583971916088,0.01984708650090726,0.24255623082199818,0.33121588710425776
8.419999999999865,0.3988433514220749,-0.43493807808081514,0.4266337703249056,0.06346107570095431,0.0937453387142451,0.04579200140142348,ok,-1.0195747997390443,-1.3628583589968961,1.3678363280779993,-1.6358766371405404,-1.536409402892544,-1.0161352817994154,0.021530524978309287,-0.007182108645098986,0.04280413146858563,-0.005985866367438912,-0.01873986132516607,0.019747645052886377,0.2441630284454408,0.3326039510159903
8.429999999999865,0.39889598172810864,-0.43481495007534604,0.4264703565251392,0.06319833276160662,0.09374947310865928,0.1850419994298136,ok,-1.0193594944892612,-1.362930180083347,1.368264369392685,-1.6359364958042149,-1.5365968015057956,-1.0159378053488866,0.021421792869879216,-0.0071743299502427535,0.04257421559221834,-0.0059046386224796184,-0.018631818121666307,0.019648666202831278,0.24576939265071024,0.3339927325622832
8.439999999999864,0.3989482252398153,-0.4346922796060198,0.42630795797005344,0.06293698088697357,0.09375353387773917,0.16104200039990246,ok,-1.0191452765605624,-1.3630019233828494,1.3686901115486072,-1.6359955421904397,-1.5367831196870123,-1.0157413186868582,0.021313581750241593,-0.007166761641503543,0.04234609049553341,-0.005824370228943931,-0.018524449719178843,0.019550148097958835,0.24737532521543426,0.3353822270661509
8.449999999999864,0.39900008399949555,-0.43457006471088555,0.42614656788675687,0.06267701001264893,0.09375752174987317,0.1412919991707895,ok,-1.01893214074306,-1.3630735909992644,1.3691135724535626,-1.636053785892729,-1.536968364184204,-1.0155458172058787,0.021205889313151285,-0.0071593983615435945,0.042119737061733074,-0.005745049640088663,-0.018417751509410933,0.019452088888539335,0.24898083189647185,0.3367724248796575
8.459999999999864,0.3990515600428126,-0.4344483034407216,0.4259861795547559,0.06241841017042725,0.09376143744564727,0.12675000107265078,ok,-1.0187200818499285,-1.3631451849828797,1.36953476982418,-1.63611123638913,-1.5371525416992982,-1.0153512963169933,0.021098713259782832,-0.0071522348547011965,0.041895136430088305,-0.005666665462038178,-0.018311718917768578,0.019354486727982834,0.2505859143899272,0.33816332144700095
8.469999999999864,0.3991026553987508,-0.4343269938588796,0.42582678630544446,0.06216117148717096,0.09376528167795133,0.0865419988258509,ok,-1.0185090947173305,-1.3632167073314267,1.369953721188481,-1.6361679030437504,-1.537335658888476,-1.0151577514497134,0.02099205129876812,-0.00714526596511736,0.041672269991792854,-0.0055892064514153645,-0.018206347403108326,0.019257339772921274,0.25219057046851295,0.33955490742295746
8.479999999999864,0.399153372089574,-0.43420613404113245,0.425668381521599,0.061905284183694884,0.0937690551520819,0.07170800017775036,ok,-1.0182991742043428,-1.363288159991078,1.3703704438883988,-1.6362237951082645,-1.537517722362507,-1.0149651780519842,0.020885901146236785,-0.007138486634891739,0.041451119385986696,-0.005512661513113389,-0.01810163245749303,0.019160646183292693,0.25379480580744823,0.3409471760567723
8.489999999999863,0.3992037121307866,-0.4340857220755234,0.4255109586368815,0.06165073857366463,0.09377275856584398,0.06541699985973537,ok,-1.0180903151928804,-1.363359544857427,1.3707849550822586,-1.6362789217233957,-1.537698738687082,-1.0147735715901511,0.020780260525851177,-0.00713189190228892,0.041231666495765505,-0.005437019698004592,-0.01799756960594759,0.019064404122419405,0.2553986182336782,0.3423401229617787
8.499999999999863,0.3992536775310963,-0.4339657560622186,0.42535451113534695,0.06139752506251068,0.09377639260965241,0.06479200055764522,ok,-1.0178825125876219,-1.3634308637764498,1.3711972717472163,-1.6363332919203757,-1.5378787143831414,-1.0145829275489269,0.02067512716884207,-0.007125476899967732,0.04101389344434226,-0.005362270200781141,-0.01789415440621649,0.018968611757087223,0.25700201336695006,0.34373374145005003
8.509999999999863,0.39930327029237755,-0.4338462341133626,0.42519903255095887,0.06114563414635752,0.09377995796662905,0.04766599886352196,ok,-1.0176757613159335,-1.3635021185454494,1.3716074106816598,-1.6363869146223835,-1.5380576559272034,-1.014393241431356,0.020570498814036983,-0.007119236853249525,0.04079778259120919,-0.005288402357757114,-0.017791382448523595,0.018873267257616063,0.2586049929025048,0.3451280227567372
8.519999999999863,0.3993524924096374,-0.43372715435293635,0.4250445164671102,0.06089505641096953,0.0937834553127006,0.18779200036078691,ok,-1.0174700563277932,-1.363573310913982,1.3720153885075719,-1.6364397986459611,-1.5382355697516887,-1.0142045087587797,0.020466373207895867,-0.007113167078428124,0.04058331652843424,-0.005215405644766516,-0.017689249355331827,0.018778368797937695,0.2602075547460448,0.34652296265119015
8.529999999999863,0.3994013458709821,-0.43360851491661695,0.4248909565161486,0.06064578253070643,0.09378688531669263,0.1457920006942004,ok,-1.0172653925957142,-1.3636444425847662,1.3724212216728562,-1.6364919527024089,-1.538412462245242,-1.0140167250708003,0.020362748104537847,-0.007107262981101388,0.04037047807697978,-0.005143269675063453,-0.017587750781106554,0.018683914555664777,0.261809704433074,0.34791855473272654
8.539999999999862,0.39944983265758555,-0.43349031395164106,0.4247383463789116,0.06039780326749961,0.09379024864042465,0.09212499935529195,ok,-1.017061765114669,-1.3637155152145772,1.372824926453626,-1.6365433853991596,-1.538588339753053,-1.0138298859252437,0.020259621265768104,-0.007101520054537507,0.0401592502831163,-0.005071984197282885,-0.017486882412077874,0.018589902712158556,0.2634114436552989,0.34931479065143667
8.549999999999862,0.3994979547436592,-0.4333725496166694,0.42458667978426295,0.06015110946983595,0.09379354593880108,0.07145800009311642,ok,-1.0168591689020112,-1.3637865304151227,1.3732265189564572,-1.6365941052411324,-1.5387632085771739,-1.0136439868981222,0.020156990461104498,-0.007095933878083596,0.039949616414878805,-0.005001539093404192,-0.017386639966007155,0.018496331452597024,0.2650127741028955,0.3507116683178043
8.559999999999862,0.3995457140964233,-0.4332552200816558,0.424435950508638,0.05990569207176196,0.09379677785990224,0.07266699867614079,ok,-1.0166575989974003,-1.3638574897539035,1.373626015120606,-1.6366441206320663,-1.5389370749768339,-1.0134590235835963,0.02005485346780396,-0.007090500115593489,0.03974155995861951,-0.004931924376793737,-0.01728701919195276,0.01840319896604165,0.2666136937820662,0.35210917756381555
8.569999999999862,0.39959311267607883,-0.4331383235277155,0.4242861523755932,0.0596615420918949,0.09379994504507305,0.09845800013863482,ok,-1.0164570504627222,-1.3639283947550596,1.3740234307201922,-1.6366934398758342,-1.5391099451687533,-1.0132749915939359,0.01995320807088005,-0.007085214513887124,0.03953506461559458,-0.004863130190250771,-0.01718801587003772,0.018310503445495195,0.26821420811431196,0.3535073143909177
8.579999999999862,0.3996401524357822,-0.4330218581469985,0.4241372792553621,0.05941865063245434,0.09380304812901104,0.07145899871829897,ok,-1.0162575183820133,-1.3639992469001985,1.3744187813663482,-1.6367420711777367,-1.5392818253274536,-1.013091886559481,0.019852052063129157,-0.007080072901250417,0.03933011429861611,-0.004795146804079108,-0.01708962581122077,0.01821824308796794,0.2698143187837402,0.3549060728450453
8.589999999999861,0.3996868353216195,-0.43290582214256396,0.42398932506441545,0.05917700887829983,0.09380608773985169,0.06320800093817525,ok,-1.016058997861382,-1.364070047629211,1.3748120825093344,-1.6367900226457774,-1.5394527215855658,-1.0129097041286013,0.019751383245147216,-0.007075071185951694,0.039126693128794125,-0.004727964614235443,-0.016991844857065654,0.01812641609453355,0.2714140274721571,0.3563054488822572
8.599999999999861,0.39973316327258335,-0.4327902137282563,0.4238422837650282,0.05893660809598756,0.0938090644992547,0.04704200000560377,ok,-1.0158614840289306,-1.3641407983410705,1.3752033494406224,-1.6368373022919198,-1.5396226400341364,-1.012728439967656,0.019651199425352442,-0.007070205354793394,0.0389247854322915,-0.004661574140454477,-0.01689466887951537,0.01803502067039138,0.27301333585889703,0.3577054330235744
8.60999999999986,0.39977913822055017,-0.43267503112858485,0.423696149364851,0.05869743963283562,0.0938119790224853,0.18450000061420724,ok,-1.015664972034677,-1.3642115003946185,1.3755925972949452,-1.6368839180333243,-1.5397915867229315,-1.012548089760952,0.019551498419995483,-0.007065471471686965,0.0387243757371845,-0.004595966024459994,-0.016798093780664623,0.017944055024914488,0.27461224562065895,0.35910602317348844
8.61999999999986,0.3998247620902592,-0.4325602725786041,0.4235509159164866,0.05845949491600493,0.09381483191849772,0.2552499990997603,ok,-1.0154694570504772,-1.3642821551093354,1.375979841052317,-1.636929877693569,-1.539959567660738,-1.012368649210703,0.01945227805318212,-0.007060865676266831,0.03852544877033493,-0.00453113102814847,-0.016702115492536383,0.017853517371711463,0.2762107584313508,0.36050721018607357
8.62999999999986,0.3998700367992926,-0.43244593632379713,0.42340657751707167,0.05822276545158986,0.0938176237900154,0.11933300083910581,ok,-1.0152749342699454,-1.364352763766098,1.3763650955400204,-1.6369751890038504,-1.5401265888156634,-1.0121901140369858,0.01935353615688311,-0.007056384182511962,0.03832798945436429,-0.004467060031869252,-0.01660672997685821,0.017763405928673908,0.2778088724624225,0.36190899195588255
8.63999999999986,0.39991496425805584,-0.4323320206199608,0.4232631283078653,0.057987242823723424,0.09382035523360995,0.08300000081362668,ok,-1.0150813989083767,-1.364423327607923,1.376748375434564,-1.6370198596041692,-1.540292656115432,-1.012012479977699,0.0192552705709505,-0.007052023277410335,0.03813198290463405,-0.004403744032668017,-0.01651193322484148,0.01767371891802994,0.27940659640654253,0.3633113628913455
8.64999999999986,0.3999595463697605,-0.4322185237330918,0.42312056247383895,0.05775291869369235,0.09382302683977974,0.0808750010037329,ok,-1.014888846202667,-1.3644938478406972,1.3771296952636103,-1.637063897044496,-1.5404577754476805,-1.0118357427885187,0.019157479143129014,-0.007047779319644564,0.03793741442632974,-0.004341174142616976,-0.016417721256959814,0.017584454566393355,0.28100392840303173,0.36471431433317275
8.65999999999986,0.4000037850304075,-0.4321054439392769,0.4229788742432744,0.057519784799066,0.09382563919302654,0.09758399937709328,ok,-1.0146972714112357,-1.3645643256338935,1.3775090694078735,-1.637107308785922,-1.54062195266025,-1.0116598982428548,0.019060159729064878,-0.00704364873829554,0.037744269511545414,-0.004279341587125322,-0.016324090122732546,0.017495611104808663,0.2826008701132186,0.3661178441548808
8.66999999999986,0.40004768212877123,-0.4319927795245833,0.42283805788736495,0.057287832952834905,0.0938281928719314,0.08524999975634273,ok,-1.014506669813945,-1.3646347621212764,1.377886512102989,-1.6371501022017934,-1.5407851935614774,-1.0114849421318068,0.018963310192318485,-0.00703962803158128,0.03755253383647232,-0.0042182377033226194,-0.016231035900505387,0.017407186768800577,0.2841974231949653,0.3675219469930878
8.67999999999986,0.40009123954638526,-0.43188052878495037,0.4226981077198228,0.05705705504256259,0.09383068844922837,0.06683299943688326,ok,-1.014317036712022,-1.3647051584015923,1.378262037441354,-1.6371922845788265,-1.5409475039204825,-1.011310870264119,0.018866928404370324,-0.007035713765610501,0.037362193258584066,-0.0041578539384239666,-0.016138554697235723,0.017319179798415726,0.2857935893025524,0.3689266161089282
8.68999999999986,0.40013445915752777,-0.4317686900260859,0.42255901809648877,0.05682744302954709,0.09383312649187776,0.06545900032506324,ok,-1.0141283674279784,-1.3647755155392485,1.3786356593739397,-1.6372338631182106,-1.541108889467455,-1.0111376784661348,0.01877101224463081,-0.007031902573166074,0.03717323381393232,-0.004098181848177289,-0.016046642648278726,0.017231588438268372,0.2873893700865662,0.3703318464077276
8.699999999999859,0.4001773428292111,-0.43165726156336043,0.42242078341494943,0.05659898894799524,0.09383550756113909,0.17912499970407225,ok,-1.013940657305532,-1.36484583456498,1.379007391712079,-1.6372748449366923,-1.5412693558939377,-1.010965362581752,0.018675559600445594,-0.007028191152512188,0.036985641714409385,-0.004039213095255406,-0.01595529591717389,0.017144410937581064,0.288984770514974,0.3717376342333016
8.709999999999859,0.40021989242116734,-0.4315462417217075,0.42228339811415605,0.05637168490420588,0.0938378322126415,0.17808399934438057,ok,-1.0137539017095276,-1.3649161164765051,1.3793772481292232,-1.637315237067645,-1.5414289088531095,-1.0107939184723762,0.018580568367102264,-0.007024576266214105,0.03679940334515659,-0.003980939447782012,-0.015864510695433688,0.01705764555022609,0.2905797888592286,0.3731439745094437
8.719999999999859,0.40026210978584,-0.43143562883552156,0.42214685667405033,0.056145523075765945,0.09384010099645275,0.08720799996808637,ok,-1.0135680960258566,-1.3649863622391674,1.3797452421626748,-1.6373550464621227,-1.5415875539600639,-1.010623342016874,0.01848603644783235,-0.007021054739995222,0.03661450526193368,-0.003923352777783146,-0.015774283202333674,0.016971290534762394,0.292174426758489,0.37455086094118095
8.729999999999858,0.4003039967683725,-0.4313254212485601,0.4220111536151928,0.055920495710754824,0.09384231445714923,0.07045900019875262,ok,-1.0133832356613783,-1.3650565727865673,1.3801113872152941,-1.6373942799899006,-1.5417452967920873,-1.0104536291115263,0.01839196175381711,-0.007017623461600626,0.03643093418858346,-0.0038664450597283425,-0.015684609684703938,0.016885344154474805,0.29376868584782906,0.37595828995707103
8.739999999999858,0.40034555520660076,-0.4312156173138468,0.4218762834983969,0.05569659512696147,0.09384447313388292,0.06541699985973537,ok,-1.0131993160438402,-1.3651267490211834,1.38047569655718,-1.6374329444404978,-1.5419021428889343,-1.0102847756699815,0.018298342204190108,-0.007014279379695152,0.03624867701450664,-0.0038102083690483763,-0.015595486416722797,0.01679980467741195,0.295362567758152,0.37736625668429175
8.749999999999858,0.40038678693104424,-0.43110621539357663,0.4217422409243662,0.05547381371111106,0.09384657756044786,0.06445800136134494,ok,-1.0130163326217982,-1.3651968918149804,1.380838183327325,-1.6374710465241884,-1.5420580977531015,-1.0101167776232074,0.01820517572603746,-0.007011019502771479,0.03606772079222172,-0.0037546348807292905,-0.015506909699709635,0.016714670376418706,0.2969560773124771,0.37877475514689013
8.759999999999858,0.40042769376489923,-0.43099721385902096,0.4216090205333365,0.05525214391809991,0.09384862826534601,0.06566599950019736,ok,-1.0128342808645379,-1.3652670020100082,1.3811988605352474,-1.6375085928729958,-1.5422131668500987,-1.0099496309194431,0.018112460254398482,-0.0070078408980861475,0.03588805273493491,-0.00369971686789034,-0.015418875861922114,0.016629939529170683,0.29854921288734837,0.3801837829795619
8.769999999999857,0.40046827752403236,-0.43088861109043647,0.4214766170047221,0.05503157827024338,0.09385062577185152,0.07187500159488991,ok,-1.0126531562619938,-1.365337080418989,1.3815577410625968,-1.6375455900416747,-1.5423673556087178,-1.0097833315241513,0.018020193732268427,-0.00700474069061181,0.03570966021416247,-0.003645446700398541,-0.015331381258352315,0.016545610418209587,0.3001419792479705,0.38159333320464356
8.779999999999857,0.4005085400169754,-0.4307804054769739,0.42134502505676563,0.05481210935653089,0.09385257059807471,0.06304199996520765,ok,-1.012472954324671,-1.3654071278258952,1.3819148376647383,-1.6375820445086786,-1.5425206694213014,-1.0096178754199692,0.017928374110594208,-0.007001716062005652,0.035532530757372435,-0.003591816843487596,-0.015244422270525824,0.016461681330971416,0.30173437481193727,0.38300340237428954
8.789999999999857,0.4005484830449201,-0.43067259541658903,0.4212142394461925,0.05459372983189269,0.09385446325702378,0.045417000364977866,ok,-1.0122936705835652,-1.3654771449865153,1.382270162972312,-1.6376179626771135,-1.5426731136440066,-1.0094532586066594,0.017836999348274145,-0.006998764249604582,0.03535665204573215,-0.0035388198564573685,-0.015157995306301781,0.016378150559818713,0.3033264011886723,0.38441398593332493
8.799999999999857,0.4005881084017153,-0.4305651793159553,0.42108425496786894,0.054376432416475655,0.09385630425666756,0.21212499996181577,ok,-1.0121153005900825,-1.3655471326290114,1.3826237294927692,-1.637653350875678,-1.5428246935970695,-1.0092894771010612,0.0177460674121571,-0.006995882545440467,0.035182011911805894,-0.0034864483913038713,-0.015072096799674048,0.016295016402071358,0.3049180630566317,0.3858250793871442
8.809999999999857,0.4006274178738628,-0.4304581555903767,0.4209550664544638,0.05416020989492564,0.09385809409999522,0.15729200094938278,ok,-1.0119378399159609,-1.3656170914544659,1.3829755496118874,-1.637688215359591,-1.5429754145650663,-1.0091265269370404,0.017655576277034696,-0.006993068295258354,0.03500859833736463,-0.003434695191460055,-0.014986723210574369,0.01621227716003011,0.3065093588937534,0.38723667830072867
8.819999999999856,0.4006664132405154,-0.43035152266370363,0.42082666877611513,0.053945055115684835,0.09385983328507633,0.11249999988649506,ok,-1.0117612841531904,-1.3656870221374184,1.383325635595261,-1.6377225623115057,-1.543125281797172,-1.0089644041654402,0.017565523925641844,-0.00699031889756859,0.03483639945120282,-0.0033835530905106086,-0.014901871024675788,0.01612993114100806,0.3081002933208496,0.38864877919577034
8.829999999999856,0.4007050962734753,-0.4302452789682493,0.4206990568400992,0.053730960990292606,0.09386152230512032,0.08937500024330802,ok,-1.011585628913934,-1.3657569253263941,1.383673999589773,-1.6377563978424108,-1.5432743005074188,-1.00880310485403,0.017475908348650204,-0.006987631802711154,0.034665403526947136,-0.0033330150108876974,-0.014817536753198706,0.016047976657355693,0.30969086485547287,0.3900613759194478
8.839999999999856,0.40074346873719296,-0.430139422944707,0.4205722255905041,0.05351792049269777,0.09386316164853287,0.08454199996776879,ok,-1.0114108698304476,-1.3658268016444213,1.3840206536250426,-1.6377897279925198,-1.5434224758749508,-1.0086426250874565,0.01738672754466185,-0.0069850045119344605,0.03449559898102748,-0.003283073962714409,-0.014733716932718322,0.01596641202648438,0.3112810780608999,0.3914744651459947
8.849999999999856,0.40078153238876746,-0.43003395304206976,0.4204461700079071,0.053305926658580194,0.0938647517989749,0.07670899867662229,ok,-1.011237002555001,-1.3658966516895406,1.3843656096148529,-1.6378225587321469,-1.543569813044278,-1.0084829609671917,0.017297979520204877,-0.006982434576498822,0.03432697437053997,-0.0032337230425187164,-0.01465040812497212,0.015885235570892546,0.3128709314937761,0.3928880434541517
8.859999999999856,0.4008192889779463,-0.4299288677175504,0.42032088510905563,0.053094972584680336,0.09386629323541716,0.06533300074806903,ok,-1.011064022759799,-1.3659664760353056,1.3847088793585582,-1.637854895962572,-1.543716317125528,-1.0083241086114827,0.017209662289724106,-0.006979919596781671,0.03415951839124583,-0.003184955432080124,-0.014567606916669341,0.01580444561818601,0.3144604296599721,0.3943021058331246
8.869999999999855,0.40085674024712636,-0.42982416543650387,0.4201963659465501,0.05288505142813613,0.09386778643219684,0.046582999857491814,ok,-1.0108919261369016,-1.3660362752312734,1.3850504745424708,-1.6378867455168928,-1.5438619931946946,-1.0081660641553007,0.017121773875577017,-0.006977457221420817,0.033993219875545,-0.0031367643972159756,-0.014485309919303505,0.01572404050110357,0.31604957405992185,0.395716648186346
8.879999999999855,0.40089388793135666,-0.4297198446723496,0.42007260760853404,0.052676156405831495,0.09386923185907148,0.043541000195546076,ok,-1.0107207083981458,-1.3661060498034876,1.3853904067412262,-1.637918113160865,-1.5440068462938876,-1.0080088237502898,0.01703431230802454,-0.006975045146449509,0.03382806779052407,-0.00308914328664976,-0.014403513768963002,0.01564401855753701,0.3176383633081069,0.3971316671437652
8.889999999999855,0.40093073375833943,-0.4296159039064956,0.41994960521838365,0.05246828079374905,0.09387062998127225,0.042624998968676664,ok,-1.0105503652750656,-1.366175800254952,1.3857286874191315,-1.6379490045937315,-1.5441508814315772,-1.0078523835647144,0.01694727562521737,-0.006972681114467165,0.03366405123602013,-0.003042085530862156,-0.01432221512614571,0.01556437813054587,0.3192268018246851,0.3985471579674157
8.899999999999855,0.40096727944843413,-0.4295123416282641,0.4198273539344035,0.05226141792633529,0.09387198125955848,0.20525000036286656,ok,-1.0103808925188134,-1.3662455270660967,1.3860653279314916,-1.63797942544904,-1.5442941035828386,-1.007696739783409,0.016860661873196122,-0.006970362913814306,0.03350115944269748,-0.0029955846409495425,-0.014241410675574034,0.015485117568387163,0.3208148910962127,0.39996311671836177
8.909999999999854,0.4010035267146605,-0.42940915633481824,0.4197058489495242,0.052055561195870015,0.09387328615026812,0.13129199942341074,ok,-1.0102122859000815,-1.3663152306952349,1.3864003395259186,-1.6380093812954495,-1.5444365176895942,-1.007541888607725,0.016774469105873477,-0.006968088377763428,0.033339381770192966,-0.0029496342075387284,-0.014161097126011383,0.015406235224524896,0.32240262979397327,0.4013795395083874
8.919999999999854,0.40103947726270317,-0.4293063465310893,0.41958508549100415,0.051850704051847066,0.09387454510536987,0.1626249995752005,ok,-1.0100445412090229,-1.3663849115790125,1.3867337333436205,-1.638038877637525,-1.5445781286608544,-1.0073878262554796,0.016688695385026923,-0.006965855383728098,0.033178707705272446,-0.0029042278996929275,-0.014081271210079249,0.015327729457651368,0.3239900222527938,0.40279642355331857
8.929999999999854,0.4010751327909157,-0.42920391072970554,0.41946505882013385,0.05164684000035902,0.09387575857251411,0.08416599848715123,ok,-1.0098776542551726,-1.3664545701328499,1.3870655204206732,-1.638067919916522,-1.5447189413729552,-1.0072345489609031,0.016603338780288912,-0.006963661852488533,0.03301912686002291,-0.002859359463839998,-0.0140019296840774,0.015249598631704712,0.3255770699450563,0.4042137633744213
8.939999999999854,0.40111049499032664,-0.42910184745092306,0.4193457642319446,0.051443962603494556,0.09387692699508236,0.08075000005192123,ok,-1.0097116208673698,-1.3665242067513748,1.3873957116892734,-1.6380965135111605,-1.544858960669796,-1.007082052974586,0.016518397369131476,-0.0069615057474188835,0.0328606289700494,-0.002815022722703163,-0.013923069327802934,0.015171841115880866,0.32716377433843435,0.4056315567047602
8.949999999999854,0.40114556554464464,-0.4290001552225545,0.41922719705491934,0.051242065478737706,0.09387805081223635,0.06470800144597888,ok,-1.0095464368936784,-1.366593821808849,1.387724317978974,-1.6381246637383875,-1.544998191363074,-1.0069303345634273,0.016433869236859588,-0.006959385073742576,0.032703203892758555,-0.0027712115742919725,-0.013844686944372955,0.01509445528465418,0.32875013689586935,0.40704977348479954
8.959999999999853,0.4011803461302657,-0.428898832579904,0.4191093526507067,0.051041142298380804,0.09387913045896715,0.06320799911918584,ok,-1.0093820982013098,-1.3666634156595863,1.3880513500179015,-1.6381523758541303,-1.5451366382325176,-1.0067793900105808,0.016349752476593475,-0.006957297877793941,0.0325468416056208,-0.002727919990865721,-0.013766779360047056,0.015017439517786531,0.3303361563813596,0.40846797529440704
8.969999999999853,0.40121483841627914,-0.42879787806569813,0.41899222641383915,0.05084118678893904,0.09388016636614212,0.06283400034590159,ok,-1.0092186006765438,-1.3667329886383641,1.3883768184339578,-1.638179655054039,-1.545274306026118,-1.0066292156154029,0.016266045189260402,-0.006955242246297152,0.032391532204471295,-0.002685142017920286,-0.01368934342405138,0.014940792200345318,0.331921836988641,0.40988600124183566
8.979999999999853,0.40124904406447537,-0.42869729023002084,0.41887581377145294,0.050642192730576255,0.0938811589605524,0.06254199979593977,ok,-1.0090559402246513,-1.366802541060827,1.3887007337560024,-1.6382065064742182,-1.5454111994603585,-1.0064798076933994,0.01618274548357708,-0.006953216305650271,0.03223726590183208,-0.002642871773190712,-0.013612376008405033,0.014864511722712226,0.3335071801661055,0.41130385152533944
8.989999999999853,0.4012829647293542,-0.4285970676302484,0.41876011018301146,0.050444153956535676,0.09388210866495987,0.06725000093865674,ok,-1.0088941127698154,-1.3668720732238837,1.3890231064150207,-1.63823293519195,-1.5455473232204426,-1.0063311625761722,0.01609985147603911,-0.006951218221234007,0.03208403302531206,-0.002601103445708833,-0.01353587400774573,0.01478859648059916,0.3350921899825351,0.4127215273013874
8.999999999999853,0.4013166020581324,-0.42849720883098563,0.4186451111400325,0.050247064352579925,0.09388301589814108,0.19987499945273157,ok,-1.008733114255055,-1.366941585406096,1.3893439467452737,-1.638258946226407,-1.54568268196052,-1.006183276611366,0.016017361290904964,-0.006949246196720049,0.031931824015966684,-0.0025598312948209106,-0.013459834339158972,0.014713044875056827,0.33667686260341395,0.41413902784998985
9.009999999999852,0.4013499576907531,-0.42839771240400243,0.4185308121658172,0.050050917856434805,0.0938838810749344,0.15016699944681022,ok,-1.008572940642146,-1.3670110778680633,1.3896632649854335,-1.6382845445393552,-1.5458172803039116,-1.0060361461626155,0.01593527306017887,-0.006947298473402463,0.031780629426699535,-0.0025190496492254605,-0.01338425394200635,0.014637855312483568,0.3382612021107657,0.4155563538660778
9.019999999999852,0.4013830332598948,-0.42829857692817286,0.41841720881518224,0.04985570845724354,0.09388470460628365,0.1049999991664663,ok,-1.0084135879115441,-1.3670805508527972,1.3899810712797005,-1.6383097350358475,-1.5459511228433318,-1.0058897676094907,0.01585358492360321,-0.006945373329535215,0.03163043992074353,-0.002478752906085218,-0.013309129777757243,0.014563026204643057,0.3398452099336254,0.41697350557368507
9.029999999999852,0.401415830390981,-0.428199800989413,0.41830429667419555,0.049661430195025315,0.09388548689928139,0.0915000000532018,ok,-1.0082550520623081,-1.3671500045860925,1.3902973756789079,-1.6383345225649084,-1.5460842141411093,-1.0057441373474443,0.015772295028635582,-0.006943469079682141,0.03148124627008665,-0.0024389355300717132,-0.013234458829819851,0.014488555968665376,0.341428887496155,0.4183904831944684
9.039999999999852,0.40144835070219054,-0.42810138318062124,0.41819207135991393,0.04946807716014064,0.09388622835721241,0.09620800119591877,ok,-1.0080973291120219,-1.3672194392768893,1.3906121881416087,-1.638358911920209,-1.5462165587294074,-1.0055992517877577,0.015691401530435984,-0.006941584074080193,0.031333039353975994,-0.002399592052476197,-0.013160238103374872,0.01441444302705946,0.34301223621763133,0.41980728640704856
9.049999999999851,0.40148059580446865,-0.4280033221016187,0.4180805285201243,0.04927564349276585,0.09388692937959663,0.07683299918426201,ok,-1.0079404150967175,-1.36728885511763,1.3909255185351486,-1.638382907840734,-1.5463481611104413,-1.005455107357487,0.01561090259184936,-0.0069397166980128214,0.031185810157447254,-0.002360717070336382,-0.013086464625209107,0.01434068580772002,0.3445952575124365,0.42122391649772495
9.059999999999851,0.40151256730153667,-0.42790561635909147,0.4179696638330863,0.04908412338236955,0.09388759036223114,0.07741599984001368,ok,-1.007784306070799,-1.3673582522846102,1.391237376636723,-1.6384065150114373,-1.5464790257566934,-1.0053117004994099,0.015530796383391617,-0.0069378653711955505,0.03103954976983487,-0.0023223052455315914,-0.013013135443552218,0.014267282743936538,0.3461779552568087,0.4226403725877047
9.069999999999851,0.40154426678990435,-0.42780826456653237,0.4178594730072799,0.04889351106720001,0.09388821169723081,0.04604199966706801,ok,-1.007628998106965,-1.3674276309383222,1.3915477721344214,-1.6384297380638926,-1.546609157111129,-1.0051690276719705,0.015451081083229753,-0.0069360285471692165,0.03089424938334934,-0.002284351303940294,-0.012940247627912205,0.014194232274398033,0.34776032589944866,0.42405665600728276
9.07999999999985,0.40157569585888164,-0.42771126534418485,0.41774995178115304,0.04870380083377652,0.09388879377306979,0.0429579995397944,ok,-1.0074744872961328,-1.367496991223794,1.3918567146282548,-1.638452581576932,-1.546738559587408,-1.0050270853492265,0.015371754877165451,-0.006934204712711682,0.030749900291661716,-0.0022468500345840196,-0.012867798268914347,0.014121532843199858,0.3493423757513098,0.4254727658247063
9.08999999999985,0.4016068560905903,-0.4276146173189866,0.4176410959228738,0.048514987016386076,0.09388933697462118,0.04220800110488199,ok,-1.0073207697473612,-1.3675663332709211,1.3921642136311714,-1.6384750500772778,-1.5468672375700971,-1.0048858700207945,0.015292815958618342,-0.006932392387248907,0.030606493888509993,-0.0022097962887975865,-0.012795784478140063,0.01404918289985036,0.3509241037405725,0.4268887034146019
9.09999999999985,0.401637749059977,-0.4275183191245145,0.417532901230085,0.04832706399658979,0.09388984168319785,0.2128750002157176,ok,-1.007167841587775,-1.3676356571947936,1.3924702785700565,-1.6384971480401658,-1.5469951954148786,-1.004745378191796,0.015214262528607445,-0.006930590122281452,0.030464021666327754,-0.0021731849794046623,-0.012724203387967425,0.013977180899274444,0.35250551125724894,0.4283044684059713
9.10999999999985,0.4016683763348258,-0.42742236940093115,0.4174253635296599,0.04814002620273127,0.09389030827658973,0.15670799984945916,ok,-1.0070156989624888,-1.3677049630960165,1.3927749187867198,-1.63851887988996,-1.5471224374487582,-1.0046056063828033,0.015136092795732747,-0.006928796500829797,0.030322475214881617,-0.002137011079884852,-0.012653052151412872,0.013905525301819148,0.35408659968641976,0.4297200603768622
9.11999999999985,0.4016987394757712,-0.4273267667949303,0.4173184786774623,0.0479538681094531,0.09389073712910433,0.17212500097230077,ok,-1.0068643380345315,-1.367774251061025,1.3930781435388686,-1.6385402500007589,-1.5472489679702723,-1.004466551129785,0.015058304976156435,-0.006927010136873108,0.030181846219980702,-0.0021012696236203015,-0.012582327941973738,0.013834214573256079,0.35566737040823143,0.43113548076901564
9.12999999999985,0.4017288400363122,-0.427231509959685,0.41721224255810757,0.047768584237218734,0.09389112861160341,0.08333300138474442,ok,-1.00671375498477,-1.3678435211623936,1.3933799620010685,-1.638561262696995,-1.547374791249692,-1.0043282089840524,0.014980897293586514,-0.006925229674813217,0.030042126462132078,-0.0020659557030633024,-0.012512027953472421,0.013763247184787969,0.35724782710964054,0.4325507298192771
9.13999999999985,0.401758679562826,-0.42713659755479483,0.41710665108472783,0.04758416915184134,0.09389148309154069,0.06579200089618098,ok,-1.006563946011834,-1.3679127734591416,1.3936803832656899,-1.6385819222540257,-1.5474999115292267,-1.0041905765122046,0.014903867979253478,-0.006923453788931847,0.02990330781525918,-0.00203106446897424,-0.012442149399901457,0.01369262161304738,0.3588279688054419,0.43396580643686783
9.14999999999985,0.4017882595945818,-0.4270420282462356,0.4170017001987378,0.04740061746401584,0.09389180093299986,0.06366599882312585,ok,-1.0064149073320416,-1.367982007997031,1.3939794163438424,-1.6386022328987153,-1.5476243330232258,-1.0040536502960742,0.01482721527189504,-0.00692168118287582,0.029765382245469,-0.001996591129682483,-0.012372689515271231,0.013622336340101987,0.36040779686118474,0.43538071213142426
9.15999999999985,0.4018175816637559,-0.426947800706308,0.41689738586960373,0.047217923828858165,0.09389208249672977,0.06324999958451372,ok,-1.0062666351793228,-1.3680512248088599,1.394277070166297,-1.638622198810012,-1.5477480599183784,-1.0039174269326732,0.014750937417732608,-0.0069199105891357615,0.02962834180975898,-0.0019625309502844445,-0.012303645553450811,0.013552389853453953,0.361987314883812,0.43679544644665746
9.169999999999849,0.40184664729544667,-0.42685391361358827,0.4167937040946155,0.04703608294545136,0.09389232814018134,0.06283299990172964,ok,-1.0061191258051454,-1.3681204239147513,1.3945733535843945,-1.6386418241195149,-1.5478710963739128,-1.0037819030341386,0.014675032670456596,-0.00691814076854533,0.029492178654834365,-0.001928879251963305,-0.012235014788032617,0.013482780646045937,0.363566521939339,0.43821000957498724
9.179999999999849,0.4018754580076883,-0.42676036565287906,0.41669065089865975,0.04685508955639367,0.09389253821754269,0.06283400034590159,ok,-1.0059723754784409,-1.3681896053224367,1.394868275370943,-1.6386611129120345,-1.5479934465217933,-1.003647075227678,0.014599499291201952,-0.006916370509777766,0.029356885015872608,-0.0018956314112047903,-0.012166794512160286,0.013413507216256738,0.36514542158176777,0.4396245252091686
9.189999999999849,0.40190401531146824,-0.426667155515161,0.41658822233399684,0.0466749384473569,0.09389271307977447,0.04616600017470773,ok,-1.0058263804855287,-1.3682587690275345,1.3951618442211016,-1.6386800692261465,-1.548115114466915,-1.0035129401555154,0.014524335548529877,-0.00691459862886281,0.029222453215344838,-0.0018627828591027136,-0.012098982038395078,0.013344568067905356,0.366724010729502,0.44103943596756984
9.199999999999848,0.40193232071074103,-0.42657428189754476,0.41648641448003765,0.046495624446643236,0.09389285307464393,0.21508300051209517,ok,-1.0056811371300434,-1.3683279150138232,1.395454068753255,-1.6386986970547375,-1.548236104287299,-1.0033794944748364,0.014449539718405244,-0.006912823968702605,0.02908887566184536,-0.001830329080655595,-0.01203157469856789,0.013275961710247721,0.3683022972683615,0.44245477823035884
9.209999999999848,0.4019603757024457,-0.42648174350322454,0.4163852234431257,0.046317142424756166,0.09389295854675972,0.1899999988381751,ok,-1.0055366417328593,-1.3683970432535102,1.3957449575098735,-1.638717000345544,-1.5483564200342848,-1.0032467348577339,0.014375110084179136,-0.006911045398603301,0.02895614484894099,-0.0017982656140465125,-0.011964569843619896,0.013207686657979511,0.3698802759902225,0.4438705480437177
9.219999999999848,0.4019881817765207,-0.4263895390414307,0.416284645356319,0.04613948729396749,0.09389302983760463,0.1332909996563103,ok,-1.0053928906320175,-1.3684661537074962,1.396034518958363,-1.6387349830016844,-1.548476065732721,-1.003114657991154,0.014301044936567588,-0.006909261813808541,0.028824253354038817,-0.0017665880499833848,-0.011897964843473774,0.013139741431235629,0.3714579546426184,0.4452867421742474
9.229999999999848,0.4020157404159217,-0.42629766722738494,0.4161846763791754,0.04596265400789663,0.09389306728556983,0.08499999967170879,ok,-1.005249880182652,-1.3685352463256344,1.3963227614919034,-1.6387526488821842,-1.5485950453811557,-1.0029832605768416,0.014227342573625954,-0.0069074721350484295,0.02869319383726287,-0.0017352920309856288,-0.011831757086872547,0.013072124555583776,0.3730353281364583,0.4467033579400341
9.239999999999847,0.4020430530966373,-0.4262061267822542,0.4160853126975399,0.04578663756109086,0.09389307122598688,0.08470799912174698,ok,-1.0051076067569156,-1.368604321046985,1.396609693430276,-1.638770001802494,-1.5487133629520244,-1.0028525393312857,0.014154001300733236,-0.006905675308086209,0.02856295904035883,-0.0017043732507449135,-0.011765943981249548,0.013004834562029341,0.37461240408178376,0.4481203916007463
9.249999999999847,0.4020701212877064,-0.42611491643310756,0.41598655052333333,0.045611432988612574,0.09389304199116026,0.06441699952119961,ok,-1.0049660667439082,-1.3686733778000657,1.3968953230206798,-1.6387870455350015,-1.548831022391837,-1.0027224909856653,0.014081019430566962,-0.006903870303283418,0.028433541785626095,-0.0016738274534644885,-0.011700522952578245,0.01293786998700794,0.3761891795614057,0.44953784048137907
9.259999999999847,0.40209694645123534,-0.4260240349128702,0.41588838609434464,0.04543703536562909,0.09389297991039956,0.06349999966914766,ok,-1.0048252565496025,-1.3687424165030986,1.397179658438536,-1.6388037838095362,-1.5489480276213627,-1.0025931122857952,0.014008395283082842,-0.006902056115163398,0.028304934974822844,-0.00164365043318724,-0.011635491445232932,0.012871229372385974,0.3777656558878031,0.45095570098072796
9.269999999999847,0.4021235300424154,-0.425933480960282,0.4157908156740235,0.04526343980701086,0.0938928853100501,0.06291699901339598,ok,-1.0046851725967716,-1.3688114370642501,1.3974627077882844,-1.638820220313868,-1.549064382535815,-1.0024643999920713,0.0139361271854961,-0.006900231761989714,0.02817713158814243,-0.0016138380331817863,-0.01157084692185048,0.012804911265459953,0.37934183638007507,0.4523739708114602
9.279999999999847,0.4021498735095404,-0.4258432533198534,0.4156938355512763,0.04509064146693067,0.09389275851352494,0.18995800019183662,ok,-1.0045458113249166,-1.36888043938187,1.3977444791041658,-1.6388363586941999,-1.5491800910050335,-1.0023363508794167,0.013864213472250265,-0.00689839628534734,0.02805012468316323,-0.001584386145289099,-0.011506586863185734,0.012738914218944073,0.3809177222780588,0.45379264571179784
9.289999999999846,0.4021759782940245,-0.4257533507418242,0.41559744204026333,0.04491863553847049,0.09389259984133544,0.17754200052877422,ok,-1.0044071691901941,-1.3689494233447235,1.3980249803509974,-1.6388522025556527,-1.5492951568736653,-1.0022089617372274,0.013792652485006517,-0.006896548749735276,0.02792390739384951,-0.0015552907093241333,-0.011442708767979494,0.01267323679097841,0.38249331284747135,0.45521172374831315
9.299999999999846,0.4022018458304206,-0.42566377198212096,0.41550163148019936,0.04474741725323168,0.09389240961112064,0.16945899915299378,ok,-1.0042692426653441,-1.369018388832221,1.398304219424936,-1.638867755462746,-1.549409583961345,-1.0020822293693177,0.013721442572613592,-0.006894688242156652,0.027798472929532556,-0.0015265477124502339,-0.011379210152818819,0.012607877545117054,0.38406861133050335,0.4566312012085422
9.309999999999846,0.40222747754643823,-0.42557451580231664,0.4154064002351536,0.044576981880949156,0.09389218813767823,0.06733299960615113,ok,-1.004132028239618,-1.3690873357146425,1.3985822041542313,-1.6388830209398706,-1.5495233760628733,-1.0019561505938666,0.013650582091087713,-0.006892813871728482,0.027673814573928836,-0.0014981531885737834,-0.011316088552000697,0.012542835050325942,0.3856436170253542,0.458051075430116
9.319999999999846,0.40225287486296185,-0.42548558096958966,0.41531174469385457,0.04440732472911112,0.09389193573299304,0.06416600081138313,ok,-1.0039955224187072,-1.3691562638533599,1.3988589422999707,-1.6388980024717563,-1.5496365369483933,-1.0018307222433633,0.01358006940359328,-0.0068909247692902995,0.027549925684178637,-0.0014701032177630656,-0.011253341517398017,0.0124781078809815,0.38721833503054387,0.45947134321434596
9.329999999999846,0.4022780391940705,-0.4253969662566837,0.41521766126949455,0.04423844114258357,0.09389165270626657,0.06312500045169145,ok,-1.0038597217246712,-1.3692251731010527,1.3991344415568125,-1.638912703503934,-1.5497490703635672,-1.0017059411645535,0.013509902880411694,-0.0068890200870228135,0.02742679968987019,-0.0014423939256414538,-0.011190966618325734,0.012413694616857372,0.3887927627279284,0.4608920020886636
9.339999999999845,0.4023029719470553,-0.42530867044186915,0.41512414639953793,0.04407032650323827,0.09389133936394631,0.06237500019778963,ok,-1.0037246226958672,-1.369294063301923,1.3994087095537113,-1.6389271274431902,-1.5498609800297505,-1.0015818042183848,0.013440080898928508,-0.0068870989980650745,0.02730443009211237,-0.0014150214828261378,-0.01112896144140481,0.012349593843128807,0.3903669032582074,0.4623130487315276
9.349999999999845,0.4023276745224398,-0.42522069230890275,0.41503119654552917,0.043902976229585014,0.09389099600975283,0.062041999626671895,ok,-1.003590221886878,-1.3693629342919036,1.3996817538546324,-1.6389412776580186,-1.5499722696441645,-1.0014583082799535,0.01337060184360524,-0.006885160696156674,0.027182810462605712,-0.0013879821043551101,-0.011067323590435737,0.012285804150362201,0.3919407559841061,0.46373447931226747
9.359999999999845,0.40235214831399807,-0.42513303064698943,0.41493880819290496,0.04373638577640795,0.09389062294470847,0.06237500019778963,ok,-1.0034565158684419,-1.3694317858988652,1.3999535819592586,-1.6389551574790622,-1.5500829428800689,-1.00133545023845,0.013301464105954532,-0.006883204395260503,0.02706193444270894,-0.0013612720491103794,-0.011006050686261691,0.012222324134506732,0.39351432582095996,0.46515628531545444
9.369999999999845,0.40237639470877457,-0.42504568425074585,0.4148469778508065,0.043570550634409386,0.09389022046716501,0.06512500112876296,ok,-1.0033235012273822,-1.3695006179428177,1.4002242013036856,-1.6389687701995532,-1.5501930033869316,-1.0012132269971048,0.013232666084523056,-0.006881229329216324,0.02694179574256928,-0.0013348876192963736,-0.010945140366646634,0.012159152396894284,0.39508761029748446,0.4665784632282524
9.379999999999844,0.4024004150871038,-0.42495865192016014,0.41475570205189427,0.04340546632985123,0.0938897888728308,0.07783299952279776,ok,-1.003191174566537,-1.3695694302361099,1.4004936192611113,-1.638982119075746,-1.550302454790598,-1.0010916354731358,0.013164206184863001,-0.00687923475138427,0.02682238814020847,-0.0013088251598593207,-0.010884590286137145,0.0120962875442283,0.3966606124540204,0.4680010102618441
9.389999999999844,0.40242421082262975,-0.42487193246055754,0.4146649773521649,0.04324112842420828,0.09388932845479787,0.18187499881605618,ok,-1.0030595325046883,-1.3696382225836237,1.4007618431425133,-1.6389952073273446,-1.5504113006934592,-1.0009706725976935,0.013096082819510182,-0.006877219934299655,0.026703705480666355,-0.0012830810579759072,-0.010824398115940766,0.012033728188577753,0.3982333334809935,0.4694239238723235
9.399999999999844,0.40244778328232583,-0.42478552468256164,0.414574800330769,0.04307753251381826,0.09388883950356774,0.09404100092069712,ok,-1.002928571676493,-1.3697069947829668,1.4010288801973199,-1.6390080381379244,-1.5505195446746187,-1.0008503353158076,0.013028294407964583,-0.006875184169336963,0.026585741675123155,-0.0012576517425007235,-0.010764561543798418,0.01197147294737426,0.3998057745644463,0.47084720130696306
9.409999999999844,0.40247113382651467,-0.42469942740206,0.41448516758983095,0.042914674229541414,0.09388832230707873,0.08237499969254714,ok,-1.0027982887324134,-1.36977574662466,1.4012947376140712,-1.6390206146553494,-1.5506271902900568,-1.0007306205863338,0.012960839376658363,-0.006873126766370196,0.026468490700063393,-0.0012325336834597654,-0.010705078273856089,0.011909520443396103,0.4013779351624725,0.4722708399274386
9.419999999999844,0.4024942638088886,-0.4246136394401674,0.4143960757542719,0.04275254923642243,0.0938877771507311,0.09691699960967526,ok,-1.0026686803386469,-1.3698444778923238,1.401559422521072,-1.6390329399921841,-1.5507342410727953,-1.0006115253819,0.012893716158941573,-0.006871047053452037,0.026351946596441977,-0.0012077233915308064,-0.010645946026542742,0.011847869304770562,0.40294981991965156,0.4736948371456314
9.429999999999843,0.4025171745765293,-0.42452815962319057,0.41430752147163197,0.04259115323335334,0.0938872043174128,0.06416699943656567,ok,-1.0025397431770575,-1.3699131883628584,1.4018229419870363,-1.6390450172260995,-1.5508407005330607,-1.0004930466888522,0.012826923195051958,-0.006868944376485143,0.026236103468853314,-0.001183217417528253,-0.010587162538440786,0.01178651816495787,0.40452142826518606,0.475119190399332
9.439999999999843,0.402539867469929,-0.424442986782594,0.4142195014118955,0.04243048195274497,0.09388660408752492,0.06270799894991796,ok,-1.002411473945107,-1.3699818778066233,1.4020853030217248,-1.6390568494002749,-1.550946572158445,-1.0003751815072026,0.012760458932096251,-0.006866818098910878,0.026120955484724918,-0.0011590123519198265,-0.010528725562176499,0.011725465662750447,0.40609275970429987,0.47654389707022643
9.449999999999843,0.4025623438230103,-0.4243581197549657,0.4141320122673181,0.04227053116019906,0.09388597673900666,0.06258400026126765,ok,-1.002283869355786,-1.3700505459876124,1.4023465125765722,-1.639068439523794,-1.5510518594140668,-1.0002579268505751,0.012694321824018813,-0.006864667601392869,0.026006496873515163,-0.0011351048243058645,-0.010470632866279497,0.011664710442255217,0.4076638187480241,0.4779689546506733
9.459999999999843,0.40258460496314724,-0.42427355738198186,0.4140450507522558,0.04211129665418486,0.09388532254735973,0.06154199945740402,ok,-1.0021569261375458,-1.3701191926636265,1.4026065775453074,-1.6390797905720371,-1.5511565657427295,-1.0001412797461526,0.012628510331589925,-0.0068624922815125715,0.02589272192592202,-0.0011114915029503058,-0.010412882235077508,0.011604251152897718,0.4092346048729349,0.4793943606386018
9.469999999999843,0.4026066522111854,-0.42418929851037523,0.41395861360299346,0.041952774265719604,0.09388464178567248,0.045124999815016054,ok,-1.00203064103423,-1.3701878175864417,1.4028655047645666,-1.6390909054870666,-1.5512606945650802,-1.0000252372346237,0.012563022922369282,-0.00686029155347062,0.025779624993122904,-0.0010881690942939229,-0.010355471468563275,0.011544086449400316,0.41080511763097427,0.4808201125580362
9.479999999999842,0.40262848688146374,-0.4241053419919008,0.4138726975775781,0.04179495985805385,0.09388393472464451,0.04283299858798273,ok,-1.0019050108050063,-1.3702564205019765,1.403123301014498,-1.6391017871780096,-1.551364249279766,-0.9999097963701297,0.012497858070687545,-0.006858064847783659,0.025667200485989257,-0.0010651343424852434,-0.010298398382286935,0.011484214991779526,0.41237536140077136,0.48224620781290756
9.489999999999842,0.4026501102818348,-0.4240216866833032,0.41378729945565107,0.041637849326356745,0.09388320163261007,0.18816699957824312,ok,-1.0017800322242993,-1.3703250011504544,1.4033799730193577,-1.6391124385214344,-1.5514672332635888,-0.9997949542202119,0.012433014257627209,-0.0068558116110041725,0.02555544287435302,-0.0010423840289107763,-0.010241660807231972,0.011424635445340888,0.41394533570586767,0.4836726442496386
9.499999999999842,0.4026715237136857,-0.42393833144628434,0.41370241603828306,0.04148143859740923,0.09388244277556126,0.08837499990477227,ok,-1.0016557020817232,-1.3703935592665644,1.4036355274481012,-1.6391228623617236,-1.5515696498716611,-0.9996807078657585,0.012368489970990488,-0.006853531305423144,0.025444346686246528,-0.0010199149717323385,-0.010185256589699215,0.011365346480661521,0.4155150416891067,0.48509941915658045
9.509999999999842,0.40269272847196025,-0.42385527514747184,0.4136180441478112,0.04132572362929826,0.0938816584171714,0.06599999869649764,ok,-1.0015320171820132,-1.3704620945796187,1.4038899709149637,-1.6391330615114408,-1.551671502437558,-0.9995670544009518,0.012304283705275336,-0.0068512234087961515,0.025333906507185543,-0.0009977240254274353,-0.010129183591183285,0.011306346773580875,0.41708448048908037,0.4865265303048792
9.519999999999841,0.40271372584517895,-0.42377251665838733,0.4135341806276758,0.04117070041111497,0.09388084881881842,0.06491599924629554,ok,-1.0014089743449606,-1.3705306068137066,1.4041433099800356,-1.639143038751695,-1.5517727942734698,-0.9994539909332161,0.012240393961660524,-0.006848887414061734,0.02522411697943356,-0.0009758080803516125,-0.010073439688269995,0.011247635005199774,0.4186536532401415,0.4879539753442453
9.529999999999841,0.40273451711546143,-0.42369005485541467,0.4134508223422609,0.04101636496265661,0.0938800142396063,0.06349999966914766,ok,-1.001286570405344,-1.3705990956878473,1.4043955511498298,-1.6391527968324986,-1.5518735286703524,-0.9993415145831641,0.012176819247972388,-0.0068465228290765035,0.025114972801313504,-0.0009541640622985405,-0.010018022772513976,0.01118920986186129,0.420222562558359,0.48938175170157533
9.539999999999841,0.40275510355854716,-0.4236078886197701,0.413367966176734,0.040862713334130836,0.09387915493638818,0.06304199996520765,ok,-1.0011648022128643,-1.370667560916138,1.404646700877843,-1.6391623384731215,-1.5519737088980776,-0.9992296224845455,0.012113558078665045,-0.006844129176340636,0.025006468726483138,-0.0009327889320508487,-0.009962930750325987,0.011131070035144859,0.4217912065783315,0.49080985728155707
9.54999999999984,0.4027754864438172,-0.4235260168374707,0.4132856090368895,0.04070974160586447,0.09387827116378808,0.06237499837880023,ok,-1.0010436666320777,-1.3707360022079014,1.4048967655651077,-1.639171666362442,-1.552073338205581,-0.9991183117841941,0.012050608974792466,-0.006841705992735602,0.02489859956326024,-0.0009116796849599932,-0.009908161542858795,0.011073214221852154,0.42335958937432927,0.4922382898055275
9.55999999999984,0.40279566703431613,-0.4234444383993053,0.41320374784899183,0.040557445888015894,0.09387736317422327,0.06258400026126765,ok,-1.0009231605423297,-1.3708044192678288,1.4051457515607402,-1.6391807831592917,-1.5521724198210094,-0.9990075796419755,0.011987970463989276,-0.006839252829269582,0.024791360173931635,-0.0008908333505102465,-0.009853713085896307,0.011015641124001815,0.42492771057810996,0.4936670470179682
9.56999999999984,0.4028156465867733,-0.4233631522008036,0.4131223795596213,0.04040582232028898,0.09387643121792477,0.0670829995215172,ok,-1.0008032808376897,-1.3708728117961215,1.4053936651624794,-1.6391896914927968,-1.5522709569518685,-0.9988974232307355,0.011925641080442586,-0.006836769250821315,0.024684745474098328,-0.0008702469919196009,-0.009799583329742777,0.01095834944881413,0.42649557130319926,0.4950961263604105
9.57999999999984,0.4028354263516245,-0.4232821571422082,0.41304150113551996,0.040254867071651275,0.09387547554295937,0.045415999920805916,ok,-1.0006840244268853,-1.3709411794886297,1.4056405126172205,-1.639198393962716,-1.5523689527851658,-0.9987878397362473,0.011863619364869158,-0.006834254835889762,0.024578750432001896,-0.0008499177057173659,-0.00974577023911553,0.010901337908701791,0.42806317404826694,0.49652552556434587
9.58999999999984,0.4028550075730343,-0.4232014521284435,0.4129611095634408,0.04010457634005556,0.09387449639525,0.04254200030118227,ok,-1.0005653882332366,-1.3710095220369887,1.4058863001215405,-1.6392068931397732,-1.552466410487557,-0.9986788263571603,0.01180190386449136,-0.006831709176348346,0.02447337006787433,-0.0008298426213280565,-0.009692271793028739,0.010844605221259084,0.4296305184909058,0.49795524274875685
9.59999999999984,0.4028743914889178,-0.4231210360690889,0.4128812018499962,0.03995494635216444,0.09387349401859715,0.04237500070303213,ok,-1.0004473691945917,-1.3710778391287521,1.4061310338222193,-1.6392151915659865,-1.5525633332054873,-0.9985703803049477,0.011740493133012406,-0.006829131877204905,0.024368599453300728,-0.0008100189006843692,-0.009639085984691322,0.010788150109249984,0.43119760573237415,0.4993852757483563
9.60999999999984,0.4028935793309621,-0.42304090787834897,0.4128017750215097,0.03980597336307737,0.09387246865469893,0.17770799968275242,ok,-1.0003299642632615,-1.371146130447524,1.4063747198167522,-1.6392232917549934,-1.5526597240653341,-0.9984624988038552,0.011679385730592726,-0.006826522556359647,0.024264433710584923,-0.0007904437378248823,-0.009586210821394386,0.010731971300597803,0.4327644368698103,0.500815622419533
9.61999999999984,0.40291257232464883,-0.4229610664750261,0.4127228261238677,0.039657653656061574,0.09387142054317144,0.16754099851823412,ok,-1.0002131704059556,-1.3712143956730878,1.406617364153858,-1.6392311961923716,-1.552755586173548,-0.9983551790908493,0.011618580223823732,-0.006823880844377604,0.02416086801212762,-0.0007711143585090143,-0.00953364432441004,0.01067606752837084,0.4343310143092145,0.5022462797959616
9.62999999999984,0.4029313716892759,-0.4228815107824924,0.4126443522223731,0.039509983542284716,0.09387034992156852,0.08391600022150669,ok,-1.0000969846037173,-1.3712826344815316,1.4068589728339793,-1.6392389073359566,-1.5528509226167921,-0.9982484184155656,0.011558075185706099,-0.006821206384253456,0.024057897579799717,-0.0007520280198100178,-0.009481384528875867,0.010620437530773725,0.4358973377886713,0.5036772465448855
9.639999999999839,0.4029499786379804,-0.42280223972866215,0.4125663504016004,0.03936295936055374,0.09386925702540186,0.06962499901419505,ok,-0.9999814038518603,-1.371350846545374,1.4070995518097773,-1.6392464276161547,-1.552945736462081,-0.9981422140402578,0.011497869195622882,-0.006818498831189985,0.023955517684355887,-0.0007331820097710716,-0.009429429483702708,0.010565080051133295,0.43746340966832814,0.505108520586673
9.649999999999839,0.402968394377759,-0.42272325224596463,0.412488817765252,0.03921657747705042,0.09386814208816037,0.06404099985957146,ok,-0.9998664251599041,-1.371419031533686,1.4073391069866208,-1.6392537594362524,-1.5530400307569179,-0.9980365632397465,0.011437960839319021,-0.006815757852370963,0.023853723644818973,-0.0007145736469971904,-0.00937777725145836,0.010509993837889585,0.4390292297163562,0.5065400993836838
9.659999999999838,0.4029866201094922,-0.422644547271317,0.41241175143601505,0.03907083428507708,0.09386700534132945,0.06366600064211525,ok,-0.9997520455515109,-1.3714871891122098,1.407577644223069,-1.6392609051727223,-1.5531338085294324,-0.9979314633013676,0.011378348708870906,-0.006812983126749614,0.023752510827905974,-0.0006962002803134657,-0.009326425908275572,0.010455177644578187,0.44059479900984383,0.5079719813384851
9.669999999999838,0.40300465702796573,-0.4225661237460986,0.41233514855542147,0.03892572620480093,0.0938658470144103,0.06416699943656567,ok,-0.9996382620644222,-1.3715553189434773,1.407815169331348,-1.6392678671755254,-1.5532270727885151,-0.9978269115249219,0.011319031402669467,-0.006810174344825546,0.023651874647424433,-0.0006780592883585144,-0.009275373543733005,0.010400630229824997,0.44216011984057535,0.5094041639169244
9.679999999999838,0.4030225063218922,-0.42248798061612286,0.4122590062837068,0.038781249683000646,0.09386466733493813,0.06283299990172964,ok,-0.9995250717503955,-1.3716234206869256,1.4080516880778224,-1.639274647768409,-1.5533198265239525,-0.9977229052226236,0.011260007525389762,-0.006807331208441265,0.023551810563733407,-0.0006601480792825614,-0.009224618260773981,0.01034635035732781,0.4437251932215169,0.5108366450650897
9.689999999999838,0.4030401691739347,-0.4224101168316135,0.4121833217996726,0.03863740119281947,0.09386346652850178,0.062417000663117506,ok,-0.9994124716751416,-1.37169149399901,1.4082872061834597,-1.639281249249202,-1.5534120727065603,-0.9976194417190504,0.011201275687969784,-0.006804453430566884,0.023452314083141527,-0.0006424640903358662,-0.009174158175587432,0.010292336795846985,0.44529001898054854,0.5122694233017762
9.699999999999838,0.4030576467607282,-0.42233253134717663,0.4121080923005482,0.038494177233516474,0.09386224481876089,0.046374998419196345,ok,-0.9993004589182619,-1.3717595385333157,1.408521729324291,-1.6392876738901052,-1.5535038142883162,-0.9975165183510919,0.011142834507586317,-0.006801540735102529,0.02335338075738871,-0.0006250047875675368,-0.009123991417519938,0.010238588319192268,0.4468545981790327,0.5137024960970301
9.709999999999837,0.4030749402529022,-0.42225522312177677,0.4120333150018548,0.03835157433022412,0.09386100242746555,0.04237500070303213,ok,-0.9991890305731861,-1.3718275539406668,1.408755263131865,-1.639293923937981,-1.5535950542024914,-0.9974141324679,0.011084682607627284,-0.00679859285667172,0.023255006183057793,-0.0006077676654273879,-0.009074116128963566,0.010185103706207526,0.44841893301862107,0.5151358614563121
9.719999999999837,0.40309205081510385,-0.4221781911187109,0.41195898713727075,0.03820958903370719,0.09385973957447281,0.16412500008300412,ok,-0.9990781837471098,-1.3718955398692336,1.4089878131936955,-1.639300001614635,-1.553685795363781,-0.9973122814308379,0.011026818617671493,-0.006795609540430303,0.02315718600105902,-0.0005907502464668938,-0.009024530465272282,0.010131881740761092,0.449983029094937,0.5165695174044758
9.729999999999837,0.40310897960601927,-0.42210143430558367,0.4118851059584974,0.038068217920123694,0.0938584564777658,0.13191600010031834,ok,-0.998967915560933,-1.3719634959646378,1.409219385053706,-1.6393059091170998,-1.5537760406684338,-0.9972109626134303,0.010969241173465384,-0.006792590541864291,0.023059915896094563,-0.0005739500809989905,-0.008975232594657509,0.010078921211734362,0.4515469114904143,0.5180034626105209
9.739999999999837,0.40312572777839695,-0.42202495165428267,0.4118116687351269,0.03792745759079004,0.09385715335347017,0.11016700045729522,ok,-0.9988582231491984,-1.3720314218700564,1.4094499842126669,-1.6393116486179098,-1.5538657929943804,-0.997110173401313,0.010911948916891654,-0.006789535626604377,0.022963191596122718,-0.0005573647467302064,-0.008926220698078156,0.010026220913000525,0.4531105794281863,0.5194376945481097
9.749999999999837,0.4031422964790697,-0.4219487421409543,0.4117386727545105,0.037787304671946687,0.093855830415872,0.06433299859054387,ok,-0.9987491036600294,-1.3720993172263225,1.409679616128628,-1.6393172222653771,-1.5539550552013612,-0.9970099111921831,0.010854940495954485,-0.006786444570236659,0.022867008871837232,-0.0005409918484712165,-0.008877492969168444,0.00997377964342199,0.4546740356676989,0.5208722119591935
9.759999999999836,0.40315868684897754,-0.4218728047459789,0.4116661153216281,0.037647755814527964,0.093854487877435,0.06324999958451372,ok,-0.9986405542550699,-1.372167181672025,1.4099082862173464,-1.6393226321838619,-1.5540438301310529,-0.9969101733957488,0.010798214564746274,-0.006783317158116604,0.022771363536175145,-0.0005248290178029048,-0.008829047614123038,0.009921596206826578,0.4562372806906945,0.5223070116399522
9.769999999999836,0.40317490002319045,-0.4217971384539474,0.4115939937589601,0.03750880769393478,0.09385312594881763,0.06270899939408991,ok,-0.9985325721094225,-1.372235014843606,1.410135999852708,-1.6393278804740399,-1.554132120607194,-0.9968109574336805,0.010741769783432177,-0.0067801531851864215,0.022676251443782974,-0.0005088739127472954,-0.008780882851612512,0.009869669412004357,0.4578003149822611,0.5237420930471378
9.779999999999836,0.4031909371309303,-0.4217217422536378,0.41152230540635787,0.03737045700980748,0.09385174483888911,0.06208400009199977,ok,-0.9984251544115882,-1.3723028163754578,1.410362762367146,-1.6393329692131673,-1.5542199294357102,-0.9967122607395605,0.010685604818218801,-0.006776952455804638,0.02258166849055012,-0.0004931242174637362,-0.00873299691268321,0.00981799807268571,0.4593631378584578,0.5251774529424323
9.789999999999836,0.4032067992955938,-0.42164661513799084,0.41145104762091866,0.03723270048580328,0.09385034475474706,0.08454099952359684,ok,-0.998318298363406,-1.372370585900016,1.4105885790520514,-1.639337900455342,-1.554307259404837,-0.9966140807588337,0.010629718341334983,-0.006773714783553416,0.02248761061308373,-0.0004775776419208653,-0.008685388040662934,0.009766581007532638,0.4609257509727304,0.5266130908887161
9.799999999999836,0.40322248763477486,-0.4215717561040876,0.4113802177768584,0.037095534869375536,0.09384892590173301,0.05341600081010256,ok,-0.9982120011799926,-1.3724383230478514,1.4108134551581821,-1.639342676231761,-1.5543941132852437,-0.9965164149487584,0.010574109031004978,-0.006770439991083329,0.02239407378825468,-0.0004622319216149991,-0.008638054491076897,0.009715417040123,0.4624881548196201,0.528049004361141
9.809999999999835,0.403238003260288,-0.42149716415312616,0.41130981326538796,0.03695895693155578,0.09384748848344913,0.04229200021654833,ok,-0.9981062600896826,-1.3725060274477623,1.4110373958960647,-1.6393472985509772,-1.5544804938301544,-0.9964192607783572,0.010518775571425849,-0.006767127909933364,0.022301054032707802,-0.00044708481725396686,-0.00859099453154832,0.009664504998937494,0.4640503487091083,0.5294851923134383
9.819999999999835,0.4032533472781901,-0.4214228382903991,0.41123983149458937,0.036822963466737156,0.09384603270177422,0.17099999968195334,ok,-0.9980010723339684,-1.3725736987268615,1.4112604064363918,-1.6393517693991497,-1.5545664037754698,-0.9963226157283678,0.01046371665274155,-0.006763778380363745,0.022208547402378907,-0.00043213411444184097,-0.008544206441704415,0.00961384371734432,0.46561233431886756,0.5309216514376137
9.829999999999835,0.40326852078880304,-0.42134877752527067,0.411170269889293,0.03668755129246035,0.0938445587568792,0.14987500071583781,ok,-0.997896435167441,-1.372641336510665,1.4114824919104156,-1.6393560907402942,-1.5546518458398868,-0.9962264772911943,0.010408930971023854,-0.00676039125119607,0.022116549992058466,-0.00041737762343019297,-0.008497688513100812,0.009563432033589721,0.46717411215186594,0.5323583807042417
9.839999999999835,0.40328352488673685,-0.4212749808711545,0.4111011258909569,0.03655271724920334,0.09384306684724292,0.12241600052220747,ok,-0.9977923458577307,-1.3727089404231771,1.4117036574103363,-1.6393602645165286,-1.5547368227250178,-0.9961308429708584,0.010354417228240303,-0.0067569663796468475,0.022025057934902233,-0.00040281317876546485,-0.008451439049108583,0.00951326879077608,0.4687356827136207,0.5337953791689647
9.849999999999834,0.40329836066091196,-0.42120144734549175,0.41103239695754573,0.03641845820017134,0.09384155716966822,0.07037499926809687,ok,-0.9976888016854483,-1.3727765100869735,1.4119239079896853,-1.6393642926483163,-1.5548213371155089,-0.9960357102829507,0.010300174132240988,-0.006753503631174932,0.02193406740200308,-0.0003884386390530997,-0.008405456364847007,0.009463352836858145,0.4702970453050656,0.5352326434714441
9.859999999999834,0.403313029194582,-0.42112817596972923,0.4109640805634117,0.036284771031090464,0.09384002991929653,0.06654099888692144,ok,-0.9975857999441259,-1.3728440451232853,1.4121432486637053,-1.6393681770347068,-1.5549053916791573,-0.9959410767545821,0.010246200396722924,-0.006750002879312607,0.021843574601928123,-0.00037425188665173807,-0.008359738787084429,0.009413683024617847,0.47185820284577934,0.5366701726832113
9.869999999999834,0.40332753156535617,-0.4210551657692974,0.4108961741991763,0.03615165265000245,0.09383848528962319,0.06804199983889703,ok,-0.9974833379401586,-1.3729115451520784,1.4123616844097246,-1.6393719195535734,-1.554988989067028,-0.9958469399243359,0.010192494741216732,-0.006746464005527942,0.021753575780294198,-0.0003602508273915106,-0.008314284654149944,0.009364258211659536,0.47341915342956403,0.5381079659592033
9.879999999999834,0.403341868845222,-0.4209824157735893,0.41082867537161316,0.03601909998706316,0.0938369234725126,0.0687079991621431,ok,-0.9973814129927465,-1.3729790097921337,1.4125792201675276,-1.6393755220618473,-1.5550721319135696,-0.9957532973422193,0.010139055891057418,-0.006742886899058882,0.02166406721931803,-0.0003464333903040362,-0.008269092315850364,0.009315077260390835,0.4749798987782909,0.539546019886539
9.889999999999834,0.4033560421005686,-0.4209099250159391,0.4107615816035317,0.03588710999434241,0.09383534465821308,0.06383400068443734,ok,-0.997280022433836,-1.3730464386611243,1.4127958608397209,-1.6393789863957504,-1.5551548228367282,-0.9956601465696154,0.010085882577358407,-0.0067392714567722145,0.021575045237402866,-0.000332797527353911,-0.008224160133383512,0.009266139038005997,0.4765404394088622,0.5409843336351385
9.899999999999833,0.4033700523922075,-0.42083769253360115,0.4106948904336617,0.035755679645624296,0.09383374903537103,0.045707998651778325,ok,-0.9971791636080624,-1.373113831375692,1.413011611292095,-1.639382314371024,-1.555237064438062,-0.9955674851792353,0.010032973536996965,-0.0067356175830154625,0.02148650618870881,-0.00031934121315662273,-0.00817948647924732,0.009217442416480141,0.4781007758401495,0.5424229064567077
9.909999999999833,0.4033839007753974,-0.42076571736772883,0.4106285994165391,0.03562480593621251,0.09383213679104627,0.04204099968774244,ok,-0.9970788338726924,-1.3731811875515223,1.4132264763539821,-1.6393855077831556,-1.5553188593028544,-0.9954753107550706,0.00998032751258039,-0.006731925189474422,0.02139844646272901,-0.000306062444716108,-0.008135069737162574,0.009168986272545329,0.47966090735780437,0.5438617348856758
9.919999999999833,0.40339758829986505,-0.42069399856335477,0.41056270612239293,0.03549448588273702,0.09383050811072557,0.20429100004548673,ok,-0.9969790305975665,-1.373248506803417,1.4134404608186095,-1.6393885684076028,-1.555400210000226,-0.9953836208923451,0.009927943252428188,-0.006728194195024355,0.02131086248389352,-0.00029295924117392173,-0.008090908301981723,0.009120769487680825,0.48122083695004375,0.5453008181878705
9.929999999999833,0.40341111600982904,-0.42062253516936937,0.41049720813703283,0.035364716522961116,0.09382886317833733,0.0899579990800703,ok,-0.9968797511650422,-1.3733157887453673,1.4136535694434484,-1.6393914980000146,-1.5554811190832458,-0.9952924131974683,0.009875819510548237,-0.006724424525601319,0.021223750711158212,-0.0002800296435424259,-0.008047000579611078,0.009072790948099093,0.4827805639105979,0.5467401547442238
9.939999999999833,0.40342448494402144,-0.4205513262385007,0.41043210306173733,0.03523549491559092,0.09382720217626501,0.06687499990221113,ok,-0.9967809929699367,-1.3733830329906234,1.41386580695056,-1.63939429829645,-1.555561589089042,-0.9952016852879874,0.009823955046611488,-0.006720616114055361,0.02113710763759859,-0.0002672717144476936,-0.008003344986924737,0.009025049544728886,0.4843400875167881,0.5481797429504944
9.949999999999832,0.40343769613571073,-0.4204803708272953,0.4103673885131441,0.03510681814008987,0.09382552528536192,0.06974999996600673,ok,-0.9966827534194707,-1.373450239151764,1.414077178026936,-1.6393969710135945,-1.5556416225389111,-0.99511143479254,0.009772348625929423,-0.006716768900023909,0.021050929790020587,-0.0002546835378751297,-0.007959939951681523,0.008977544173201126,0.4858994107887719,0.5496195802198843
9.959999999999832,0.40345075061272423,-0.42040966799609736,0.4103030621231399,0.034978683296491245,0.0938238326849642,0.07866600026318338,ok,-0.9965850299332114,-1.3735174068407643,1.4142876873248362,-1.6393995178489733,-1.555721221938428,-0.995021659350808,0.009720999019432615,-0.006712882829791263,0.02096521372857224,-0.0002422632189315316,-0.007916783912446108,0.008930273733836917,0.4874585317540017,0.5510596669557737
9.969999999999832,0.40346364939747115,-0.42033921680902925,0.41023912153875197,0.03485108750521482,0.09382212455290453,0.07045799975458067,ok,-0.996487819943017,-1.3735845356690621,1.4144973394621219,-1.6394019404811626,-1.5558003897775525,-0.9949323566134697,0.009669905003642978,-0.006708957856164307,0.020879956046359185,-0.00023000888358437315,-0.007873875318501592,0.008883237131627702,0.48901745345312436,0.5524999995871832
9.979999999999832,0.40347639350696374,-0.4202690163339718,0.41017556442204106,0.03472402790688477,0.09382040106552547,0.06304199996520765,ok,-0.9963911208929807,-1.3736516252476239,1.4147061390225855,-1.6394042405699984,-1.5558791285307376,-0.9948435242421534,0.009619065360654792,-0.006704993938340666,0.020795153369057153,-0.00021791867843637733,-0.007831212629783665,0.00883643327622508,0.4905761751647915,0.5539405775649064
9.989999999999831,0.4034889839528412,-0.42019906564254594,0.41011238844999365,0.034597501662150455,0.09381866239769318,0.0787090011726832,ok,-0.9962949302393741,-1.3737186751870072,1.414914090556276,-1.6394064197567828,-1.5559574406570356,-0.9947551599093911,0.009568478878110857,-0.0067009910417863295,0.02071080235454774,-0.00020599077045943857,-0.00778879431677989,0.008789861081924774,0.49213469615167466,0.5553813993565025
9.999999999999831,0.4035014217413916,-0.4201293638100923,0.41004959131441715,0.03447150595150818,0.09381690872281016,0.05274999966786709,ok,-0.996199245450593,-1.373785685097425,1.4151211985798215,-1.6394084796644874,-1.5560353286002033,-0.9946672612985719,0.009518144349176567,-0.006696949138105838,0.02062689969254689,-0.00019422334678908772,-0.007746618860468917,0.008743519467649688,0.4936930194840045,0.5568224623673236
10.009999999999831,0.4035137078735733,-0.4200599099156524,0.4099871707218341,0.034346037975123665,0.09381514021282819,0.042083000153070316,ok,-0.9961040640071013,-1.3738526545888061,1.415327467576747,-1.6394104218979553,-1.556112794788808,-0.9945798261038954,0.009468060572519234,-0.006692868204923283,0.020543442104239314,-0.00018261461447384732,-0.00770468475223266,0.00869740735693684,0.49525114443098733,0.5582637672289111
10.01999999999983,0.40352584334503916,-0.4199907030419505,0.40992512439337825,0.03422109495265918,0.09381335703826134,0.04204200013191439,ok,-0.9960093834013761,-1.3739195832708553,1.4155329019977896,-1.6394122480441,-1.5561898416363305,-0.994492852030326,0.009418226352286098,-0.006688748225763883,0.02046042634192059,-0.00017116280024509278,-0.007662990493779956,0.00865152367792357,0.49680907152881876,0.5597053102823811
10.02999999999983,0.4035378291461573,-0.4199217422753745,0.409863450064692,0.03409667412310177,0.09381155936819882,0.1847910007199971,ok,-0.9959152011378533,-1.3739864707531129,1.4157375062612088,-1.6394139596721025,-1.5562664715412682,-0.9944063367935467,0.009368640498077606,-0.006684589189934423,0.020377849188633567,-0.00015986615028242414,-0.00762153459706955,0.008605867363329274,0.49836680131467,0.5611470911258413
10.03999999999983,0.40354966626203465,-0.4198530267059572,0.40980214548582306,0.03397277274459041,0.09380974737031714,0.12187500033178367,ok,-0.9958215147328725,-1.3740533166450122,1.415941284753095,-1.6394155583336052,-1.556342686887239,-0.9943202781199134,0.009319301824930645,-0.006680391092408321,0.02029570745784162,-0.00014872293002187836,-0.007580315584239373,0.008560437350446058,0.49992433432662414,0.562589107156942
10.04999999999983,0.4035613556725381,-0.4197845554273581,0.40974120842112355,0.0338493880942485,0.0938079212108928,0.0825829993118532,ok,-0.9957283217146232,-1.3741201205559364,1.4161442418276735,-1.6394170455629054,-1.5564184900430813,-0.994234673746409,0.00927020915328701,-0.006676153933703842,0.020213997993048058,-0.00013773142388535847,-0.0075393319875180186,0.008515232581114593,0.5014816723984927,0.5640313580311961
10.05999999999983,0.40357289835231774,-0.4197163275368456,0.4096806366491491,0.033726517468016706,0.09380608105481518,0.06462500095949508,ok,-0.9956356196230903,-1.3741868820952734,1.416346381807604,-1.6394184228771442,-1.5564938833629565,-0.9941495214205978,0.009221361308979194,-0.006671877719783381,0.02013271766748631,-0.00012688993509006323,-0.007498582349155257,0.008470252001718633,0.5030388147830844,0.5654738423100153
10.06999999999983,0.4035842952708281,-0.4196483421352781,0.4096204279625594,0.03360415818048679,0.0938042270655972,0.06320799911918584,ok,-0.9955434060100006,-1.3742536008724713,1.4165477089842788,-1.6394196917764952,-1.556568869186448,-0.9940648189005806,0.009172757123201699,-0.006667562461934549,0.020051863383766803,-0.00011619678544172365,-0.007458065221357891,0.008425494563163443,0.5045957607179254,0.566916557384545
10.07999999999983,0.4035955473923517,-0.4195805983270874,0.4095605801680183,0.03348230756473954,0.09380235940538889,0.063750001572771,ok,-0.9954516784387686,-1.3743202764970905,1.4167482276181165,-1.6394208537443495,-1.5566434498386617,-0.9939805639549489,0.009124395432493349,-0.006663208176668111,0.01997143207355716,-0.00010565031509150885,-0.007417779166193861,0.008380959220865406,0.506152513345741,0.568359502994567
10.08999999999983,0.4036066556760198,-0.4195130952202595,0.4095010910860965,0.033360962972181024,0.09380047823498867,0.06520799979625735,ok,-0.9953604344844437,-1.3743869085788571,1.416947941938852,-1.6394219102475005,-1.5567176276303236,-0.9938967543627403,0.009076275078710113,-0.006658814885602402,0.019891420697233504,-9.524888234689801e-05,-0.0073777227555398795,0.008336644934732849,0.5077090732198934,0.5698026777394785
10.09999999999983,0.4036176210758355,-0.41944583192631774,0.40944195855117405,0.033240121772383446,0.09379858371385522,0.06166700040921569,ok,-0.9952696717336565,-1.374453496727713,1.4171468561458243,-1.6394228627363239,-1.556791404857879,-0.9938133879133929,0.00902839490900527,-0.006654382615364364,0.019811826243583068,-8.499086346093037e-05,-0.00733789457099412,0.008292550669153274,0.5092654382652104,0.5712460790886905
10.109999999999829,0.4036284445406954,-0.419378807560306,0.4093831804113433,0.03311978135292628,0.09379667600011911,0.061875000028521754,ok,-0.9951793877845665,-1.3745200405538667,1.41734497440826,-1.6394237126449585,-1.556864783803589,-0.9937304624067014,0.008980753775807244,-0.006649911397485789,0.019732645729466154,-7.487465241582411e-05,-0.007298293203809693,0.008248675392978567,0.5108216116493571,0.572689710814104
10.119999999999829,0.4036391270144116,-0.41931202124076994,0.4093247545283135,0.032999939119239326,0.09379475525059432,0.04558299951895606,ok,-0.9950895802468084,-1.3745865396678416,1.4175423008655548,-1.6394244613914826,-1.556937766735627,-0.9936479756527716,0.00893335053679364,-0.006645401268299049,0.01965387619950279,-6.489866072854826e-05,-0.007258917254823893,0.00820501807950628,0.5123775926047768,0.5741335723998267
10.129999999999828,0.40364966943573405,-0.4192454720897412,0.4092666787773156,0.032880592494447136,0.09379282162078949,0.04220800110488199,ok,-0.9950002467414405,-1.3746529936805245,1.4177388396275499,-1.63942511037809,-1.5570103559081752,-0.9935659254719765,0.00888618405487409,-0.006640852268838193,0.01957551472577337,-5.506131724235881e-05,-0.007219765334376448,0.008161577706469353,0.5139333830006736,0.5755776636885342
10.139999999999828,0.4036600727383725,-0.41917915923271976,0.40920895104700816,0.032761738919216105,0.09379087526492008,0.21112499962328002,ok,-0.9949113849008917,-1.374719402203213,1.4179345947748077,-1.6394256609912623,-1.557082553561519,-0.9934843096949119,0.00883925319816579,-0.006636264444741791,0.0194975584074986,-4.536106794385653e-05,-0.007180836062256981,0.008118353256019385,0.5154889807330373,0.5770219833063638
10.149999999999828,0.4036703378510179,-0.4191130817986568,0.4091515692393838,0.032643375851601236,0.09378891633591885,0.12983300075575244,ok,-0.99482299236891,-1.3747857648476605,1.4181295703588825,-1.6394261146019418,-1.5571543619221415,-0.9934031261623517,0.008792556839968654,-0.0066316378461556405,0.019420004370746886,-3.579637575294729e-05,-0.0071421280676188794,0.008075343714707953,0.5170443890011253,0.5784665285445433
10.159999999999828,0.4036804656973649,-0.41904723891993884,0.4090945312696764,0.032525500766896365,0.0937869449854465,0.15829199946892913,ok,-0.9947350668005104,-1.374852081226122,1.41832377040259,-1.6394264725656993,-1.5572257832028178,-0.9933223727252046,0.00874609385874735,-0.006626972527634776,0.019342849768121242,-2.6365720329779656e-05,-0.007103639988916466,0.008032548073476385,0.5185996083602105,0.5799112979839206
10.169999999999828,0.40369045719613345,-0.41898162973237035,0.40903783506626945,0.0324081111574852,0.0937849613639036,0.06462499914050568,ok,-0.9946476058619229,-1.3749183509513985,1.4185171989002712,-1.6394267362229027,-1.557296819602707,-0.9932420472444699,0.008699863138107293,-0.006622268548049726,0.01926609177848353,-1.7067597902076066e-05,-0.007065370473835332,0.007989965327637863,0.5201546380252101,0.581356291612189
10.179999999999827,0.40370031326109057,-0.4189162533751574,0.4089814785706045,0.03229120453269267,0.09378296562044135,0.06337500053632539,ok,-0.9945606072305418,-1.3749845736368789,1.418709859818056,-1.6394269068988818,-1.5573674733074454,-0.9931621475911935,0.008653863566771811,-0.0066175259705005115,0.019189727606639742,-7.900521043283186e-06,-0.007027318179220635,0.007947594476861615,0.5217094785406683,0.5828015066878695
10.189999999999827,0.40371003480107215,-0.41885110899089206,0.4089254597370908,0.03217477841864096,0.09378095790297113,0.06358300015563145,ok,-0.9944740685948741,-1.375050748896584,1.4189017570941225,-1.6394269859040922,-1.5574377464892377,-0.9930826716464248,0.008608094038562539,-0.006612744862222546,0.019113754483072,1.1369814819607657e-06,-0.0069894817710148905,0.007905434525160236,0.5232641304512547,0.58424694326981
10.199999999999827,0.40371962272000483,-0.4187861957255347,0.40886977653301615,0.03205883035810317,0.09377893835817668,0.0718749997759005,ok,-0.9943879876544884,-1.3751168763452062,1.4190928946389532,-1.6394269745342773,-1.557507641306948,-0.9930036173011733,0.008562553452376281,-0.0066079252944923885,0.019038169663645257,1.0046364919216234e-05,-0.006951859924181529,0.007863484480872736,0.5248185956527075,0.5856925985943854
10.209999999999827,0.4037290779169273,-0.4187215127283999,0.40881442693845654,0.03194335791036133,0.09377690713152403,0.08795799840299878,ok,-0.9943023621199647,-1.3751829555981512,1.4192832763355896,-1.6394268740706281,-1.5575771599061898,-0.9929249824563645,0.008517240712162193,-0.006603067342548277,0.01896297042932908,1.882906868887626e-05,-0.0069144513226528604,0.007821743356648845,0.5263728747002401,0.5871384727907275
10.219999999999827,0.4037384012860128,-0.41865705915213863,0.40875940894618923,0.03182835865106535,0.09377486436727138,0.11637500028882641,ok,-0.9942171897128431,-1.3752489862715767,1.419472906039883,-1.6394266857799413,-1.5576463044194164,-0.992846765022798,0.008472154726902083,-0.006598171085498586,0.018888154085915626,2.748651659203626e-05,-0.006877254659245643,0.007780210169434981,0.5279269667909712,0.5885845630728688
10.229999999999826,0.403747593716589,-0.4185928341527238,0.4087047205616047,0.03171383017209111,0.09377281020848019,0.0452089989266824,ok,-0.9941324681655741,-1.3753149679824317,1.419661787580742,-1.6394264109147754,-1.5577150769660089,-0.9927689629211036,0.008427294410587033,-0.006593236606238368,0.018813717963754417,3.60201169664535e-05,-0.0068402686356054615,0.007738883940458101,0.529480872469459,0.5900308696393721
10.239999999999826,0.40375665609316175,-0.41852883688943365,0.4086503598026191,0.03159977008140383,0.09377074479702475,0.2497080004104646,ok,-0.9940481952214683,-1.375380900348494,1.4198499247603795,-1.6394260507136058,-1.5577834796523649,-0.9926915740816991,0.008382658682197055,-0.006588263991368419,0.018739659417475477,4.443126286790584e-05,-0.006803491962142035,0.007697763695211149,0.5310345936448846,0.5914773881268706
10.249999999999826,0.40376558929543455,-0.4184650665248366,0.4085963246995893,0.03148617600291954,0.0937686682736029,0.23216699992190115,ok,-0.9939643686346463,-1.3754467829884076,1.4200373213545543,-1.6394256064009771,-1.5578515145719862,-0.9926145964447469,0.008338246465680469,-0.00658325333110908,0.01866597582572532,5.272133224672218e-05,-0.006766923357958997,0.007656848463438832,0.5325881295036144,0.5929241218896177
10.259999999999826,0.4037743941983311,-0.4184015222247757,0.40854261329522656,0.03137304557636982,0.0937665807777456,0.09841700011747889,ok,-0.9938809861699895,-1.3755126155217188,1.4202239811128115,-1.6394250791876546,-1.5579191838055657,-0.9925380279601125,0.008294056689928532,-0.006578204719220901,0.0185926645909075,6.08916881047688e-05,-0.006730561550795837,0.00761613727911851,0.5341414819611394,0.5943710649642033
10.269999999999825,0.4037830716720165,-0.4183382031583533,0.4084892236445117,0.03126037645716699,0.09376448244782656,0.08533400068699848,ok,-0.9937980456030903,-1.375578397568911,1.4204099077587204,-1.6394244702707734,-1.5579864894210738,-0.9924618665873213,0.00825008828875898,-0.006573118252928588,0.018519723138914892,6.894367868651956e-05,-0.006694405276956514,0.0075756291804497545,0.5356946501966025,0.5958182192406586
10.279999999999825,0.40379162258191875,-0.41827510849791605,0.40843615381461124,0.03114816631627185,0.09376237342107326,0.09124999996856786,ok,-0.9937155447202026,-1.3756441287514405,1.4205951049901095,-1.6394237808339867,-1.5580534334738434,-0.9923861102955168,0.008206340200892292,-0.006567994032837891,0.018447148918883365,7.687863762089557e-05,-0.006658453281253347,0.007535323209836912,0.537247636131543,0.597265581865162
10.289999999999825,0.40380004778874923,-0.418212237419039,0.40838340188479383,0.031036412840060455,0.09376025383357486,0.0804169994808035,ok,-0.9936334813181937,-1.375709808691769,1.4207795764792983,-1.6394230120476105,-1.558120018006656,-0.9923107570634184,0.008162811369929697,-0.006562832162863886,0.018374939402923056,8.46978841091251e-05,-0.006622704316941178,0.00749521841387286,0.538800440319018,0.5987131532398332
10.299999999999825,0.403808348148525,-0.41814958910051175,0.4083309659463476,0.03092511373019499,0.09375812382029322,0.07745800030534156,ok,-0.9935518532044945,-1.3757754370133977,1.4209633258733276,-1.6394221650687695,-1.5581862450498254,-0.9922358048792796,0.008119500744331971,-0.006557632750147538,0.018303092085882836,9.240272307468112e-05,-0.006587157145648645,0.007455313843323546,0.5403530619272632,0.6001609304878279
10.309999999999825,0.40381652451258915,-0.4180871627243227,0.40827884410249793,0.030814266703494377,0.09375598351507206,0.08175000039045699,ok,-0.9934706581970512,-1.3758410133408991,1.4211463567941864,-1.6394212410415387,-1.558252116621282,-0.9921612517408465,0.008076407277403639,-0.006552395904992629,0.018231604485101978,9.999444531764026e-05,-0.006551810537329669,0.0074156085531187224,0.5419055028863827,0.6016089123657848
10.319999999999824,0.40382457772763247,-0.41802495747564444,0.4082270344683257,0.030703869491806073,0.09375383305064602,0.044207999962964095,ok,-0.9933898941242771,-1.375906537299949,1.4213286728390375,-1.6394202410970855,-1.5583176347266552,-0.9920870956553153,0.0080335299272639,-0.006547121740786382,0.018160474140157857,0.00010747432768454152,-0.006516663270193835,0.007376101602328192,0.5434577623573605,0.6030570976411765
10.329999999999824,0.403832508635714,-0.4179629725428193,0.40817553517068683,0.030593919841879966,0.09375167255865023,0.04204200013191439,ok,-0.9933095588250045,-1.375972008517357,1.4215102775804391,-1.6394191663538087,-1.558382801359357,-0.992013334639292,0.007990867656830528,-0.006541810373922486,0.01808969861262409,0.0001148436332348227,-0.006481714130638466,0.007336792054151028,0.5450098422757403,0.6045054868479238
10.339999999999824,0.40384031807428256,-0.4179012071173447,0.40812434434813155,0.030484415515242343,0.09374950216962916,0.18049999926006421,ok,-0.9932296501484362,-1.3760374266210962,1.4216911745665655,-1.6394180179174764,-1.5584476185006635,-0.9919399667187505,0.007948419433798228,-0.006536461923742661,0.01801927548585266,0.00012210361135421243,-0.006446961913208874,0.00729767897590091,0.546561743192128,0.6059540770629315
10.349999999999824,0.4038480068761976,-0.41783966039385834,0.4080734601508257,0.030375354288073975,0.09374732201304689,0.11020800047845114,ok,-0.9931501659540982,-1.3761027912403336,1.421871367321424,-1.6394167968813629,-1.5585120881197956,-0.9918669899289915,0.007906184230619121,-0.006531076512458986,0.017949202364712976,0.00012925549796056508,-0.0064124054205155975,0.007258761438990836,0.5481134642565832,0.6074028670852453
10.359999999999824,0.4038555758697497,-0.4177783315701246,0.40802288074047055,0.030266733951084458,0.09374513221729476,0.043541000195546076,ok,-0.993071104111792,-1.3761681020054581,1.4220508593450711,-1.6394155043263832,-1.5585762121740008,-0.9917944023146016,0.007864161024478728,-0.006525654265083693,0.017879476875371607,0.00013630051562097767,-0.006378043463188956,0.007220038518915573,0.5496650074123393,0.6088518557242922
10.369999999999823,0.40386302587868167,-0.41771721984701965,0.4079726042902257,0.030158552309393308,0.09374293290970079,0.045500000851461664,ok,-0.9929924625015473,-1.376233358548109,1.4222296541138248,-1.6394141413212269,-1.5586399926086327,-0.9917222019294124,0.007822348797277645,-0.006520195309371386,0.01781009666507132,0.00014323987370509975,-0.0063438748598172705,0.007181509295238135,0.551216371802205,0.6103010417997718
10.379999999999823,0.40387035772220964,-0.4176563244285175,0.40792262898463016,0.030050807182407713,0.09374072421653933,0.04266700125299394,ok,-0.9929142390135745,-1.3762985605012028,1.4224077550804755,-1.63941270892249,-1.558703431357231,-0.99165038683646,0.007780746535610943,-0.0065146997757424725,0.017741059401884963,0.00015007476854979676,-0.006309898436883465,0.007143172851575606,0.5527675607832423,0.6117504260061343
10.389999999999823,0.40387757221504356,-0.41759564452167597,0.40787295301952603,0.029943496403704785,0.09373850626303865,0.04199999966658652,ok,-0.9928364315482183,-1.3763637074989603,1.4225851656744943,-1.6394112081748045,-1.5587665303415998,-0.9915789551079442,0.0077393532307477916,-0.006509167797227441,0.017672362774515556,0.0001568063835811249,-0.006276113028713039,0.007105028275582983,0.5543185720879676,0.6132000053617933
10.399999999999823,0.4038846701674076,-0.4175351793366224,0.40782357460198215,0.029836617820912906,0.09373627917339018,0.04212500061839819,ok,-0.9927590380159108,-1.3764287991769326,1.4227618893022396,-1.6394096401109686,-1.5588292914718869,-0.9915079048251885,0.007698167878609432,-0.006503599509392604,0.017604004492054813,0.000163435889472721,-0.006242517477414279,0.007067074658937418,0.5558694062542596,0.6146497787163898
10.409999999999823,0.403891652385061,-0.4174749280865409,0.40777449195021725,0.02973016929559558,0.09373404307075733,0.041916000554920174,ok,-0.9926820563371247,-1.3764938351720266,1.42293792934716,-1.639408005752074,-1.558891716646661,-0.9914372340785991,0.007657189479750314,-0.006497995050288839,0.017535982283774162,0.00016996444429044616,-0.006209110632820231,0.007029311097323719,0.5574200666548392,0.6160997449294138
10.419999999999822,0.40389851966931883,-0.41741488998765713,0.4077257032935255,0.029624148703135476,0.09373179807728395,0.04320799962442834,ok,-0.9926054844423272,-1.3765588151225294,1.4231132891699978,-1.639406306107631,-1.5589538077529892,-0.9913669409676258,0.007616417039339026,-0.00649235456038192,0.017468293898913228,0.00017639319362158733,-0.006175891352432236,0.006991736690421542,0.5589705510024071,0.6175499028701016
10.429999999999822,0.40390527281707234,-0.4173550642592256,0.4076772068722013,0.029518553932619762,0.09372954431410195,0.047833998905844055,ok,-0.9925293202719339,-1.3766237386681333,1.4232879721089868,-1.6394045421756946,-1.5590155666665135,-0.9912970236007216,0.0075758495671354766,-0.0064866781824938465,0.017400937106465626,0.00018272327071843265,-0.006142858501362973,0.006954350541887102,0.5605208612562541,0.6190002533888986
10.439999999999822,0.4039119126208092,-0.41729545012351554,0.40762900093746535,0.02941338288672743,0.09372728190134105,0.04262500078766607,ok,-0.9924535617762625,-1.3766886054499583,1.4234619814800515,-1.6394027149429875,-1.559076995251527,-0.9912274800953027,0.00753548607746933,-0.0064809660617460105,0.01733390969496093,0.00018895579663818254,-0.006110010952285655,0.006917151759336677,0.5620709979600246,0.6204507914522691
10.449999999999822,0.4039184398686341,-0.41723604680579834,0.4075810837513907,0.029308633481616872,0.09372501095813598,0.057249999372288585,ok,-0.9923782069154878,-1.3767534151105758,1.4236353205770012,-1.6394008253850212,-1.5591380953610499,-0.9911583085777094,0.007495325589228244,-0.006475218345492323,0.017267209472260885,0.0001950918803758962,-0.006077347585372862,0.0068801394543401215,0.5636209616565191,0.6219015179084062
10.459999999999821,0.40392485534428924,-0.417176853534333,0.40753345358683013,0.02920430364681455,0.09372273160263513,0.04683299994212575,ok,-0.9923032536595956,-1.3768181672940307,1.4238079926717238,-1.6393988744662173,-1.5591988688369036,-0.991089507183166,0.007455367125826774,-0.006469435183271319,0.017200834265365863,0.00020113261900377928,-0.006044867288236107,0.006843312742394414,0.5651707514558559,0.6233524336993838
10.469999999999821,0.40393115982717387,-0.4171178695403535,0.40748610872734353,0.029100391325105234,0.09372044395200842,0.043542000639718026,ok,-0.9922286999883373,-1.3768828616458635,1.4239800010143775,-1.6393968631400273,-1.559259317509786,-0.991021074055742,0.00741560971519527,-0.006463616726745314,0.017134781920196913,0.00020707909778352733,-0.00601256895589359,0.006806670742918207,0.5667203693254212,0.6248035357487199
10.479999999999821,0.40393735409236575,-0.4170590940580557,0.40743904746712584,0.0289968944724238,0.09371814812245567,0.18112500038114376,ok,-0.9921545438911853,-1.3769474978131309,1.4241513488335795,-1.6393947923490495,-1.559319443199345,-0.9909530073483128,0.007376052389754576,-0.006457763129642467,0.017069050301396597,0.0002129323903355016,-0.005980451490687403,0.006770212579230525,0.5682698172427186,0.626254822981822
10.48999999999982,0.4039434389106395,-0.417000526324584,0.4073922681109363,0.028893811057746056,0.09371584422921427,0.20870799926342443,ok,-0.9920807833672878,-1.3770120754444273,1.4243220393365934,-1.639392663025146,-1.5593792477142518,-0.9908853052225205,0.0073366941863998196,-0.006451874547704907,0.017003637292152055,0.00021869355871853238,-0.005948513802250998,0.006733937378539981,0.5698190928751911,0.6277062922356511
10.49999999999982,0.40394941504848897,-0.4169421655800178,0.4073457689740263,0.028791139062982984,0.09371353238656721,0.09683400094218086,ok,-0.9920074164254238,-1.3770765941899044,1.424492075709515,-1.6393904760895588,-1.5594387328522743,-0.990817965848735,0.007297534146479296,-0.0064459511386310295,0.01693854079396935,0.00022436365360475617,-0.0059167548074438685,0.006697844271928506,0.5713681981957669,0.629157946627927
10.50999999999982,0.4039552832681451,-0.41688401106735995,0.40729954838207105,0.028688876482875384,0.09371121270785103,0.06966700129851233,ok,-0.991934441083959,-1.3771410537012907,1.4246614611174546,-1.6393882324530227,-1.5594979004003486,-0.9907509874060157,0.007258571315772665,-0.0064399930620286545,0.016873758726507978,0.00022994371436876152,-0.005885173430306603,0.006661932394333865,0.5729171322965715,0.6306097830342718
10.51999999999982,0.40396104432759694,-0.41682606203252237,0.407253604671098,0.02858702132488759,0.0937088853054631,0.07433300015691202,ok,-0.9918618553708013,-1.377205453631911,1.4248301987047196,-1.639385933015879,-1.5595567521346516,-0.9906843680820724,0.0072198047444780745,-0.006434000479356296,0.016809289027368085,0.00023543476923503217,-0.0058537686020063845,0.0066262008845417286,0.5744658986019976,0.6320618004157933
10.52999999999982,0.40396669898061166,-0.4167683177243145,0.4072079361874188,0.028485571609106034,0.09370655029086988,0.07633299901499413,ok,-0.9917896573233566,-1.3772697936367044,1.4249982915949932,-1.6393835786681867,-1.5596152898206717,-0.990618106073227,0.007181233487182707,-0.006427973553876138,0.016745129651920442,0.00024083783539901145,-0.005822539260776465,0.006590648885160713,0.5760144962048562,0.633513997742297
10.53999999999982,0.4039722479767538,-0.4167107773944295,0.40716254128756024,0.028384525368134527,0.09370420777461425,0.07391600047412794,ok,-0.9917178449884847,-1.3773340733722432,1.4251657428915125,-1.6393811702898327,-1.5596735152132795,-0.9905521995843753,0.007142856602853802,-0.006421912450603433,0.016681278573114057,0.0002461539191226737,-0.005791484351884199,0.006555275542618352,0.577562924186517,0.6349663717917005
10.54999999999982,0.40397769206140566,-0.4166534402974327,0.4071174183381961,0.02828388064699417,0.09370185786632242,0.07241699859150685,ok,-0.9916464164224562,-1.3773982924967492,1.4253325556772436,-1.6393787087506415,-1.5597314300567984,-0.9904866468289492,0.00710467315481138,-0.006415817336252185,0.016617733781284366,0.00025138401590159244,-0.005760602827554551,0.006520080007137758,0.5791111859840151,0.6364189259315486
10.55999999999982,0.40398303197578633,-0.4165963056907482,0.40707256571607986,0.028183635503022046,0.09369950067471271,0.0770839997130679,ok,-0.9915753696909081,-1.3774624506701116,1.4254987330150564,-1.6393761949104826,-1.559789036085074,-0.9904214460288778,0.0070666822107149614,-0.006409688379193194,0.016554493283986813,0.00025652911054003136,-0.00572989364693991,0.006485061432729458,0.5806592806792423,0.6378716569771775
10.569999999999819,0.40398826845697206,-0.41653937283464737,0.40702798180797706,0.028083788005772235,0.09369713630760165,0.08270800026366487,ok,-0.991504702868801,-1.3775265475539036,1.4256642779478963,-1.6393736296193773,-1.5598463350215432,-0.9903565954145506,0.007028882842538147,-0.006403525749400788,0.016491555105807052,0.0002615901772900313,-0.005699355776060173,0.006450218977170224,0.5822072073428837,0.6393245639323124
10.579999999999819,0.4039934022379151,-0.4164826409922354,0.406983665010599,0.02798433623691569,0.09369476487191221,0.0452090007456718,ok,-0.9914344140403756,-1.3775905828113977,1.4258291934989544,-1.6393710137176043,-1.5599033285793038,-0.9902920932247788,0.006991274126555807,-0.00639732961840923,0.01642891728818729,0.000266568179963136,-0.00566898818775573,0.006415551801994199,0.5837549694240652,0.640777643527306
10.589999999999819,0.40399843404746383,-0.41642610942944,0.40693961373053666,0.02788527829014417,0.09369238647368033,0.16295800014631823,ok,-0.99136450129911,-1.3776545561075817,1.4259934826718363,-1.6393683480358046,-1.5599600184611813,-0.9902279377067589,0.006953855143322126,-0.006391100159262977,0.016366577889253026,0.00027146407204079826,-0.005638789861636438,0.006381059072475925,0.5853025645282383,0.6422308993254975
10.599999999999818,0.40400336461038183,-0.4163697774149983,0.40689582638419497,0.0277866122710721,0.09369000121806255,0.09374999899591785,ok,-0.9912949627476768,-1.3777184671091742,1.426157148450729,-1.6393656333950841,-1.5600164063597977,-0.9901641271160341,0.006916624977649503,-0.006384837546475769,0.01630453498363244,0.0002762787968056382,-0.005608759784029954,0.006346739957613532,0.5868499961122898,0.6436843257719095
10.609999999999818,0.40400819464736754,-0.4163136442204457,0.4068523013977281,0.027688336297142718,0.0936876092093431,0.07645900041097775,ok,-0.9912257964979003,-1.377782315484639,1.4263201938005652,-1.6393628706071162,-1.560072493957638,-0.9901006597164579,0.0068795827185947605,-0.0063785419559823555,0.016242786662302007,0.0002810132874193615,-0.005578896947941383,0.006312593630118682,0.5883972617696456,0.6451379265264581
10.619999999999818,0.40401292487507334,-0.41625770912010274,0.406809037206974,0.027590448497530264,0.09368521055094058,0.07479099986085203,ok,-0.9911570006707143,-1.3778461009041987,1.4264826216671882,-1.639360060474242,-1.5601282829271175,-0.9900375337801567,0.006842727459436348,-0.006372213565092053,0.016181331032397217,0.00028566846707204477,-0.005549200352991462,0.0062786192663985725,0.5899443649647221,0.646591695969937
10.629999999999818,0.4040175560061247,-0.4162019713910644,0.4067660322573913,0.027492947013048774,0.09368280534541511,0.07787499998812564,ok,-0.99108857339612,-1.3779098230398497,1.4266444349775123,-1.6393572037895712,-1.5601837749306473,-0.9899747475874927,0.006806058297656318,-0.006365852552456396,0.0161201662170635,0.00029024524906349,-0.0055196690053825334,0.006244816046541574,0.5914913047542639,0.6480456354764457
10.639999999999818,0.40402208874914003,-0.4161464303131868,0.40672328500399485,0.02739582999605734,0.09368039369447582,0.13016599950788077,ok,-0.9910205128131434,-1.3779734815653741,1.4268056366396829,-1.6393543013370806,-1.560238971620701,-0.9899122994270273,0.006769574334923952,-0.006359459098010345,0.016059290355277877,0.0002947445369189762,-0.005490301917844545,0.006211183154305606,0.5930380801843517,0.6494997441060638
10.649999999999817,0.4040265238087489,-0.41609108516907645,0.40668079391129325,0.02729909561036865,0.09367797569898667,0.049791000492405146,ok,-0.9909528170697942,-1.3780370761563543,1.4269662295432357,-1.6393513538917115,-1.5602938746398796,-0.9898501875954843,0.0067332746770733184,-0.006353033382944792,0.015998701601700936,0.0002991672245028845,-0.005461098109582458,0.006177719777099091,0.5945846947302791,0.6509540209265754
10.659999999999817,0.40403086188561177,-0.41603593524407795,0.40663855745322547,0.027202742031157284,0.09367555145897405,0.04379199890536256,ok,-0.9908854843230235,-1.3781006064901837,1.4271262165592526,-1.6393483622194664,-1.5603484856209753,-0.9897884103977133,0.006697158434087967,-0.006346575589655686,0.0159383981264972,0.0003035141961154878,-0.00543205660624004,0.006144425105970469,0.5961311474381702,0.6524084625727182
10.669999999999817,0.40403510367643874,-0.41598097982626236,0.40659657411309913,0.027106767444869617,0.09367312107363296,0.04291699951863848,ok,-0.9908185127386826,-1.3781640722460804,1.4272856005405177,-1.6393453270775054,-1.5604028061870376,-0.9897269661466536,0.006661224720084354,-0.006340085901714716,0.015878378115197808,0.0003077863266023798,-0.00540317643984602,0.006111298335594936,0.5976774388281935,0.6538630729892211
10.679999999999817,0.4040392498740086,-0.41592621820641584,0.4065548423835285,0.027011170049134437,0.09367068464133393,0.04270899989933241,ok,-0.9907519004914818,-1.3782274731050976,1.4274443843216698,-1.6393422492142393,-1.560456837951436,-0.9896658531632976,0.006625472653285214,-0.00633356450381569,0.015818639768523872,0.00031198448145939727,-0.005374456648767086,0.006078338664252252,0.5992235709060819,0.6553178463657275
10.689999999999817,0.40404330116718706,-0.4158716496780279,0.40651336076637323,0.026915948052673055,0.09366824225962994,0.04229199839755893,ok,-0.9906856457649489,-1.3782908087501358,1.427602570719355,-1.6393391293694248,-1.5605105825179237,-0.9896050697766551,0.006589901356011215,-0.006327011581746501,0.015759181302243092,0.00031610951692597866,-0.005345896277668376,0.006045545293821839,0.6007695412183895,0.6567727842409501
10.699999999999816,0.4040472582409469,-0.41581727353727993,0.4064721277726776,0.026821099675213365,0.09366579402526215,0.04241700116836,ok,-0.9906197467513888,-1.3783540788659532,1.4277601625323773,-1.6393359682742557,-1.5605640414807005,-0.9895446143237169,0.006554509954654804,-0.006320427322345824,0.015700000947015257,0.0003201622800926195,-0.005317494377461677,0.006012917429761305,0.602315353257411,0.6582278857202575
10.709999999999816,0.4040511217763854,-0.41576308908303383,0.4064311419226101,0.026726623147401922,0.09366334003416721,0.043166999603272416,ok,-0.9905542016518422,-1.3784172831391766,1.4279171625418474,-1.6393327666514548,-1.5606172164244752,-0.9894844851494192,0.006519297579670054,-0.006313811913466676,0.0156410969482333,0.0003241436090021823,-0.005289250005264166,0.005980454281099536,0.6038610045583204,0.6596831499162767
10.719999999999816,0.4040548924507435,-0.41570909561682046,0.40639040174540353,0.026632516710716807,0.093660880381483,0.11729099969670642,ok,-0.9904890086760455,-1.3784804212583113,1.4280735735113297,-1.6393295252153648,-1.5606701089245278,-0.9894246806066083,0.006484263365544963,-0.006307165543939708,0.015582467565883214,0.0003280543327436919,-0.005261162224350785,0.005948155060412799,0.6054064986198803,0.6611385733916266
10.729999999999816,0.4040585709374245,-0.41565529244282895,0.4063499057792953,0.026538778617383758,0.0936584151615554,0.19791599879681598,ok,-0.99042416604239,-1.3785434929137508,1.4282293981869885,-1.6393262446720374,-1.5607227205467713,-0.9893651990560042,0.00644940645079382,-0.006300488403537736,0.015524111074392877,0.00033189527154432215,-0.005233230104115155,0.005916018983821248,0.6069518344637735,0.6625941603684302
10.739999999999815,0.40406215790601235,-0.415601678867895,0.4063096525714686,0.026445407130291625,0.09365594446794469,0.1049999991664663,ok,-0.9903596719778821,-1.378606497797786,1.4283846392977324,-1.6393229257193218,-1.5607750528478124,-0.989306038866166,0.006414725977927996,-0.006293780682934752,0.015466025762480847,0.0003356672368803711,-0.005205452720016638,0.005884045270962927,0.6084970141015614,0.6640499048472035
10.749999999999815,0.40406565402229044,-0.4155482542014895,0.40626964067799376,0.02635240052290703,0.09365346839343125,0.056582999604870565,ok,-0.9902955247181028,-1.3786694356046154,1.4285392995553572,-1.639319569046953,-1.5608271073750126,-0.9892471984134563,0.0063802210934511975,-0.006287042573678908,0.015408209933014078,0.0003393710315652548,-0.005177829153544317,0.005852233144993427,0.6100420350459881,0.66550580591169
10.759999999999815,0.40406905994825965,-0.41549501775570813,0.4062298686637698,0.0262597570791928,0.09365098703002249,0.04616700061887968,ok,-0.9902317225071683,-1.3787323060303522,1.4286933816546874,-1.6393161753366374,-1.560878885666548,-0.9891886760820063,0.006345890947829357,-0.006280274268151362,0.015350661902872069,0.0003430074498343674,-0.005150358492171036,0.005820581832558793,0.6115869008081108,0.6669618679201252
10.769999999999815,0.404072376342157,-0.41544196884526,0.40619033510246716,0.026167475093526203,0.09364850046895816,0.04441700002644211,ok,-0.99016826359769,-1.3787951087730337,1.4288468882737162,-1.639312745262139,-1.5609303892514699,-0.9891304702636807,0.006311734695481801,-0.006273475959538206,0.015293380002803149,0.00034657727744662935,-0.00512303982930952,0.005789090563790865,0.6131316103958904,0.6684180847793302
10.779999999999815,0.4040756038584737,-0.4153891067874568,0.4061510385764699,0.026075552870616345,0.09364600880071705,0.04320799962442834,ok,-0.9901051462507351,-1.378857843532629,1.4289998220737443,-1.6393092794893644,-1.560981619649763,-0.9890725793580428,0.0062777514947554725,-0.00626664784179032,0.015236362577272422,0.0003500812917837285,-0.005095872264269076,0.005757758572284431,0.614676165824201,0.6698744582657569
10.789999999999814,0.40407874314797315,-0.41533643090220174,0.40611197767681906,0.025983988725424057,0.09364351211502292,0.043000000005122274,ok,-0.9900423687357875,-1.3789205100110469,1.429152185699517,-1.6393057786764467,-1.5610325783724057,-0.9890150017723199,0.0062439405079180174,-0.006259790109593687,0.015179607984335049,0.0003535202619257219,-0.005068854902217802,0.005726585095094449,0.6162205645838676,0.6713309875479724
10.799999999999814,0.40408179485770984,-0.4152839405119785,0.40607315100315633,0.025892780983082543,0.09364101050085014,0.04283400085114408,ok,-0.9899799293307083,-1.3789831079121428,1.4293039817793605,-1.6393022434738274,-1.5610832669214278,-0.988957735921369,0.006210300901131477,-0.006252902958341644,0.015123114595508674,0.00035689494874559,-0.00504198685413341,0.005695569372713092,0.6177648101975062,0.6727876690921675
10.809999999999814,0.4040847596310465,-0.4152316349418413,0.4060345571636671,0.025801927978817092,0.0936385040464301,0.04237500070303213,ok,-0.989917826321697,-1.3790456369417263,1.4294552129253155,-1.6392986745243399,-1.5611336867899692,-0.9889007802276419,0.0061768318444352975,-0.006245986584095371,0.015066880795612943,0.00036020610500942603,-0.005015267236767049,0.005664710649056225,0.6193089016595597,0.6742445047517528
10.819999999999814,0.4040876381076728,-0.41517951351940324,0.405996194775026,0.025711428057867962,0.09363599283925639,0.09254199903807603,ok,-0.9898560580032526,-1.3791080968075673,1.4296058817332717,-1.6392950724632898,-1.561183839462337,-0.9888441331211514,0.006143532511736433,-0.006239041183561729,0.015010904982666867,0.0003634544754422808,-0.004988695172601086,0.0056340081714567085,0.6208528409878057,0.6757014937152195
10.829999999999814,0.4040904309236228,-0.41512757557482677,0.4059580624623408,0.025621279575412763,0.09363347696609155,0.04475000059755985,ok,-0.9897946226781352,-1.3791704872194028,1.4297559907830983,-1.6392914379185353,-1.561233726414063,-0.9887877930394369,0.006110402080784571,-0.006232066954050957,0.014955185567728962,0.0003666407968375868,-0.004962269789803635,0.005603461190643622,0.6223966271699812,0.6771586324125742
10.839999999999813,0.40409313871129293,-0.41507582044081187,0.40592015885909793,0.025531480896488275,0.09363095651297194,0.0428749990533106,ok,-0.9897335186573274,-1.3792328078889433,1.4299055426387757,-1.639287771510567,-1.561283349111961,-0.9887317584275305,0.006077439733156189,-0.006225064093461687,0.014899720974793194,0.0003697657981200404,-0.004935990222196637,0.005573068960728856,0.6239402607048734,0.678615922773054
10.849999999999813,0.4040957620994603,-0.41502424745258615,0.405882482607108,0.02544203039591589,0.0936284315652136,0.21333399854484014,ok,-0.9896727442599959,-1.379295058529878,1.4300545398485236,-1.6392840738525858,-1.561332709014183,-0.9886760277379232,0.00604464465423993,-0.006218032800237888,0.014844509640638276,0.0003728302004540814,-0.004909855609204006,0.005542830739196854,0.6254837420899678,0.6800733640045061
10.859999999999813,0.4040983017132997,-0.41497285594789446,0.40584503235645136,0.025352926458224966,0.09362590220741869,0.21362499865063,ok,-0.9896122978134535,-1.3793572388578803,1.43020298494493,-1.6392803455505813,-1.5613818075702752,-0.9886205994305313,0.006012016033222033,-0.006210973273346837,0.014789550014707817,0.0003758347173116989,-0.00488386509582165,0.005512745786892599,0.6270270733455617,0.6815309525007318
10.869999999999813,0.40410075817440133,-0.41492164526698855,0.40580780676542505,0.02526416747757867,0.09362336852348008,0.09679199865786359,ok,-0.9895521776531213,-1.3794193485906139,1.430350880445077,-1.6392765872034083,-1.5614306462212335,-0.9885654719726623,0.005979553063057971,-0.006203885712250352,0.01473484055899798,0.00037878005455447417,-0.004858017832570751,0.0054828133679966215,0.6285702549722174,0.6829886902656929
10.879999999999812,0.4041031321007893,-0.41487061475261616,0.40577080450048914,0.02517575185770019,0.0936208305965873,0.04683299994212575,ok,-0.9894923821224907,-1.3794813874477363,1.4304982288506671,-1.6392727994028629,-1.5614792263995592,-0.9885106438389824,0.005947254940470158,-0.006196770316875839,0.014680379747911153,0.00038166691052483924,-0.00483231297546357,0.00545303275002644,0.6301132844132699,0.6844465736691079
10.889999999999812,0.4041054241069381,-0.4148197637500115,0.40573402423621363,0.025087678011798453,0.09361828850923251,0.04362500112620182,ok,-0.9894329095730859,-1.379543355150905,1.4306450326481464,-1.6392689827337577,-1.5615275495293137,-0.9884561135114821,0.005915120865920663,-0.006189627287587343,0.014626166068146032,0.0003844959761237014,-0.004806749685958514,0.005423403203811914,0.6316561652147793,0.6859046047642131
10.899999999999812,0.40410763480379047,-0.4147690916068843,0.4056974646552266,0.024999944362496522,0.09361574234321511,0.042374998884042725,ok,-0.9893737583644268,-1.3796052514237809,1.430791294308828,-1.6392651377739964,-1.5615756170261732,-0.988401879479444,0.005883150043598794,-0.006182456825165522,0.014572198018578628,0.0003872679348851441,-0.004781327130926591,0.005393924003486349,0.6331988978731327,0.6873627827899623
10.909999999999812,0.4041097647987747,-0.41471859767341024,0.4056611244481616,0.02491254934175869,0.09361319217964781,0.042624998968676664,ok,-0.9893149268639908,-1.3796670759920324,1.4309370162890136,-1.6392612650946476,-1.5616234302974825,-0.9883479402394092,0.005851341681403861,-0.006175259130768435,0.01451847411013459,0.0003899834630572878,-0.004756044482609062,0.005364594426472231,0.6347414813498438,0.6888211040798612
10.919999999999812,0.4041118146958222,-0.4146682813022203,0.40562500231360576,0.02482549139081974,0.09361063809896152,0.04308400093577802,ok,-0.9892564134471767,-1.37972882858334,1.431082201030115,-1.639257365260017,-1.5616709907423085,-0.9882942942951445,0.005819694990928602,-0.006168034405921246,0.01446499286566925,0.000392643229691972,-0.004730900918581708,0.005335413753467959,0.6362839161329946,0.690279570760089
10.929999999999811,0.40411378509538504,-0.41461814184839096,0.4055890969580493,0.024738768960114788,0.09360808018091143,0.04254200030118227,ok,-0.9891982164972675,-1.3797905089273992,1.4312268509587716,-1.6392534388277202,-1.5617182997514945,-0.9882409401576098,0.005788209187441174,-0.006160782852478226,0.014411752819864865,0.0003952478966967182,-0.0047058956217170865,0.00530638126843298,0.6378262042463816,0.6917381820875349
10.939999999999811,0.40411567659445174,-0.41456817866943446,0.40555340709583304,0.02465238050920752,0.093605518504581,0.04725000144389924,ok,-0.9891403344053931,-1.379852116755924,1.4313709684869702,-1.6392494863487532,-1.5617653587077116,-0.9881878763449254,0.00575688348987239,-0.0061535046726018,0.014358752519092806,0.0003977981189412518,-0.004681027780141655,0.005277496258577656,0.6393683461807486,0.6931969343594925
10.949999999999811,0.40411748978656636,-0.414518391125288,0.4055179314490993,0.024566324506722744,0.09360295314838858,0.042749999920488335,ok,-0.9890827655704943,-1.37991365180265,1.4315145560121612,-1.6392455083675639,-1.5618121689855131,-0.9881351013823396,0.005725717120791966,-0.0061462000687435,0.014305990521323402,0.00040029454430883996,-0.004656296587204872,0.005248758014343227,0.6409103393442124,0.6946558267907812
10.95999999999981,0.40411922526184424,-0.4144687785783049,0.4054826687477403,0.024480599430276605,0.09360038419009177,0.04266599898983259,ok,-0.9890255083992864,-1.3799751138033374,1.4316576159173744,-1.6392415054221208,-1.5618587319513852,-0.9880826138021962,0.005694709306402108,-0.006138869243608569,0.0142534653959852,0.00040273781378874664,-0.004631701241437899,0.00522016582939763,0.6424521888411677,0.696114861603357
10.96999999999981,0.4041208836069892,-0.4144193403932437,0.40544761772934956,0.024395203766408576,0.09359781170679238,0.043000000005122274,ok,-0.9889685613062223,-1.3800365024957735,1.4318001505713343,-1.639237478043983,-1.5619050489637996,-0.9880304121439022,0.005663859276512914,-0.006131512400144987,0.014201175723882764,0.00040512856152673466,-0.004607240946523035,0.005191719000614664,0.6439938905311108,0.6975740380773523
10.97999999999981,0.40412246540531077,-0.4143700759372596,0.40541277713917134,0.0243101360105151,0.09359523577494241,0.0429579995397944,ok,-0.9889119227134572,-1.380097817619775,1.431942162328573,-1.6392334267583677,-1.5619511213732649,-0.987978494953896,0.005633166264530457,-0.006124129741508774,0.0141491200970538,0.00040746741493931246,-0.0045829149112421265,0.005163416828064383,0.6455354495261129,0.6990333524619256
10.98999999999981,0.404123971236741,-0.414320984579893,0.40537814573005154,0.024225394666780534,0.09359265647034822,0.21520799964491744,ok,-0.9888555910508119,-1.38015905891719,1.4320836535295436,-1.6392293520842183,-1.5619969505223772,-0.9879268607856153,0.005602629507437745,-0.006116721471049781,0.014097297118695352,0.0004097549947281837,-0.0045587223494615026,0.005135258614997368,0.6470768632199712,0.7004928070496059
10.99999999999981,0.4041254016778509,-0.4142720656930616,0.4053437222623897,0.024140978248113412,0.09359007386817596,0.05012499968870543,ok,-0.9887995647557375,-1.3802202261319003,1.4322246265007306,-1.639225254534271,-1.5620425377458718,-0.9878755081994653,0.005572248245783646,-0.006109287792285484,0.0140457054030212,0.000411991915007378,-0.004534662480078022,0.005107243667836166,0.6486181320898002,0.701952398065499
11.00999999999981,0.4041267573018677,-0.4142233186510495,0.40530950550408906,0.024056885276078938,0.09358748804295655,0.04400000034365803,ok,-0.9887438422732796,-1.380281319009823,1.4323650835547608,-1.6392211346151209,-1.5620878843706725,-0.987824435762787,0.005542021723660185,-0.006101828908874658,0.013994343575176394,0.00041417878333286143,-0.004510734526994809,0.005079371296156263,0.6501592581621831,0.7034121278486962
11.01999999999981,0.4041280386786911,-0.41417474283049815,0.4052754942305101,0.023973114280835615,0.09358489906859016,0.04283300040697213,ok,-0.988688422056043,-1.3803423372989119,1.4325050269905126,-1.6392169928272875,-1.5621329917159423,-0.9877736420498254,0.00551194918869247,-0.006094345024609705,0.013943210271128654,0.0004163162008004638,-0.004486937719076509,0.005051640812677513,0.6517002403639949,0.7048719926002647
11.02999999999981,0.40412924637491016,-0.4141263376103966,0.4052416872244213,0.023889663801068838,0.09358230701835167,0.07862500024202745,ok,-0.988633302564156,-1.380403280749158,1.432644459093224,-1.6392128296652795,-1.5621778610931332,-0.9877231256416986,0.00548202989202036,-0.006086836343378403,0.013892304137551192,0.0004184047620966564,-0.004463271290124413,0.005024051533250187,0.6532410807223341,0.7063319947054294
11.039999999999809,0.4041303809538192,-0.414078102372072,0.40520808327595204,0.023806532383928564,0.09357971196489531,0.09875000068859663,ok,-0.9885784822652358,-1.3804641491125917,1.4327833821345994,-1.6392086456176584,-1.5622224938060345,-0.9876728851263661,0.005452263088279468,-0.00607930306915621,0.013841623831736923,0.0004204450555769134,-0.004439734478830721,0.004996602776837168,0.6547817797136849,0.7077921303412359
11.049999999999809,0.4041314429754354,-0.4140300364991806,0.40517468118254646,0.02372371858496672,0.09357711398025909,0.0859160008985782,ok,-0.988523959634353,-1.3805249421432833,1.4329217983729168,-1.6392044411671027,-1.5622668911508228,-0.9876229190985977,0.005422648035592302,-0.006071745405977677,0.013791168021484019,0.0004224376633239394,-0.004416326528753535,0.004969293865509288,0.6563223362557481,0.7092523987796531
11.059999999999809,0.4041324329965143,-0.4139821393776973,0.40514147974891507,0.023641220968071894,0.09357451313587015,0.08199999865610152,ok,-0.9884697331539971,-1.380585659597343,1.4330597100531317,-1.6392002167904696,-1.5623110544161103,-0.9875732261599426,0.005393183995546975,-0.006064163557920215,0.013740935384995599,0.0004243831612268981,-0.004393046688275645,0.00494212412442594,0.6578627523762476,0.7107128024743953
11.069999999999808,0.4041333515705662,-0.4139344103959074,0.4051084777869895,0.023559038105409682,0.09357190950254878,0.08091699965007138,ok,-0.9884158013140416,-1.3806463012329222,1.4331971194069817,-1.6391959729588572,-1.562354984882993,-0.9875238049186983,0.005363870233184216,-0.006056557729085678,0.013690924610785445,0.0004262821190353728,-0.004369894210574562,0.004915092881824926,0.6594030285473449,0.712173340760046
11.079999999999808,0.40413419924787275,-0.413886848944397,0.4050756741158759,0.02347716857736066,0.09356930315051387,0.04637500023818575,ok,-0.9883621626117097,-1.3807068668102132,1.4333340286530896,-1.639191710137667,-1.5623986838250987,-0.98747465398988,0.0053347060169812175,-0.006048928123576495,0.013641134397576079,0.0004281351004272573,-0.0043468683535870314,0.00488819946900899,0.6609431636776935,0.713634009765674
11.089999999999808,0.4041349765755031,-0.4138394544160432,0.4050430675618089,0.02339561097245869,0.09356669414938687,0.04279099994164426,ok,-0.9883088155515399,-1.3807673560914488,1.4334704399970652,-1.6391874287866628,-1.5624421525086345,-0.9874257719951899,0.005305690618836501,-0.0060412749454824615,0.013591563454197077,0.0004299426630829122,-0.004323968379974981,0.004861443220333542,0.6624831582319103,0.715094808784681
11.099999999999808,0.4041356840973297,-0.41379222620600525,0.40501065695810673,0.023314363887330467,0.09356408256819679,0.2761249998002313,ok,-0.9882557586453515,-1.3808277688409036,1.4336063556316072,-1.6391831293600319,-1.5624853921924342,-0.9873771575629865,0.005276823314052561,-0.006033598398858967,0.013542210499495297,0.0004317053587300654,-0.004301193557096746,0.004834823473191795,0.664023015803482,0.7165557403605557
11.109999999999808,0.4041363223540446,-0.4137451637117157,0.4049784411451255,0.0232334259266366,0.09356146847538437,0.18245800129079726,ok,-0.988202990412211,-1.3808881048248922,1.4337417777366022,-1.6391788123064446,-1.5625284041280052,-0.9873288093282546,0.005248103381323641,-0.006025898687704404,0.013493074262234329,0.00043342373322808394,-0.004278543156961516,0.004808339568004994,0.6655627337301019,0.718016800586523
11.119999999999807,0.4041368918831756,-0.4136982663328706,0.40494641897021455,0.02315279570301166,0.09355885193880696,0.0855409998621326,ok,-0.9881505093783978,-1.3809483638117692,1.4338767084792245,-1.6391744780691122,-1.5625711895595749,-0.9872807259325745,0.005219530102716669,-0.006018176015956288,0.013444153481001947,0.00043509832661872705,-0.004256016456211973,0.004781990848206158,0.6671023124721898,0.7194779887716414
11.129999999999807,0.4041373932191021,-0.4136515334714212,0.40491458928767227,0.023072471837005563,0.09355623302574323,0.0897919999260921,ok,-0.9880983140773706,-1.3810085455719288,1.4340111500140347,-1.639170127085846,-1.562613749724137,-0.9872329060240925,0.005191102763661204,-0.0060104305874552335,0.013395446904111106,0.0004367296731844521,-0.004233612736085162,0.00475577666023262,0.6686417556280311,0.7209393075257513
11.139999999999807,0.4041378268930706,-0.41360496453156426,0.4048829509587012,0.022992452957025,0.09355361180289658,0.06541699985973537,ok,-0.988046403049734,-1.3810686498778033,1.4341451044830757,-1.6391657597891143,-1.562656085851498,-0.9871853482574902,0.005162820652929312,-0.006002662605944699,0.013346953289523785,0.00043831830151187107,-0.004211331282377956,0.004729696353508131,0.6701810605219511,0.7224007529062987
11.149999999999807,0.4041381934332111,-0.41355855891973325,0.40485150285136484,0.022912737699276518,0.09355098833640049,0.08379200153285637,ok,-0.9879947748432047,-1.3811286765038628,1.434278574015971,-1.639161376606099,-1.5626981991643218,-0.987138051293955,0.00513468306262454,-0.005994872275039471,0.013298671404729043,0.0004398647345664994,-0.004189171385416191,0.004703749280434778,0.6717202291827178,0.723862327566814
11.159999999999807,0.4041384933645524,-0.41351231604458966,0.4048202438405431,0.022833324707707433,0.09354836269182276,0.043542000639718026,ok,-0.9879434280125785,-1.3811886252266132,1.4344115607300183,-1.6391569779587534,-1.5627400908781761,-0.9870910138011507,0.005106689288162042,-0.0059870597982243584,0.013250600026688448,0.00044136948972988555,-0.00416713234002529,0.004677934796375137,0.6732592604955211,0.7253240275408747
11.169999999999806,0.40413872720903815,-0.4134662353170139,0.4047891728078903,0.022754212633952414,0.09354573493416951,0.04283400085114408,ok,-0.9878923611196969,-1.3812484958245954,1.4345440667302851,-1.639152564263856,-1.5627817622015763,-0.987044234453187,0.005078838628257116,-0.00597922537882394,0.013202737941722945,0.0004428330788686104,-0.004145213445496648,0.004652252259643845,0.6747981580646351,0.7267858555253213
11.179999999999806,0.40413889548554155,-0.41342031615009617,0.4047582886417907,0.02267540013727263,0.09354310512788945,0.04220800110488199,ok,-0.9878415727334143,-1.3813082880783836,1.4346760941097023,-1.6391481359330673,-1.5628232143360312,-0.9869977119305906,0.005051130384912044,-0.005971369219996296,0.013155083945429935,0.00044425600839354874,-0.004123414005558652,0.004626701031496051,0.6763369191969505,0.7282478075298906
11.189999999999806,0.40413899870988257,-0.41337455795912814,0.4047275902373174,0.022596885884505157,0.09354047333687869,0.042875000872300006,ok,-0.9877910614295652,-1.3813680017705836,1.4348076449491567,-1.6391436933729833,-1.5628644484760867,-0.9869514449202756,0.0050235638633979555,-0.005963491524711867,0.013107636842593737,0.00044563877932179237,-0.004101733328341068,0.004601280476112694,0.6778755443430804,0.7297098828984636
11.199999999999806,0.40413903739484147,-0.4133289601615941,0.4046970764961888,0.02251866855000394,0.09353783962448438,0.042624998968676664,ok,-0.9877408257909313,-1.3814276366858307,1.4349387213175826,-1.63913923698519,-1.5629054658093702,-0.9869054321155145,0.0049961383722376025,-0.00595559249574276,0.013060395447108126,0.0004469818873217377,-0.00408017072634795,0.004575989960584867,0.6794140371115156,0.731172080979791
11.209999999999805,0.4041390120501757,-0.41328352217716174,0.4046667463267266,0.022440746815586558,0.0935352040535088,0.24325000049429946,ok,-0.9876908644072089,-1.3814871926107881,1.4350693252720537,-1.6391347671663168,-1.5629462675166337,-0.9868596722159086,0.004968853223198851,-0.005947672335642457,0.013013358581878097,0.0004482858227817551,-0.004058725516425085,0.0045508288549098485,0.6809523947963807,0.7326344045563523
11.219999999999805,0.4041389231826348,-0.41323824342767407,0.4046365986438145,0.02236311937048051,0.09353256668621426,0.16975000107777305,ok,-0.9876411758749769,-1.3815466693341445,1.4351994588578725,-1.639130284308089,-1.562986854771798,-0.9868141639273595,0.004941707731272505,-0.0059397312467378794,0.01296652507874704,0.0004495510708535181,-0.004037397019732824,0.004525796531972125,0.6824906194264587,0.7340968495904595
11.229999999999805,0.4041387712959752,-0.41319312333714087,0.40460663236885663,0.02228578491126894,0.09352992758432675,0.08433299990429077,ok,-0.9875917587976641,-1.381606066646612,1.4353291241086599,-1.6391257887973805,-1.5630272287419953,-0.9867689059620398,0.0049147012146614575,-0.005931769431109181,0.012919893778401007,0.00045077811151959546,-0.004016184561712822,0.004500892367533419,0.6840287114508484,0.735559415445053
11.239999999999805,0.404138556890976,-0.41314816133172877,0.4045768464297357,0.022208742141835963,0.09352728680903939,0.11191700104973279,ok,-0.9875426117855175,-1.381665384340923,1.435458323046444,-1.6391212810162652,-1.5630673905876125,-0.9867238970383645,0.00488783299476492,-0.0059237870905772955,0.012873463530294527,0.0004519674196384833,-0.0039950874720589185,0.004476115740220496,0.6855666713172026,0.7370221049658247
11.249999999999805,0.40413828046545414,-0.4131033568397547,0.40454723976077267,0.022131989773317116,0.09352464442101786,0.09070899977814406,ok,-0.9874937334555699,-1.3817246222118287,1.4355870576817469,-1.6391167613420687,-1.563107341462333,-0.9866791358809623,0.00486110239616366,-0.005915784426691231,0.012827233192568432,0.0004531194650051411,-0.003974105084684607,0.004451466031511794,0.6871044978853624,0.7384849140795797
11.259999999999804,0.40413794251427904,-0.41305870929167554,0.4045178113026862,0.02205552652404387,0.09352200048040353,0.07791700045345351,ok,-0.9874451224316083,-1.3817837800560957,1.4357153300136725,-1.6391122301474186,-1.56314708251318,-0.9866346212206473,0.00483450874660727,-0.005907761640715506,0.012781201631959468,0.00045423471240061384,-0.00395323673770262,0.004426942625727747,0.6886421947715128,0.739947842163078
11.269999999999804,0.4041375435293883,-0.4130142181200812,0.4044885600025515,0.021979351119493985,0.09351935504681705,0.06695800038869493,ok,-0.9873967773441422,-1.3818428576725028,1.435843142029992,-1.6391076878002946,-1.5631866148805569,-0.98659035179439,0.0048080513769977705,-0.005899718933616648,0.012735367723737945,0.00045531362164085847,-0.003932481773385547,0.004402544910016175,0.6901797592449598,0.7414108921244128
11.279999999999804,0.4041370839998016,-0.4129698827596849,0.4044594848137611,0.021903462292238156,0.09351670817936322,0.06670799848507158,ok,-0.9873486968303722,-1.381901854861839,1.4359704957072295,-1.639103134664078,-1.5632259396982908,-0.9865463263452898,0.004781729621377789,-0.005891656506044929,0.012689730351604466,0.0004563566476454621,-0.0039118395381390145,0.004378272274342434,0.6917171933339886,0.7428740598549691
11.289999999999804,0.40413656441163687,-0.412925702647315,0.4044305846959847,0.021827858781891085,0.09351405993663457,0.0669999990350334,ok,-0.9873008795341585,-1.3819607714268993,1.4360973930107455,-1.6390985710976016,-1.5632650580936722,-0.9865025436225464,0.0047555428169143805,-0.005883574558329126,0.012644288407634544,0.000457364240461853,-0.0038913093824805406,0.004354124111476137,0.6932544974790794,0.744337344744965
11.299999999999804,0.4041359852481243,-0.4128816772219077,0.40440185861512945,0.021752539335059655,0.09351141037671497,0.04749999970954377,ok,-0.9872533241059893,-1.3820196071724826,1.4362238358948218,-1.639093997455197,-1.563303971187497,-0.9864590023814317,0.0047294903038837795,-0.00587547329046094,0.012599040792183762,0.0004583368453458174,-0.0038708906610003314,0.00433009981697783,0.6947916705264904,0.7458007461890799
11.309999999999803,0.4041353469896211,-0.41283780592449776,0.4043733055433011,0.021677502705293814,0.0935087595571838,0.04433299909578636,ok,-0.9872060292029505,-1.3820783619053871,1.4363498263027437,-1.6390894140867436,-1.563342680094107,-0.986415701383262,0.004703571425662671,-0.00586735290208171,0.012553986413824552,0.00045927490278610696,-0.003850582732340627,0.004306198789191959,0.6963287160981526,0.7472642671774236
11.319999999999803,0.4041346501136269,-0.41279408819820973,0.4043449244587646,0.021602747653035558,0.09350610753511968,0.22429099954024423,ok,-0.987158993488694,-1.382137035434408,1.4364753661668819,-1.6390848213377158,-1.5633811859214304,-0.98637263939537,0.004677785528705389,-0.005859213592472961,0.012509124189258841,0.0004601788485718224,-0.003830384959164742,0.004282420429226944,0.697865631443452,0.7487279035543452
11.329999999999803,0.4041338950947977,-0.4127505234882512,0.4043167143459051,0.02152827294557141,0.09350345436710403,0.08600000001024455,ok,-0.9871122156334069,-1.3821956275703327,1.4366004574087745,-1.63908021954923,-1.563419489771022,-0.9863298151910778,0.004652131962539842,-0.005851055560543233,0.012464453043249163,0.00046104911383576855,-0.003810296708128688,0.004258764140952975,0.6994024201864394,0.7501916547275203
11.339999999999803,0.40413308240496026,-0.41270711124190346,0.40428867419519093,0.021454077356982463,0.09350080010922537,0.06920800115040038,ok,-0.9870656943137815,-1.3822541381259381,1.436725101939207,-1.6390756090580916,-1.5634575927381034,-0.9862872275496682,0.004626610079748832,-0.005842879004815494,0.012419971908541591,0.00046188612510449323,-0.003790317349853077,0.004235229330985054,0.7009390795687044,0.7516555237476337
11.349999999999802,0.4041322125131278,-0.41266385090851354,0.4042608030031336,0.02138015966809692,0.09349814481708216,0.06812500032538082,ok,-0.987019428212984,-1.3823125669159864,1.4368493016582926,-1.6390709901968405,-1.5634954959116019,-0.9862448752563584,0.004601219235949917,-0.005834684123420078,0.01237567972579627,0.00046269030434520044,-0.0037704462588966634,0.0042118154086654685,0.7024756116174375,0.7531195027693292
11.359999999999802,0.404131285885513,-0.41262074193948645,0.4042330997722511,0.02130651866644155,0.09349548854578794,0.08570899990445469,ok,-0.9869734160206246,-1.3823709137572207,1.4369730584555507,-1.6390663632937972,-1.5635332003741909,-0.9862027571022718,0.004575958789797202,-0.005826471114079097,0.012331575443506824,0.00046346206901241367,-0.0037506828137320205,0.004188521786067446,0.7040120167631396,0.7545835985062024
11.369999999999802,0.4041303029855436,-0.41257778378827653,0.40420556351102943,0.0212331531461946,0.09349283134997316,0.1708330000838032,ok,-0.9869276564327266,-1.3824291784683616,1.4370963742099858,-1.639061728673107,-1.5635707072023282,-0.9861608718844111,0.004550828102951191,-0.00581824017409787,0.01228765801793892,0.00046420183209483273,-0.0037310263967132978,0.00416534787796714,0.7055482954348895,0.7560478067440874
11.379999999999802,0.4041292642738761,-0.41253497591037985,0.40417819323388593,0.021160061908138916,0.0934901732837902,0.10033299986389466,ok,-0.9868821481516971,-1.3824873608701025,1.437219250790165,-1.6390570866547862,-1.5636080174662952,-0.9861192184056314,0.004525826540076057,-0.005809991500356182,0.012243926413050322,0.0004649100021733146,-0.00371147639404795,0.004142293101843005,0.7070844496627618,0.7575121269116828
11.389999999999802,0.4041281702084096,-0.41249231776332634,0.4041509879611314,0.021087243759614273,0.09348751440091659,0.0579999996261904,ok,-0.9868368898862963,-1.382545460785106,1.4373416900542957,-1.6390524375547646,-1.5636451322302356,-0.986077795474613,0.004500953468820868,-0.005801725289294357,0.012200379600424706,0.0004655869834427148,-0.0036920321957816978,0.004119356877858586,0.7086204750657517,0.7589765621590423
11.399999999999801,0.4041270212443012,-0.41244980880667087,0.40412394671893415,0.02101469751447299,0.09348485475455835,0.046999999540275894,ok,-0.986791880351608,-1.382603478037999,1.4374636938503,-1.6390477816849303,-1.5636820525521935,-0.9860366019058344,0.004476208259809444,-0.00579344173690607,0.012157016559199593,0.00046623317578437163,-0.00367269319575823,0.0040965386288550456,0.7101563768759327,0.7604411045041797
11.409999999999801,0.40412581783397933,-0.4124074485019866,0.404097068539282,0.02094242199303214,0.09348219439745384,0.04495799839787651,ok,-0.98674711826901,-1.382661412455368,1.437585264015892,-1.6390431193531725,-1.5637187794841512,-0.9859956365195459,0.0044515902866212285,-0.00578514103873085,0.012113836276000142,0.00046684897479789167,-0.0036534587916001796,0.004073837780333543,0.7116921539143042,0.7619057608379991
11.419999999999801,0.40412456042715755,-0.41236523631285593,0.40407035245994694,0.020870416022028625,0.09347953338187705,0.04370799979369622,ok,-0.9867026023661437,-1.3827192638657553,1.4377064023786519,-1.6390384508634246,-1.5637553140720672,-0.9859548981417425,0.004427098925785633,-0.005776823389833792,0.01207083774486715,0.0004674347718436064,-0.0036343283846812465,0.004051253760451793,0.713227806602871,0.7633705268881179
11.4299999999998,0.4041232494708499,-0.41232317170486343,0.40404379752444913,0.02079867843457641,0.09347687175964135,0.04337499922257848,ok,-0.9866583313768859,-1.3827770320996535,1.4378271107561005,-1.6390337765157061,-1.563791657355914,-0.985914385604138,0.00440273355676247,-0.005768488984809993,0.012028019967194653,0.0004679909540905311,-0.003615301380102121,0.004028786000006469,0.7147633353622312,0.7648354021033704
11.4399999999998,0.40412188540938293,-0.41228125414558753,0.4040174027820197,0.020727208070117496,0.09347420958210265,0.0429579995397944,ok,-0.9866143040413182,-1.3828347169895017,1.4379473909557725,-1.6390290966061651,-1.5638278103697152,-0.9858740977441379,0.004378493561930631,-0.005760138017769572,0.011985381951660273,0.0004685179045637289,-0.003596377186662509,0.00400643393242353,0.7162987406115783,0.7663003897311463
11.4499999999998,0.40412046868441137,-0.412239483104593,0.40399116728756646,0.020656003774381874,0.09347154690016311,0.1871249987743795,ok,-0.9865705191056989,-1.3828923183696793,1.4380672447752891,-1.6390244114271195,-1.5638637741415817,-0.9858340334048137,0.004354378326578598,-0.005751770682324767,0.011942922714152723,0.00046901600218547223,-0.003577555216836701,0.003984196993750943,0.7178340227687043,0.7677654816542846
11.4599999999998,0.4041189997349307,-0.41219785805342307,0.4039650901016379,0.02058506439934082,0.09346888376427454,0.09049999971466605,ok,-0.9865269753224332,-1.3829498360765025,1.4381866740024307,-1.6390197212670976,-1.56389954969375,-0.9857941914348761,0.004330387238882113,-0.005743387171588139,0.011900641277721842,0.00046948562180967516,-0.003558834886749809,0.003962074622638207,0.7193691822500019,0.76923068493783
11.4699999999998,0.4041174789972921,-0.41215637846559167,0.40393917029038817,0.02051438880316567,0.09346622022444152,0.0670829995215172,ok,-0.9864836714500443,-1.3830072699482183,1.438305680415208,-1.6390150264108796,-1.5639351380426174,-0.9857545706886497,0.0043065196899026974,-0.005734987678158293,0.011858536672501785,0.0004699271342737147,-0.0035402156161493357,0.003940066260336679,0.7209042194704682,0.770695991411014
11.4799999999998,0.40411590690521504,-0.41211504381657543,0.40391340692554156,0.02044397585018215,0.09346355633022475,0.07374999950116035,ok,-0.9864406062531453,-1.3830646198249998,1.4384242657819328,-1.6390103271395369,-1.563970540198779,-0.9857151700260464,0.004282775073561151,-0.005726572394116719,0.011816607935647162,0.00047034090644560876,-0.0035216968283802927,0.0039181713506751875,0.7224391348437073,0.7721614082077194
11.4899999999998,0.4041142838898011,-0.4120738535838069,0.4038877990843586,0.02037382441082905,0.09346089213074477,0.07516599907830823,ok,-0.9863977785024097,-1.383121885548941,1.4385424318612894,-1.6390056237304724,-1.5640057571670627,-0.9856759883125397,0.004259152786640742,-0.0057181415110144585,0.01177485411127767,0.00047072730124448335,-0.0035032779503667245,0.0038963893400642833,0.7239739287819321,0.7736269309746383
11.4999999999998,0.4041126103795486,-0.41203280724666613,0.40386234584960135,0.020303933361616608,0.09345822767468512,0.07887500032666139,ok,-0.9863551869745433,-1.3831790669640514,1.4386601804024022,-1.63900091645746,-1.5640407899465663,-0.985637024419139,0.004235652228759059,-0.005709695219867472,0.011733274250402255,0.00047108667770713993,-0.003484958412580315,0.003874719677471292,0.725508601695969,0.775092563073397
11.509999999999799,0.4041108868003649,-0.4119919042864735,0.4038370463094988,0.02023430158508319,0.09345556301029524,0.06995799958531279,ok,-0.9863128304522557,-1.38323616391625,1.438777513144906,-1.6389962055906828,-1.564075639530692,-0.9855982772223644,0.00421227280236432,-0.005701233711149987,0.011691867410872537,0.0004714193910105483,-0.0034667376490180803,0.003853161814417042,0.7270431556117596,0.77655829622657
11.519999999999799,0.4041091135755805,-0.4119511441864815,0.403811899557713,0.020164927969753246,0.09345289818539448,0.0474580010632053,ok,-0.9862707077242321,-1.3832931762533616,1.4388944318190149,-1.6389914913967727,-1.5641103069071822,-0.9855597456042202,0.0041890139127185805,-0.005692757174783196,0.011650632657316964,0.00047172579251396893,-0.003448615097178449,0.0038317152049618403,0.7285775877053702,0.7780241337880932
11.529999999999799,0.40410729112596244,-0.4119105264318683,0.40378690469330614,0.020095811410098138,0.0934502332473743,0.04325000008975621,ok,-0.9862288175851049,-1.3833501038251095,1.439010938145588,-1.6389867741388475,-1.564144793058154,-0.9855214284521706,0.004165874967886433,-0.005684265800130546,0.011609569061064723,0.0004720062298103646,-0.0034305901980406003,0.0038103793056956593,0.7301118999989659,0.7794900791757503
11.539999999999798,0.4041054198697273,-0.4118700505097293,0.4037620608207055,0.020026950806492437,0.09344756824320222,0.04320799962442834,ok,-0.9861871588354261,-1.3834069464831107,1.4391270338361986,-1.6389820540765494,-1.5641790989601345,-0.9854833246591137,0.004142855378721948,-0.00567575977598982,0.011568675700114946,0.0004722610467493156,-0.0034126623960326163,0.003789153575726753,0.7316460945173454,0.7809561240328282
11.549999999999798,0.40410350022255487,-0.4118297159090701,0.4037373670496713,0.0199583450651757,0.09344490321942489,0.0429579995397944,ok,-0.9861457302816389,-1.3834637040808706,1.4392427205931997,-1.6389773314660818,-1.5642132255840948,-0.9854454331233564,0.004119954558858201,-0.005667239290584547,0.01152795165904281,0.0004724905834907859,-0.003394831139018057,0.0037680374766729473,0.7331801684264343,0.7824222757302186
11.559999999999798,0.40410153259760095,-0.4117895221207988,0.4037128224952632,0.019889993098210438,0.09344223822217115,0.04370799979369622,ok,-0.9861045307360503,-1.3835203764737765,1.43935800010979,-1.638972606560247,-1.564247173895485,-0.9854077527485897,0.004097171924688357,-0.005658704531562934,0.011487396028972793,0.0004726951765328657,-0.0033770958782641234,0.003747030472644736,0.7347141253687391,0.7838885298343403
11.569999999999798,0.4040995174055113,-0.41174946863771905,0.40368842627780727,0.019821893823443036,0.0934395732971551,0.19195899949409068,ok,-0.9860635590168034,-1.383576963519092,1.4394728740700797,-1.6389678796084817,-1.5642809448542676,-0.9853702824438633,0.004074506895360128,-0.005650155685981388,0.011447007907499604,0.0004728751587562794,-0.0033594560684202367,0.0037261320302413,0.7362479641259368,0.7853548818556672
11.579999999999798,0.40409745505443373,-0.4117095549545225,0.4036641775228639,0.01975404616446467,0.09343690848967916,0.14070799988985527,ok,-0.9860228139478499,-1.3836334650759519,1.4395873441491547,-1.638963150856894,-1.5643145394149518,-0.9853330211235608,0.004051958892760171,-0.00564159294030905,0.011406786398637738,0.0004730308594556744,-0.003341911167501357,0.0037053416185364066,0.7377816850978332,0.78682133926495
11.589999999999797,0.4040953459500321,-0.4116697805677812,0.40364007536119434,0.019686449050571018,0.09343424384463737,0.1695000009931391,ok,-0.9859822943589223,-1.383689881005355,1.439701412013141,-1.6389584205482994,-1.564347958526627,-0.9852959677073755,0.004029527341500843,-0.005633016480409525,0.011366730612761507,0.00047316260438789364,-0.0033244606368531835,0.0036846587090673946,0.7393152886828757,0.7882878975944705
11.599999999999797,0.4040931904954986,-0.41163014497594075,0.40361611892872984,0.01961910141672358,0.09343157940651811,0.15387500025099143,ok,-0.9859419990855073,-1.383746211170159,1.4398150793192688,-1.6389536889222556,-1.5643812031329953,-0.9852591211202848,0.004007211668909685,-0.005624426491547335,0.011326839666556288,0.00047327071579048334,-0.003307103941144146,0.0036640827758257564,0.740848776903359,0.7897545563556674
11.609999999999797,0.40409098909156727,-0.41159064767931225,0.40359230736653834,0.019552002203511252,0.09342891521940758,0.08412500028498471,ok,-0.9859019269688182,-1.3838024554350745,1.4399283477159344,-1.6389489562150976,-1.5644142741724067,-0.9852224802925266,0.00398501130501522,-0.005615823158376619,0.011287112682956468,0.00047335551243824777,-0.0032898405483289656,0.003643613295245182,0.7423821469055305,0.7912213150634069
11.619999999999797,0.4040887421365259,-0.41155128818006625,0.40356863982079366,0.01948515035711228,0.09342625132699242,0.0658330009173369,ok,-0.985862076855768,-1.3838586136666582,1.440041218842764,-1.6389442226599733,-1.5644471725778901,-0.9851860441595741,0.003962925682537903,-0.00560720666492423,0.011247548791083625,0.0004734173096665959,-0.003272669929633843,0.0036232497461936484,0.743915402335086,0.7926881772998569
11.629999999999797,0.4040864500262305,-0.4115120659822248,0.40354511544274363,0.019418544829256857,0.09342358777256254,0.07616599941684399,ok,-0.9858224475989427,-1.3839146857333073,1.440153694330675,-1.6389394884868766,-1.5644798992771864,-0.9851498116621121,0.003940954236872701,-0.005598577194607039,0.011208147126209442,0.00047345641940748615,-0.0032555915595353173,0.0036029916099578996,0.745448541959835,0.7941551344733997
11.639999999999796,0.4040841131541164,-0.41147298059165405,0.40352173338867825,0.01935218457718757,0.0934209245990148,0.0787919998401776,ok,-0.985783038056574,-1.3839706715052533,1.440265775801937,-1.6389347539226826,-1.5645124551927818,-0.9851137817460125,0.003919096406080156,-0.005589934930204844,0.011168906829682766,0.00047347315023947074,-0.0032386049157289752,0.0035828383702363642,0.7469815661714484,0.7956221901583257
11.649999999999796,0.40408173191121183,-0.4114340315160576,0.4034984928198992,0.019286068563623353,0.09341826184885538,0.07254099909914657,ok,-0.9857438470925132,-1.3840265708545554,1.4403774648702339,-1.6389300191911802,-1.5645448412419392,-0.9850779533623101,0.0038973516308774825,-0.005581280053866808,0.011129827048891552,0.00047346780739351753,-0.0032217094791218885,0.0035627895131313987,0.748514475360259,0.7970893438829313
11.659999999999796,0.40407930668615044,-0.41139521826496944,0.4034753929026886,0.01922019575672353,0.09341559956420244,0.04558399996312801,ok,-0.9857048735762044,-1.384082383655094,1.4404887631407228,-1.6389252845131064,-1.5645770583367304,-0.9850423254671787,0.0038757193546202005,-0.005572612747103388,0.01109090693719511,0.00047344069281833893,-0.0032049047338004637,0.0035428445271329665,0.7500472699152634,0.7985565951788027
11.669999999999796,0.40407683786518384,-0.41135654034974656,0.40345243280827825,0.019154565130049393,0.09341293778678984,0.16574999972363003,ok,-0.9856661163826582,-1.384138109782565,1.4405996722100949,-1.638920550106178,-1.5646091073840684,-0.9850068970219074,0.003854199023292089,-0.005563933190779804,0.011052145653888113,0.00047339210519283377,-0.0031881901670101163,0.0035230029031101083,0.7515799518555503,0.8000239477170324
11.679999999999795,0.404074325832194,-0.41131799728356194,0.40342961171281916,0.01908917566252814,0.09341027655796921,0.17387499974574894,ok,-0.9856275743924253,-1.3841937491144727,1.4407101936666338,-1.6389158161851263,-1.5646409892857385,-0.9849716669928763,0.0038327900854950984,-0.005555241565112782,0.01101354236413185,0.0004733223399783149,-0.0031715652691342543,0.0035032641343020303,0.753112519937733,0.8014913927775548
11.689999999999795,0.404071770968706,-0.41127958858139746,0.4034069287973513,0.019024026338417432,0.09340761591871341,0.07266600005095825,ok,-0.9855892464915703,-1.3842493015301238,1.440820329090275,-1.6389110829617264,-1.56467270493843,-0.9849366343515333,0.0038114919924379306,-0.005546538049664972,0.010975096238920696,0.0004732316894254105,-0.0031550295336781873,0.0034836277163086096,0.7546449745467937,0.8029589340235237
11.699999999999795,0.4040691736539,-0.4112413137600377,0.40338438324777326,0.018959116147269594,0.09340495590961871,0.06729199958499521,ok,-0.985551131571646,-1.3843047669106205,1.4409300800526643,-1.638906350644832,-1.5647042552337667,-0.9849017980743703,0.0037903041979209517,-0.005537822823343018,0.01093680645501062,0.0004731204426406799,-0.0031385824572419353,0.003464093147077005,0.7561773160663932,0.8044265709994136
11.709999999999795,0.40406653426462436,-0.4112031723380613,0.40336197425481257,0.018894444083895637,0.0934022965709081,0.06487499922513962,ok,-0.9855132285296667,-1.384360145138854,1.4410394481172144,-1.6389016194404056,-1.564735641058339,-0.9848671571428995,0.00376922615832337,-0.005529096064382868,0.010898672194884627,0.0004729888855905493,-0.003122223539499496,0.003444659926890052,0.757709546513648,0.805894307446233
11.719999999999795,0.4040638531754069,-0.4111651638358362,0.40333970101399563,0.018830009148330364,0.09339963794243421,0.06404200030374341,ok,-0.9854755362680835,-1.384415436099498,1.4411484348391632,-1.6388968895515497,-1.5647668632937342,-0.9848327105436306,0.0037482573326020085,-0.0055203579503621085,0.010860692646701508,0.0004728373011481861,-0.0031059522831826413,0.0034253275583667722,0.7592416646364415,0.8073621345421695
11.729999999999794,0.40406113075846817,-0.4111272877755108,0.4033175627256187,0.018765810345797405,0.09339698006368112,0.06333300007099751,ok,-0.9854380536947575,-1.3844706396790016,1.4412570417656303,-1.638892161178538,-1.564797922816566,-0.9847984572680469,0.0037273971822622954,-0.005511608658180214,0.010822867004233535,0.00047266596912370093,-0.003089768194058368,0.003406095546434716,0.7607736708144636,0.808830056020249
11.739999999999794,0.4040583673837331,-0.41108954368100825,0.4032955585947181,0.018701846686675006,0.09339432297376835,0.06370899973262567,ok,-0.9854007797229348,-1.3845257557655835,1.4413652704356725,-1.6388874345188469,-1.5648288204985066,-0.9847643963125826,0.0037066451713626846,-0.0055028483640640665,0.010785194466841728,0.0004724751662907177,-0.0030736707809024583,0.0033869633983362015,0.7623055654260965,0.810298075673224
11.749999999999794,0.40405556341884286,-0.41105193107801924,0.403273687831041,0.01863811718646061,0.09339166671145231,0.06345899964799173,ok,-0.9853637132712212,-1.3845807842492242,1.441473122380341,-1.638882709767184,-1.5648595572063155,-0.9847305266785993,0.0036860007664945337,-0.005494077243559483,0.010747674239393943,0.00047226516642960727,-0.003057659555490859,0.0033679306236092357,0.7638373504863994,0.8117661846035519
11.759999999999794,0.4040527192291678,-0.41101444949399524,0.4032519496490171,0.018574620865738554,0.09338901131513062,0.049124999350169674,ok,-0.9853268532635563,-1.3846357250216597,1.4415805991227348,-1.6388779871155197,-1.5648901338018704,-0.9846968473723632,0.003665463436771239,-0.005485295471527805,0.010710305532255724,0.00047203624033708905,-0.003041734032568576,0.0033489967340785327,0.7653690247347301,0.8132343865959726
11.769999999999794,0.4040498351778186,-0.4109770984581414,0.4032303432677292,0.0185113567501446,0.09338635682284271,0.043957999878330156,ok,-0.9852901986291885,-1.384690577976375,1.4416877021780574,-1.6388732667531163,-1.564920551142196,-0.9846633574050224,0.003645032653820226,-0.005476503222142923,0.010673087561205625,0.00047178865588534495,-0.0030258937298353883,0.0033301612438489717,0.7669005885455437,0.8147026812165296
11.779999999999793,0.40404691162565887,-0.4109398775014106,0.40320886791088517,0.018448323870334123,0.09338370327227448,0.043375001041567884,ok,-0.9852537483026503,-1.3847453430085963,1.4417944330536694,-1.6388685488665575,-1.5649508100794942,-0.9846300557925839,0.0036247078917661037,-0.005467700668887424,0.010636019547417356,0.00047152267802468115,-0.00301013816792585,0.0033114236692896285,0.7684320439322972,0.816171068034247
11.789999999999793,0.40404394893131657,-0.41090278615649556,0.40318752280678904,0.018385521261947358,0.09338105070075935,0.19220899957872462,ok,-0.9852175012237326,-1.3848000200152852,1.4419007932491437,-1.6388638336397774,-1.5649809114611735,-0.984596941555891,0.00360448862722683,-0.005458887984549889,0.010599100717399449,0.00047123856882886836,-0.002994466870387791,0.0032927835290322534,0.7699633896280789,0.8176395466211093
11.799999999999793,0.4040409474511962,-0.4108658239578235,0.4031663071883131,0.018322947965577468,0.09337839914528212,0.12370900003588758,ok,-0.9851814563374603,-1.3848546088951308,1.4420067842563176,-1.638859121254089,-1.5650108561298774,-0.9845640137206007,0.003584374339293613,-0.005450065341220568,0.010562330302951093,0.00047093658752996704,-0.0029788793636595875,0.0032742403439519757,0.7714946260034502,0.8191081165520342
11.809999999999793,0.4040379075394904,-0.4108289904415483,0.40314522029286987,0.018260603026737317,0.09337574864248045,0.08629200056020636,ok,-0.9851456125940674,-1.384909109548543,1.442112407559347,-1.6388544118882138,-1.5650406449235141,-0.9845312713171611,0.0035643645095264475,-0.005441232910287857,0.010525707541112409,0.00047061699053199755,-0.0029633751770621304,0.003255793637164481,0.7730257550702251,0.8205767774048516
11.819999999999792,0.40403482954819203,-0.4107922851455445,0.4031242613623842,0.018198485495827966,0.09337309922864828,0.14666599963675253,ok,-0.9851099689489722,-1.384963521877646,1.4422176646347582,-1.6388497057183085,-1.5650702786752848,-0.9844987133807894,0.0035444586219385544,-0.005432390862433363,0.01048923167413055,0.0004702800314474736,-0.002947953842767117,0.0032374429340120774,0.7745567755553315,0.8220455287602794
11.829999999999792,0.4040317138271052,-0.4107557076094003,0.4031034296432661,0.018136594428105363,0.09337045093973814,0.11762500071199611,ok,-0.9850745243627528,-1.3850178457862703,1.4423225569514995,-1.638845002917994,-1.5650997582137125,-0.9844663389514493,0.003524656162990282,-0.005423539367634087,0.010452901949411555,0.0004699259611252301,-0.0029326148957833464,0.003219187762058499,0.7760876878254727,0.8235143702018995
11.839999999999792,0.4040285607238578,-0.41071925737441156,0.40308272438638226,0.018074928883650167,0.09336780381136343,0.07662499956495594,ok,-0.9850392778011229,-1.3850720811799466,1.4424270859709936,-1.6388403036583827,-1.5651290843626704,-0.9844341470738287,0.003504956621570767,-0.005414678595154824,0.010416717619464482,0.0004695550276898116,-0.002917357873936737,0.003201027651072478,0.777618493890778,0.8249832969414923
11.849999999999792,0.4040253705839121,-0.4106829339835744,0.4030621448470301,0.018013487927333663,0.09336515787880119,0.0887909991433844,ok,-0.9850042282349072,-1.3851262279658982,1.442531253147188,-1.638835608108106,-1.5651582579414098,-0.984402136797318,0.0034853594889930886,-0.00540580871354537,0.0103806779418708,0.00046916747654973895,-0.0029021823178541338,0.00318296213302365,0.7791491924721259,0.8264523173039179
11.859999999999792,0.4040221437505773,-0.41064673698157944,0.4030416902849091,0.017952270628788763,0.09336251317699443,0.11337499927321915,ok,-0.9849693746400172,-1.3851802860530338,1.442635059926607,-1.6388309164333403,-1.5651872797645883,-0.9843703071759878,0.0034658642589790473,-0.005396929890643342,0.010344782179244552,0.00046876355043598447,-0.0028870877709406776,0.003164990742069756,0.7806797839323948,0.827921422118338
11.869999999999791,0.40401888056502017,-0.4106106659148054,0.4030213599640955,0.017891276062378832,0.09335986974055487,0.04637500023818575,ok,-0.9849347159974274,-1.3852342553519401,1.4427385077483994,-1.638826228797836,-1.5652161506422977,-0.9843386572685672,0.003446470427653614,-0.005388042293562784,0.010309029599169447,0.00046834348943982566,-0.0028720737793614583,0.003147113014551341,0.7822102702799907,0.8293906197698618
11.879999999999791,0.40401558136627685,-0.41057472033131115,0.4030011531530143,0.017830503307164205,0.09335722760376515,0.04270799945516046,ok,-0.984900251293151,-1.3852881357748756,1.4428415980443912,-1.6388215453629416,-1.5652448713800913,-0.9843071861384216,0.0034271774935252814,-0.005379146088699322,0.010273419474178026,0.00046790753101841185,-0.0028571398920279644,0.0031293284889739197,0.7837406502298516,0.8308599010386502
11.889999999999791,0.40401224649126427,-0.41053889978083125,0.4029810691244136,0.017769951446875286,0.09335458680058158,0.0424169993493706,ok,-0.9848659795182158,-1.3853419272357625,1.4429443322391329,-1.6388168662876315,-1.5652734427790116,-0.9842758928535319,0.003407984957485198,-0.0053702414417229356,0.010237951081698924,0.0004674559100333865,-0.002842285660575675,0.0031116367060087715,0.7852709257892065,0.8323292699270598
11.89999999999979,0.4040088762747912,-0.4105032038147682,0.40296110715533767,0.017709619569879806,0.09335194736463588,0.18879100025515072,ok,-0.9848318996686409,-1.3853956296501797,1.44304671174995,-1.6388121917285312,-1.5653018656356172,-0.9842447764864718,0.003388892322786975,-0.005361328517576632,0.010202623704016145,0.0004669888587830423,-0.0028275106393440075,0.003094037208473262,0.7868010956690847,0.8337987304943068
11.90999999999979,0.4040054710495697,-0.4104676319861865,0.40294126652710055,0.017649506769153146,0.0933493093292382,0.09412500003236346,ok,-0.9847980107454131,-1.3854492429353555,1.44314873798699,-1.6388075218399434,-1.5653301407420106,-0.9842138361143871,0.0033698990950428703,-0.005352407480478326,0.010167436628232171,0.0004665066070183697,-0.0028128143853633626,0.0030765295413295642,0.7883311602260572,0.8352682734474506
11.91999999999979,0.40400203114622635,-0.41043218384980623,0.40292154652526074,0.017589612142249068,0.09334667272737944,0.06816600034653675,ok,-0.9847643117544627,-1.3855027670101603,1.4432504123532723,-1.6388028567738733,-1.5653582688858643,-0.9841830708189737,0.003351004782210622,-0.005343478493909802,0.010132389146219842,0.0004660093819712607,-0.0027981964583356916,0.003059113251671243,0.7898611214655712,0.8367378983546346
11.92999999999979,0.4039985568933133,-0.41039685896199707,0.4029019464395944,0.017529934791269963,0.09334403759173372,0.06600000051548705,ok,-0.9847308017066405,-1.3855562017950993,1.4433517362447346,-1.6387981966800536,-1.5653862508504477,-0.984152479686457,0.0033322088945808227,-0.005334541720628513,0.01009748055459414,0.0004654974083929125,-0.0027836564206099646,0.003041787888713303,0.7913909780928908,0.8382076137794998
11.93999999999979,0.40399504861731955,-0.41036165688077086,0.4028824655640705,0.017470473822836743,0.09334140395466006,0.06504200064227916,ok,-0.9846974796176947,-1.3856095472123056,1.4434527110502806,-1.6387935417059696,-1.5654140874146538,-0.9841220618075699,0.003313510944769474,-0.005325597322647043,0.010062710154652148,0.00046497090855919976,-0.0027691938371785033,0.003024553003785515,0.7929207321122484,0.8396774148662518
11.94999999999979,0.4039915066426817,-0.4103265771657768,0.40286310319682467,0.017411228348061372,0.09333877184820562,0.08270900070783682,ok,-0.984664344508247,-1.385662803185532,1.443553338151827,-1.638788891996884,-1.5654417793530255,-0.9840918162775321,0.003294910447705394,-0.005316645461247195,0.010028077252355438,0.0004644301023110855,-0.002754808275645074,0.0030074081503207086,0.7944503822251154,0.8411472967082945
11.95999999999979,0.40398793129179517,-0.4102916193782939,0.4028438586401341,0.01735219748251555,0.09333614130410715,0.07945899960759562,ok,-0.98463139540377,-1.3857159696401444,1.4436536189243507,-1.638784247695861,-1.565469327435782,-0.9840617421960288,0.003276406920618826,-0.005307686296973617,0.009993581158282186,0.0004638752070689748,-0.0027404993062181246,0.002990352883845401,0.7959799287818559,0.8426172679571841
11.96999999999979,0.40398432288502517,-0.41025678308122565,0.4028247312003924,0.017293380346205138,0.09333351235379374,0.06645800021942705,ok,-0.9845986313345638,-1.385769046503114,1.4437535547359335,-1.6387796089437903,-1.5654967324288442,-0.9840318386671904,0.0032579998830337487,-0.005298719989629253,0.009959221187587682,0.00046330643786767633,-0.0027262665016857925,0.002973386761972702,0.7975093737848618,0.8440873191753433
11.979999999999789,0.4039806817407174,-0.41022206783909343,0.40280572018808425,0.017234776063538907,0.09333088502838975,0.046332999772857875,ok,-0.9845660513357335,-1.3858220337030103,1.4438531469478093,-1.6387749758794117,-1.565523995093861,-0.9840021047995706,0.003239688856756928,-0.005289746698274108,0.0099249966599567,0.00046272400738006826,-0.002712109437404583,0.002956509344393042,0.7990387175838732,0.8455574545098613
11.989999999999789,0.4039770081752094,-0.41018747321802995,0.4027868249177605,0.01717638376330178,0.09332825935871523,0.04237500070303213,ok,-0.9845336544471659,-1.385874931169993,1.4439523969144088,-1.638770348639338,-1.5655511161882352,-0.9839725397061266,0.0032214733658625042,-0.005280766581224978,0.00989090689958514,0.0004621281259293825,-0.002698027691278897,0.0029397201928601214,0.8005679588729165,0.8470276735874059
11.999999999999789,0.4039733025028402,-0.410152998785774,0.40276804470801403,0.01711820257862623,0.09332563537529046,0.042749999920488335,ok,-0.9845014397135072,-1.3859277388358051,1.4440513059834046,-1.6387657273580787,-1.565578096465148,-0.983943142504198,0.0032033529366899283,-0.005271779796058857,0.009856951235129028,0.0004615190015326197,-0.0026840208437434216,0.002923018871189336,0.8020970979974482,0.8484979760371488
12.009999999999788,0.4039695650359627,-0.4101186441116635,0.40274937888145457,0.017060231646966306,0.09332301310833642,0.21133299924258608,ok,-0.9844694061841404,-1.3859804566337657,1.4441498754957558,-1.6387611121680634,-1.5656049366735854,-0.9839139123154861,0.003185327097825463,-0.005262786499599916,0.00982312899967001,0.0004608968398991917,-0.0026700884777532915,0.0029064049452412173,0.8036261369573487,0.8499683568887941
12.019999999999788,0.4039657960849529,-0.41008440876662944,0.4027308267646843,0.017002470110066895,0.0933203925877775,0.14100000043981709,ok,-0.9844375529131622,-1.3860330844987616,1.4442481067857524,-1.6387565031996645,-1.565631637558363,-0.9838848482660336,0.0031673953800991175,-0.005253786847931298,0.009789439530680474,0.00046026184448121727,-0.002656230178757212,0.0028898779829195525,0.8051550760973961,0.8514388249673192
12.029999999999788,0.4039619959582213,-0.4100502923231907,0.40271238768827394,0.016944917113939282,0.09331777384324415,0.13387499893724453,ok,-0.9844058789593612,-1.3860856223672409,1.4443460011810592,-1.6387519005812197,-1.5656581998601506,-0.9838559494862045,0.0031495573165679362,-0.005244780996382388,0.009755882169980565,0.0004596142164783868,-0.002642445534689751,0.002873437554155465,0.8066839141043509,0.8529093706924172
12.039999999999788,0.4039581649622235,-0.4100162943554467,0.40269406098673877,0.016887571808833303,0.09331515690407476,0.09091699939745013,ok,-0.9843743833861954,-1.3861380701772046,1.444443560002759,-1.6387473044390548,-1.5656846243154976,-0.983827215110663,0.0031318124425106556,-0.0052357690995414865,0.009722456263718503,0.0004589541548658357,-0.0026287341359500357,0.0028570832309034785,0.8082126513188248,0.8543799983051358
12.049999999999788,0.4039543034014699,-0.40998241443907213,0.4026758459985141,0.016830433349209088,0.0933125417993176,0.07070799983921461,ok,-0.9843430652617703,-1.3861904278682,1.4445407845653961,-1.6387427148975062,-1.565710911656857,-0.983798644278354,0.0031141602954141163,-0.005226751311236465,0.009689161162311062,0.0004582818564251765,-0.0026150955753838456,0.002840814587128984,0.8097412897381371,0.8558507074469771
12.059999999999787,0.40395041157853795,-0.40994865215131093,0.40265774206593175,0.01677350089371263,0.09330992855773322,0.07837500015739352,ok,-0.9843119236588161,-1.3862426953813123,1.4446376761770192,-1.638738132078942,-1.5657370626126108,-0.9837702361324827,0.0030966004149661063,-0.005217727784548731,0.009655996220423168,0.0004575975157535278,-0.0026015294482757976,0.002824631198802818,0.8112698297021698,0.8573214977618341
12.069999999999787,0.40394648979408015,-0.40991500707096995,0.4026397485351969,0.01671677360514744,0.09330731720779643,0.12100000094505958,ok,-0.9842809576546665,-1.3862948726591577,1.4447342361392235,-1.6387335561037846,-1.5657630779070935,-0.9837419898204947,0.0030791323430450937,-0.0052086986718086585,0.009622960796934513,0.0004569013252946721,-0.0025880353523251316,0.00280853264389128,0.8127982698905928,0.8587923642162977
12.079999999999787,0.4039425383468371,-0.4098814787784133,0.4026218647563638,0.016660250650449664,0.09330470777769871,0.09866700020211283,ok,-0.9842501663312361,-1.3863469596458757,1.4448304657471929,-1.6387289870905317,-1.5657889582606168,-0.9837139044940557,0.0030617556237045387,-0.005199664124591327,0.009590054254898336,0.0004561934753568161,-0.0025746128876320074,0.0027925185023423868,0.814326612298763,0.8602633158054886
12.089999999999787,0.40393855753364544,-0.40984806685555625,0.4026040900833135,0.016603931200661573,0.09330210029534987,0.0469170008727815,ok,-0.9842195487749991,-1.3863989562871217,1.4449263662897418,-1.6387244251557782,-1.5658147043894932,-0.9836859793090323,0.0030444698031724584,-0.005190624293720809,0.009557275961508592,0.00045547415414046155,-0.002561261656684092,0.00277658835608623,0.8158548556028685,0.8617343428082544
12.099999999999786,0.4039345476494498,-0.40981477088585927,0.402586423873729,0.016547814430904657,0.09329949478838051,0.042875000872300006,ok,-0.9841891040769674,-1.386450862530059,1.4450219390493568,-1.6387198704142367,-1.56584031700606,-0.9836582134254714,0.0030272744298327405,-0.005181579329262925,0.00952462528806985,0.00045474354774730104,-0.0025479812643386937,0.0027607417890173265,0.8173830001363759,0.8632054495576302
12.109999999999786,0.4039305089873123,-0.4097815904543224,0.40256886548907417,0.016491899520356398,0.09329689128414391,0.16395800048485398,ok,-0.984158831332669,-1.3865026783233516,1.4451171853022375,-1.6387153229787592,-1.5658657968187033,-0.9836306060075812,0.00301016905422229,-0.005172529380530112,0.009492101609950291,0.0004540018402257285,-0.0025347713178055335,0.002744978386993251,0.8189110495537643,0.8646766309784982
12.119999999999786,0.4039264418384228,-0.4097485251474792,0.4025514142945694,0.016436185652222497,0.09329428980971814,0.15641600111848675,ok,-0.9841287296421268,-1.3865544036171569,1.445212106318337,-1.6387107829603569,-1.5658911445318813,-0.9836031562237113,0.0029931532290126545,-0.005163474596079741,0.009459704306564226,0.00045324921356736054,-0.002521631426635413,0.002729297737816868,0.8204390008660215,0.8661478961776667
12.129999999999786,0.40392234649210906,-0.40971557455339064,0.4025340696591697,0.01638067201371286,0.09329169039190797,0.07125000047381036,ok,-0.9840987981098367,-1.3866060383631176,1.4453067033614027,-1.6387062504682213,-1.5659163608461477,-0.9835758632463332,0.0029762265090118533,-0.005154415123713155,0.009427432761341021,0.00045248584772756705,-0.00250856120270472,0.0027136994312400185,0.8219668544030808,0.8676192353411595
12.139999999999786,0.40391822323584736,-0.4096827382616396,0.402516830955542,0.01632535779601664,0.09328909305724731,0.06629100062127691,ok,-0.9840690358447466,-1.3866575825143548,1.445400977689016,-1.638701725609744,-1.5659414464581747,-0.9835487262520207,0.0029593884511445196,-0.005145351110474753,0.009395286361665962,0.00045171192068016973,-0.0024955602601940546,0.0026981830589440335,0.8234946121563214,0.8690906528623061
12.149999999999785,0.4039140723552716,-0.4096500158633255,0.4024996975600422,0.01627024219427695,0.09328649783200048,0.06508300066343509,ok,-0.9840394419602352,-1.3867090360254595,1.4454949305526326,-1.6386972084905371,-1.5659664020607766,-0.9835217444214313,0.0029426386144451758,-0.005136282702652783,0.009363264498880633,0.0004509276083947794,-0.0024826282155793766,0.0026827482145346743,0.8250222744548384,0.8705621484058839
12.159999999999785,0.4039098941341838,-0.4096174069510573,0.4024826688526935,0.01621532440756614,0.0932839047421649,0.0641250007902272,ok,-0.9840100155740907,-1.386760398852486,1.4455885631976213,-1.6386926992144533,-1.5659912283429325,-0.9834949169392859,0.0029259765600508623,-0.005127210045778594,0.00933136656823236,0.00045013308488067364,-0.002469764687616703,0.0026673944935352877,0.8265498399629662,0.8720337216388816
12.169999999999785,0.4039056888545646,-0.40958491111894874,0.4024657442171637,0.016160603638861883,0.09328131381347286,0.0646659991616616,ok,-0.9839807558084902,-1.3868116709529437,1.4456818768633035,-1.6386881978836045,-1.5660159259898085,-0.9834682429943505,0.0029094018511898858,-0.005118133284625693,0.009299591968843413,0.00044932852220634737,-0.0024569692973231685,0.0026521214933773584,0.8280773106700517,0.8735053674240629
12.179999999999785,0.4039014567965818,-0.4095525279626128,0.402448923040744,0.01610607909502285,0.09327872507139319,0.06399999983841553,ok,-0.9839516617899783,-1.38686285228579,1.445774872782992,-1.6386837045983824,-1.5660404956827818,-0.9834417217794168,0.002892914053171593,-0.005109052563209586,0.009267940103684681,0.000448514090512711,-0.0024442416679644314,0.002636928813390698,0.8296046852371387,0.874977090214228
12.189999999999785,0.40389719823860176,-0.40952025707915496,0.4024322047143259,0.01605174998676421,0.09327613854113341,0.0669999990350334,ok,-0.9839227326494465,-1.386913942811422,1.4458675521840287,-1.6386792194574773,-1.5660649380994613,-0.9834153524912829,0.0028765127333770855,-0.0050999680247925065,0.00923641037953667,0.000447689958042838,-0.0024315814250423897,0.0026218160547955703,0.8311319656522129,0.8764488896829926
12.199999999999784,0.4038929134571977,-0.40948809806716846,0.4024155886323809,0.015997615528634265,0.09327355424764232,0.045500000851461664,ok,-0.9838939675221128,-1.3869649424916701,1.445959916287824,-1.638674742557897,-1.5660892539137117,-0.9833891343307349,0.0028601974612522314,-0.00509087981187339,0.009205002206974516,0.0004468562911369769,-0.0024189881962788664,0.0026067828206967356,0.8326591522385149,0.8779207655061196
12.209999999999784,0.40388860272716093,-0.40945605052672807,0.40239907419293736,0.015943674938989932,0.09327097221561045,0.0435840011050459,ok,-0.9838653655475003,-1.3870158512897888,1.4460519663098939,-1.6386702739949854,-1.5661134437956745,-0.9833630665025279,0.002843967808292207,-0.005081788066198483,0.009173715000317455,0.00044601325428968825,-0.002406461611595628,0.0025918287160690183,0.8341862436522217,0.879392712505329
12.219999999999784,0.40388426632150953,-0.40942411405938456,0.4023826607975608,0.01588992743997473,0.09326839246947345,0.04270799945516046,ok,-0.9838369258694173,-1.3870666691704507,1.446143703459897,-1.6386658138624426,-1.5661375084117906,-0.9833371482153672,0.002827823348040266,-0.005072692928753299,0.009142548177609414,0.00044516101013574756,-0.002394001303111131,0.0025769533477570457,0.8357132418792518,0.8808647351920776
12.229999999999784,0.40387990451149824,-0.40939228826815965,0.40236634785133113,0.015836372257493958,0.09326581503341318,0.19762500051001552,ok,-0.9838086476359369,-1.3871173960997383,1.446235128941673,-1.6386613622523412,-1.5661614484248216,-0.9833113786818897,0.0028117636560718983,-0.005063594539770266,0.009111501160593151,0.0004442997194857155,-0.0023816069051163,0.00256215632446079,0.8372401472393785,0.8823368332485572
12.239999999999783,0.4038755175666283,-0.4093605727575396,0.40235013476282216,0.01578300862119273,0.0932632399313596,0.1458750011806842,ok,-0.9837805299993762,-1.387168032045136,1.446326243953279,-1.6386569192551463,-1.5661852644938727,-0.9832857571186451,0.0027957883099863755,-0.005054493038720489,0.009080573374663541,0.0004434295413428369,-0.002369278054067101,0.0025474372567274133,0.8387669583840007,0.8838090063590389
12.249999999999783,0.4038711057546568,-0.40932896713347,0.4023340209440801,0.01572983576443133,0.09326066718699297,0.09491699893260375,ok,-0.9837525721162763,-1.3872185769755232,1.4464170496870254,-1.6386524849597328,-1.5662089572744133,-0.9832602827460778,0.0027798968894008646,-0.005045388564321273,0.009049764248857138,0.00044255063292124807,-0.0023570143885629697,0.0025327957569472735,0.8402936772969521,0.8852812493044684
12.259999999999783,0.40386666934160653,-0.4092974710033501,0.40231800581060323,0.015676852924264562,0.09325809682374551,0.10699999984353781,ok,-0.9837247731473823,-1.3872690308611664,1.446507547329514,-1.6386480594534036,-1.5662325274182989,-0.9832349547885083,0.0027640889759389105,-0.005036281254532823,0.009019073215815167,0.0004416631496530626,-0.0023448155493439675,0.002518231439342785,0.8418203026265033,0.886753566654167
12.269999999999783,0.4038622085917749,-0.4092660839760281,0.4023020887813209,0.015624059341418101,0.09325552886480339,0.09875000068859663,ok,-0.9836971322576229,-1.3873193936737116,1.4465977380616721,-1.638643642821907,-1.5662559755737924,-0.9832097724741149,0.002748364153220459,-0.005027171246560575,0.008988499711753141,0.0004407672452250964,-0.002332681179265824,0.002503743919959972,0.8433468380235799,0.8882259580986448
12.279999999999783,0.403857723767744,-0.4092348056617939,0.40228626927857264,0.015571454260265865,0.09325296333310816,0.0838329997350229,ok,-0.9836696486160907,-1.3873696653861771,1.4466876230587897,-1.6386392351494548,-1.566279302385585,-0.9831847350349153,0.002732722006854406,-0.005018058676854794,0.008958043176434009,0.0004398630715822752,-0.0023206109232947985,0.0024893328166614255,0.8448732787967987,0.8896984183884684
12.289999999999782,0.4038532151303893,-0.4092036356723752,0.40227054672808804,0.015519036928807446,0.09325040025135899,0.0698750009178184,ok,-0.9836423213960221,-1.3874198459729457,1.4467772034905542,-1.6386348365187389,-1.566302508494818,-0.9831598417067487,0.0027171621244277276,-0.005008943681105122,0.00892770305313133,0.0004389507789663001,-0.002308604428481459,0.002474997749117065,0.8463996302645702,0.891170957089957
12.299999999999782,0.4038486829388899,-0.40917257362093185,0.4022549205589661,0.01546680659864802,0.09324783964201461,0.06520799979625735,ok,-0.9836151497747778,-1.3874699354097566,1.4468664805210856,-1.6386304470109492,-1.5663255945391028,-0.9831350917292576,0.0027016840954972223,-0.004999826394253993,0.008897478788621549,0.0004380305158960578,-0.0022966613439670326,0.002460738338796233,0.8479258894005204,0.8926435590374622
12.309999999999782,0.4038441274507368,-0.4091416191220492,0.402239390203655,0.015414762524973423,0.09324528152729407,0.045666000005439855,ok,-0.9835881329338229,-1.3875199336736992,1.4469554553089718,-1.6386260667057901,-1.5663485611525425,-0.9831104843458697,0.0026862875115819976,-0.004990706950485417,0.008867369833136424,0.0004371024292207134,-0.0022847813209515267,0.0024465542089616515,0.8494520581842576,0.8941162387918208
12.319999999999782,0.40383954892174295,-0.4091107717917345,0.402223955097932,0.015362903966530847,0.09324272592918013,0.04225000157020986,ok,-0.9835612700587071,-1.387569840743204,1.4470441290073033,-1.6386216956814978,-1.566371408965752,-0.9830860188037801,0.002670971966152367,-0.004981585483233871,0.00883737564034885,0.000436166664115429,-0.0022729640126910532,0.002432444984659351,0.8509781369253695,0.8955889861092123
12.329999999999782,0.40383494760605215,-0.4090800312474098,0.40220861468088354,0.015311230185606433,0.09324017286941949,0.2103750011883676,ok,-0.9835345603390455,-1.3876196565980363,1.4471325027637068,-1.6386173340148567,-1.566394138605879,-0.9830616943539335,0.0026557370546211084,-0.004972462125174981,0.008807495667328753,0.0004352233641171044,-0.0022612090744772626,0.002418410292710219,0.8525041259323282,0.8970618106606597
12.339999999999781,0.40383032375614786,-0.4090493971079074,0.4021933683948853,0.01525974044800258,0.09323762236952546,0.1622909985599108,ok,-0.9835080029684993,-1.3876693812192882,1.44722057772038,-1.6386129817812154,-1.5664167506966238,-0.9830375102510064,0.00264058237433448,-0.004963337008238821,0.008777729374538952,0.0004342726711164986,-0.0022495161636330824,0.002404449761702786,0.8540300238412412,0.8985346971438445
12.349999999999781,0.40382567762286325,-0.40901886899346496,0.40217821568558215,0.015208434023019267,0.09323507445077937,0.08533399886800908,ok,-0.9834815971447559,-1.3877190145893705,1.4473083550141252,-1.6386086390545043,-1.56643924585826,-0.9830134657533893,0.0026255075245663036,-0.0049542102635998005,0.008748076225783523,0.00043331472540572666,-0.0022378849394889266,0.002390563021987834,0.8555558326288626,0.9000076602719966
12.359999999999781,0.40382100945538923,-0.40898844652571903,0.40216315600186925,0.015157310183430635,0.09323252913423226,0.07899999945948366,ok,-0.9834553420695102,-1.3877685566920066,1.447395835776383,-1.6386043059072501,-1.566461624707655,-0.9829895601231694,0.0026105121065041503,-0.0049450820216853176,0.008718535688206857,0.0004323496656623904,-0.0022263150633790845,0.002376749705665804,0.8570815509283636,0.9014806897130718
12.36999999999978,0.40381631950128427,-0.4089581293277006,0.402148188795872,0.015106368205465555,0.09322998644070704,0.0852919984026812,ok,-0.9834292369484452,-1.3878180075122235,1.447483021133265,-1.6385999824105935,-1.5664838878582887,-0.9829657926261127,0.0025955957232436924,-0.004935952412172675,0.008689107232249603,0.000431377628984413,-0.0022148061986265125,0.002363009446581567,0.8586071807150685,0.9029537901915966
12.37999999999978,0.40381160800648275,-0.4089279170238295,0.4021333135229267,0.015055607368786264,0.09322744639079938,0.07945899960759562,ok,-0.9834032809912128,-1.3878673670363453,1.4475699122055874,-1.6385956686343035,-1.566506035920275,-0.9829421625316469,0.0025807579797804975,-0.004926821563986855,0.008659790331622253,0.00043039875091501286,-0.0022033580105210206,0.002349341880317719,0.8601327239646576,0.9044269563579302
12.38999999999978,0.40380687521530434,-0.40889780923990937,0.4021185296415613,0.015005026956466987,0.09322490900488002,0.09583300015947316,ok,-0.983377473411415,-1.3879166352519852,1.4476565101089036,-1.6385913646467944,-1.56652806950038,-0.9829186691128438,0.002565998482997677,-0.004917689605308456,0.008630584463289206,0.0004294131654347607,-0.0021919701663225956,0.002335746644182817,0.8616581759609011,0.9059001929642586
12.39999999999978,0.4038021213704627,-0.4088678056031217,0.4021038366134769,0.014954626254974865,0.09322237430309653,0.06337500053632539,ok,-0.9833518134265851,-1.3879658121480383,1.4477428159535366,-1.6385870705151402,-1.5665499892020434,-0.982895311646402,0.002551316841662021,-0.004908556663569373,0.008601489107436713,0.00042842100499478243,-0.002180642335235767,0.002322223377208693,0.863183542022707,0.9073734997265258
12.40999999999978,0.40379734671307466,-0.4088379057420218,0.4020892339035277,0.01490440455414964,0.0932198423053741,0.06308299998636357,ok,-0.9833263002581685,-1.388014897714674,1.447828830844611,-1.6385827863050901,-1.5665717956253957,-0.9828720894126299,0.0025367126664109937,-0.004899422865459549,0.008572503747455142,0.00042742240052504575,-0.002169374188403002,0.0023087717201381226,0.86470881910334,0.9088468712653716
12.41999999999978,0.4037925514826683,-0.408808109286532,0.4020747209797028,0.014854361147181144,0.09321731303141835,0.04562499998428393,ok,-0.9833009331315044,-1.3880638919433286,1.4479145558820856,-1.638578512081085,-1.5665934893672797,-0.9828490016954285,0.0025221855697478176,-0.004890288336918631,0.008543627869898289,0.0004264174814583197,-0.0021581653988891696,0.002295391315421,0.8662340091744971,0.9103203174829316
12.42999999999978,0.4037877359171927,-0.4087784158679384,0.4020602973131074,0.014804495330592696,0.09321478650071616,0.042624998968676664,ok,-0.9832757112758068,-1.3881127948266978,1.4479999921607847,-1.6385742479062704,-1.5666150710212685,-0.9828260477822743,0.0025077351660310505,-0.004881153203146354,0.008514860964476723,0.00042540637573087716,-0.002147015641673998,0.0022820818072049024,0.8677591125337439,0.9117938227741272
12.43999999999978,0.4037829002530255,-0.40874882511888405,0.40204596237794393,0.014754806404218564,0.09321226273253792,0.23962499835761264,ok,-0.9832506339241465,-1.3881616063587292,1.4480851407704294,-1.6385699938425131,-1.5666365411776852,-0.9828032269642023,0.002493361071463213,-0.004872017588597942,0.008486202524016717,0.0004243892098179035,-0.0021359245936332576,0.002268842841323905,0.8692841294775724,0.9132674021887832
12.449999999999779,0.40377804472498274,-0.4087193366733644,0.4020317156514935,0.014705293671185579,0.09320974174593809,0.26574999901640695,ok,-0.9832257003134318,-1.3882103265346153,1.4481700027956697,-1.638565749950415,-1.5666579004236216,-0.9827805385357891,0.0024790629040901133,-0.004862881616990123,0.00845765204445622,0.00042336610871763407,-0.002124891933536446,0.0022556740653002193,0.870809058626355,0.9147410451992627
12.459999999999779,0.4037731695663267,-0.40868995016672255,0.4020175566140979,0.014655956437893315,0.0932072235597583,0.10766699961095583,ok,-0.9832009096843909,-1.3882589553507851,1.4482545793161141,-1.6385615162893277,-1.566679149342957,-0.9827579817951361,0.0024648402837828005,-0.004853745411294905,0.008429209024796125,0.0004223371960104399,-0.0021139173420175886,0.0022425751283254034,0.8723339036242331,0.9162147566529981
12.469999999999779,0.40376827500877505,-0.4086606652356435,0.4020034847491404,0.0146067940139943,0.09320470819262736,0.08916600017983001,ok,-0.9831762612815531,-1.3883074928048982,1.448338871406362,-1.6385572929173675,-1.5667002885163772,-0.9827355560438528,0.002450692832236345,-0.0048446090937474245,0.0084008729670904,0.00042130259383501255,-0.002103000501583454,0.0022295456812612144,0.8738586614140964,0.9176885311116384
12.479999999999778,0.4037633612825084,-0.40863148151814954,0.40198949954302887,0.014557805712375606,0.09320219566296427,0.08591699952376075,ok,-0.9831517543532308,-1.3883559388958358,1.448422880136033,-1.6385530798914292,-1.566721318521393,-0.9827132605870401,0.002436620172959638,-0.004835472785848948,0.008372643376429205,0.00042026242291559883,-0.0020921410965893815,0.0022165853766296308,0.8753833339632464,0.9191623734494746
12.489999999999778,0.4037584286161806,-0.408602398653595,0.40197560048517667,0.01450899084913896,0.09319968598897888,0.10766599916678388,ok,-0.9831273881515011,-1.3884042936236942,1.4485066065697974,-1.6385488772672,-1.566742239932359,-0.9826910947332739,0.0024226219312633622,-0.00482633660835578,0.008344519760897763,0.0004192168025856546,-0.0020813388132264266,0.002203693868602325,0.8769079198866002,0.9206362833986925
12.499999999999778,0.4037534772369252,-0.40857341628266075,0.4019617870679849,0.014460348743581477,0.09319717918867351,0.08866700045473408,ok,-0.9831031619321885,-1.3884525569897779,1.4485900517674064,-1.6385446850991743,-1.5667630533204913,-0.9826690577945878,0.0024086977342568125,-0.004817200681298363,0.008316501631569224,0.0004181658507843965,-0.002070593339520076,0.0021908708129973454,0.8784324228265707,0.9221102554916748
12.509999999999778,0.40374850737036505,-0.4085445340473504,0.4019480587868249,0.014411878718177812,0.09319467527984512,0.07779199950164184,ok,-0.9830790749548459,-1.388500728996591,1.4486732167837222,-1.6385405034406664,-1.5667837592538865,-0.9826471490864578,0.0023948472108385617,-0.004808065123965958,0.008288588502461239,0.00041710968409688134,-0.002059904365306309,0.0021781158672719994,0.8799568397194126,0.9235842946426293
12.519999999999778,0.4037435192406209,-0.4085157515909843,0.4019344151400203,0.014363580098561526,0.09319217428008611,0.08058299863478169,ok,-0.9830551264827375,-1.3885488096478307,1.4487561026687468,-1.6385363323438253,-1.5668043582975395,-0.9826253679277851,0.002381069991684019,-0.004798930054920679,0.00826077989054509,0.0004160484177323435,-0.0020492715822296027,0.0021654286905097115,0.8814811725294776,0.9250584005889199
12.529999999999777,0.4037385130703185,-0.40848706855819417,0.40192085562882923,0.014315452213504545,0.09318967620678623,0.21195800036366563,ok,-0.9830313157828207,-1.3885967989483798,1.4488387104676521,-1.638532171859648,-1.5668248510133618,-0.98260371364088,0.0023673657092440014,-0.0047897955919895775,0.008233075315689854,0.000414982165572401,-0.0020386946837245914,0.002152808943420611,0.883005421543801,0.9265325678338151
12.539999999999777,0.4037334890805984,-0.40845848459491946,0.4019073797574271,0.014267494394901393,0.09318718107713399,0.08366600013687275,ok,-0.9830076421257282,-1.3886446969042998,1.4489210412208091,-1.6385280220379923,-1.566845237960199,-0.9825821855514457,0.002353733997729729,-0.004780661852273703,0.008205474300660633,0.0004139110401637548,-0.0020281733650098738,0.002140256288327308,0.8845295870483806,0.9280068013310575
12.549999999999777,0.40372844749112285,-0.40842999934840135,0.4018939870328889,0.014219705977748985,0.09318468890811825,0.07437499880325049,ok,-0.9829841047857509,-1.3886925035228226,1.4490030959638158,-1.6385238829275908,-1.566865519693849,-0.9825607829885624,0.0023401744931082634,-0.004771528952142729,0.00817797637108441,0.0004128351527450714,-0.00201770732307178,0.0021277703891601947,0.886053667650206,0.9294810955646201
12.559999999999777,0.40372338852008527,-0.4084016124671781,0.40188067696517266,0.014172086300129628,0.09318219971652938,0.06899999971210491,ok,-0.9829607030408198,-1.388740218812344,1.4490848757275268,-1.6385197545760632,-1.5668856967670797,-0.9825395052846708,0.0023266868330957587,-0.004762397007243375,0.008150581055441837,0.0004117546132465409,-0.0020072962566569995,0.002115350911452963,0.8875776669889066,0.9309554555144214
12.569999999999776,0.4037183123842174,-0.40837332360108064,0.4018674490671011,0.014124634703192638,0.09317971351896204,0.06683299943688326,ok,-0.9829374361724889,-1.3887878427824165,1.449166381538081,-1.6385156370299307,-1.5669057697296462,-0.9825183517755562,0.002313270657147155,-0.004753266132495144,0.00812328788503509,0.00041066953030782555,-0.0019969398662620214,0.00210299752233148,0.8891015819911868,0.9324298809262345
12.579999999999776,0.4037132192987977,-0.4083451324012268,0.4018543028543451,0.014077350531135294,0.09317723033181421,0.06379200021910947,ok,-0.9829143034659173,-1.3888353754437415,1.4492476144169315,-1.6385115303346276,-1.566925739128309,-0.9824973218003329,0.002299925606447614,-0.0047441364420925565,0.008096096393959702,0.00040958001130885944,-0.0019866378541147354,0.0020907098905076195,0.8906254162956997,0.9339043662551724
12.589999999999776,0.40370810947766017,-0.4083170385200167,0.4018412378454074,0.014030233131187266,0.09317475017129087,0.06337500053632539,ok,-0.9828913042098528,-1.3888828168081624,1.4493285753808711,-1.6385074345345145,-1.56694560550685,-0.9824764147014278,0.002286651323908686,-0.004735008049514381,0.008069006119103609,0.00040848616235244795,-0.0019763899241761907,0.002078487686275023,0.8921491668260635,0.9353789165200619
12.599999999999776,0.40370298313320124,-0.4082890416111287,0.4018282535616045,0.013983281853591517,0.09317227305340457,0.0629579990345519,ok,-0.9828684376966137,-1.3889301668886576,1.449409265442062,-1.638503349672891,-1.5669653694060919,-0.982455629824565,0.002273447454152382,-0.004725881067511799,0.008042016600105565,0.00040738808829921935,-0.001966195782117079,0.0020663305814949038,0.8936728355406688,0.9368535314715623
12.609999999999776,0.4036978404763889,-0.40826114132951374,0.401815349527051,0.01393649605158746,0.09316979899397704,0.045917000534245744,ok,-0.9828457032220722,-1.3889774256993326,1.449489685608063,-1.6384992757920078,-1.566985031363913,-0.9824349665187501,0.0022603136435109454,-0.004716755608121792,0.008015127379346863,0.00040628589278081617,-0.0019560551353086414,0.002054238249595913,0.8951964210388788,0.9383282055360731
12.619999999999775,0.4036926817167697,-0.4082333373313901,0.40180252526864196,0.01388987508139209,0.09316732800864018,0.0429579995397944,ok,-0.9828231000856371,-1.3890245932554137,1.4495698368818566,-1.63849521293308,-1.5670045919152662,-0.9824144241362541,0.002247249540018616,-0.0047076317826637275,0.00798833800192442,0.00040517967818882685,-0.0019459676928275653,0.002042210365567117,0.896719926957344,0.9398029437709683
12.629999999999775,0.40368750706247747,-0.40820562927424,0.40178978031603724,0.013843418302185351,0.09316486011283849,0.042458001189515926,ok,-0.9828006275902369,-1.3890716695732404,1.4496497202618759,-1.6384911611362982,-1.5670240515921945,-0.9823940020325984,0.0022342547933947503,-0.0046985097017420785,0.00796164801563722,0.0004040695457157972,-0.0019359331654212,0.002030246605941805,0.8982433518936677,0.9412777405836176
12.639999999999775,0.40368231672024074,-0.40817801681680366,0.4017771142016448,0.013797125076090912,0.09316239532182903,0.04629199975170195,ok,-0.9827782850423029,-1.3891186546702579,1.4497293367420323,-1.638487120440841,-1.5670434109238487,-0.982373699566539,0.0022213290550507398,-0.004689389475247707,0.0079350569709519,0.0004029555953595815,-0.0019259512655125858,0.0020183466488050035,0.8997666944435043,0.942752601056919
12.649999999999775,0.40367711089539066,-0.4081504996190751,0.4017645264606037,0.013750994768159943,0.09315993365068383,0.04254099985701032,ok,-0.9827560717517524,-1.3891655485650103,1.4498086873117417,-1.6384830908848875,-1.5670626704365038,-0.982353516100051,0.0022084719780672405,-0.004680271212357325,0.007908564420996049,0.0004018379259207312,-0.0019160217071880657,0.0020065101737720393,0.9012899582419373,0.9442275195792832
12.659999999999775,0.4036718897918692,-0.4081230773422973,0.40175201663076887,0.013705026746354453,0.09315747511429184,0.28341600045678206,ok,-0.9827339870319717,-1.389212351277134,1.4498877729559516,-1.6384790725056284,-1.5670818306535756,-0.9823334509983133,0.0021956832171977285,-0.0046711550215413665,0.007882169921533216,0.00040071663503620533,-0.0019061442061815892,0.0019947368619919388,0.9028131402022043,0.9457025012589693
12.669999999999774,0.4036666536122362,-0.4080957496489572,0.4017395842526942,0.013659220381529752,0.09315501972735837,0.23225000040838495,ok,-0.9827120301997997,-1.3892590628273493,1.449966594655167,-1.6384750653392781,-1.5671008920956375,-0.9823135036296934,0.0021829624288537577,-0.004662041010559987,0.007855873030938276,0.00039959181918260313,-0.0018963184798673105,0.0019830263961342813,0.9043362422774365,0.9471775458576797
12.679999999999774,0.403661402557678,-0.4080685162027813,0.40172722886961687,0.013613575047418726,0.09315256750440863,0.09549999958835542,ok,-0.9826902005755112,-1.3893056832374548,1.4500451533854763,-1.6384710694210862,-1.5671198552804362,-0.982293673365732,0.002170309271101637,-0.004652929286471156,0.007829673310196246,0.0003984635736692433,-0.0018865442472551781,0.00197137846038676,0.905859264739565,0.9486526477354685
12.689999999999774,0.40365613682801427,-0.4080413766687308,0.40171495002744156,0.013568090120614922,0.09315011845978739,0.07537500096077565,ok,-0.9826684974828002,-1.3893522125303195,1.4501234501185782,-1.6384670847853495,-1.5671387207229088,-0.9822739595811282,0.002157723403653619,-0.004643819955620067,0.007803570322849665,0.00039733199269130146,-0.0018768212289663893,0.001959792740445876,0.9073822078595436,0.9501278120383018
12.699999999999774,0.40365085662170647,-0.40801433071299725,0.40170274727472394,0.013522764980556002,0.0931476726076614,0.08658299884700682,ok,-0.9826469202487637,-1.3893986507298757,1.4502014858218066,-1.6384631114654227,-1.5671574889351985,-0.9822543616537237,0.0021452044878552123,-0.004634713123655758,0.007777563635013385,0.0003961971692984017,-0.0018671491472385502,0.0019482689235066917,0.9089050719073494,0.9516030331074393
12.709999999999773,0.40364556213586483,-0.4079873780029973,0.4016906201626558,0.013477599009507934,0.0931452299620203,0.0905840006453218,ok,-0.9826254682038851,-1.3894449978611123,1.4502792614581568,-1.6384591494937297,-1.5671761604266707,-0.9822348789644887,0.002132752186689294,-0.0046256088955264575,0.007751652815330997,0.0003950591954404191,-0.0018575277259055235,0.0019368066982666254,0.9104278571519895,0.9530783161138189
12.719999999999773,0.4036402535662563,-0.407960518207369,0.40167856824504855,0.01343259159254854,0.09314279053667805,0.06899999971210491,ok,-0.9826041406820182,-1.3894912539500677,1.45035677798631,-1.6384551989017753,-1.5671947357039298,-0.982215510897506,0.0021203661647561053,-0.004616507375476977,0.007725837434971202,0.0003939181619541047,-0.0018479566903897816,0.0019254057549060687,0.9119505638615011,0.9545536553799748
12.729999999999773,0.40363493110731197,-0.4079337509959661,0.4016665910783183,0.013387742117551237,0.09314035434527423,0.06695800038869493,ok,-0.9825829370203706,-1.3895374190238226,1.4504340363606598,-1.6384512597201557,-1.5672132152708336,-0.9821962568399569,0.002108046088273195,-0.004607408667063106,0.0077001170676023415,0.0003927741585891168,-0.0018384357676957603,0.0019140657850898431,0.913473192302959,0.9560290561016597
12.739999999999773,0.4036295949521349,-0.4079070760398544,0.40165468822147016,0.013343049975169911,0.09313792140127504,0.04387499939184636,ok,-0.9825618565594878,-1.3895834931104931,1.450511037531336,-1.6384473319785697,-1.5672315996285104,-0.982177116182106,0.0020957916250644907,-0.004598312873135427,0.007674491289367401,0.0003916272740141824,-0.001828964686395539,0.0019027864819567927,0.9149957427424763,0.9575045180510772
12.749999999999773,0.4036242452925067,-0.40788049301130613,0.4016428592360831,0.013298514558821913,0.09313549171797535,0.04229099977237638,ok,-0.9825408986432371,-1.3896294762392245,1.4505877824442297,-1.6384434157058296,-1.5672498892753743,-0.9821580883172865,0.0020836024445557814,-0.004589220095860807,0.007648959678883523,0.0003904775958255966,-0.0018195431766214315,0.0018915675401152225,0.9165182154452088,0.9589800355227557
12.759999999999772,0.40361888231889603,-0.40785400158379703,0.4016311036862942,0.013254135264673693,0.09313306530849959,0.18516699856263585,ok,-0.9825200626187915,-1.389675368440183,1.4506642720410186,-1.6384395109298713,-1.5672680847071405,-0.9821391726418853,0.0020714782177669007,-0.004580130436708425,0.007623521817202406,0.0003893252105653186,-0.0018101709700551745,0.0018804086556369272,0.9180406089926998,0.9604556137493488
12.769999999999772,0.4036135062204653,-0.40782760143199964,0.40161942113878407,0.013209911491624362,0.0931306421858024,0.0927500004763715,ok,-0.9824993478366139,-1.3897211697445502,1.4507405072591906,-1.6384356176777657,-1.567286186416841,-0.9821203685553289,0.0020594186172983218,-0.004571043996464487,0.0075981772878105,0.00038817020372591783,-0.0018008477999191116,0.001869309526043731,0.9195629270133426,0.9619312470068228
12.779999999999772,0.4036081171850787,-0.40780129223178085,0.4016078111627613,0.013165842641290327,0.09312822236267145,0.08833299943944439,ok,-0.9824787536504409,-1.3897668801845149,1.4508164890320687,-1.6384317359757283,-1.5673041948948403,-0.9821016754600684,0.002047423317334633,-0.004561960875221948,0.007572925676594426,0.00038701265976194565,-0.0017915734009669615,0.0018582698503120827,0.9210851680869663,0.9634069405522708
12.789999999999772,0.40360271539930853,-0.4077750736601961,0.4015962733299476,0.013121928117990244,0.09312580585172667,0.08370800060220063,ok,-0.9824582794172676,-1.389812499793267,1.4508922182888346,-1.6384278658491307,-1.56732211062885,-0.9820830927615654,0.0020354919936272807,-0.004552881172392009,0.007547766571836552,0.0003858526621055646,-0.001782347509470921,0.0018472893288562578,0.9226073307917537,0.9648826886431646
12.799999999999772,0.40359730104844344,-0.4077489453954854,0.4015848072145633,0.013078167328729623,0.09312339266542383,0.06799999937356915,ok,-0.9824379244973314,-1.3898580286049909,1.450967695954553,-1.6384240073225096,-1.5673399341039447,-0.9820646198682768,0.00202362432349364,-0.004543804986703839,0.007522699564193751,0.0003846902931675338,-0.0017731698632169517,0.001836367663528215,0.9241294187543216,0.9663584965608879
12.809999999999771,0.40359187431649507,-0.4077229071170682,0.4015734123933119,0.013034559683185223,0.09312098281605334,0.0657500004308531,ok,-0.9824176882540965,-1.389903466654858,1.4510429229501949,-1.6384201604195778,-1.5673576658025767,-0.9820462561916414,0.002011819985804578,-0.004534732416201477,0.007497724246668896,0.00038352563436301764,-0.0017640402014908144,0.0018255045576062276,0.9256514288676431,0.9678343585444852
12.819999999999771,0.4035864353862058,-0.4076969585055403,0.4015620884453661,0.012991104593691478,0.09311857631574373,0.06454200047301129,ok,-0.9823975700542384,-1.38994881397902,1.4511179001926615,-1.6384163251632342,-1.5673753062045916,-0.9820280011460654,0.002000078660983447,-0.00452566355825659,0.007472840214617811,0.0003823587661005649,-0.0017549582650725763,0.001814699715793994,0.9271733647571269,0.9693102798994812
12.829999999999771,0.40358098443905505,-0.40767109924266814,0.40155083495235255,0.012947801475223248,0.09311617317646134,0.0457500009360956,ok,-0.9823775692676286,-1.3899940706146026,1.4511926285948078,-1.6384125015755733,-1.5673928557872423,-0.9820098541489074,0.001988400030995135,-0.004516598509558121,0.007448047065700118,0.0003811897678164068,-0.0017459237962253013,0.0018039528442104244,0.9286952233132384,0.9707862604108416
12.83999999999977,0.4035755216552676,-0.40764532901138484,0.40153965149833737,0.012904649745383405,0.09311377341001234,0.0428749990533106,ok,-0.9823576852673187,-1.390039236599698,1.4512671090654647,-1.638408689677895,-1.5674103150252046,-0.9819918146204653,0.0019767837793377443,-0.004507537366124721,0.00742334439989435,0.0003800187179590144,-0.0017369365386868383,0.0017932636503827021,0.9302170081601638,0.9722622942900508
12.84999999999977,0.4035700472138198,-0.4076196474957859,0.4015285376698122,0.012861648824386592,0.09311137702804342,0.043165999159100465,ok,-0.9823379174295254,-1.3900843119733592,1.4513413425094637,-1.6384048894907155,-1.5674276843905914,-0.9819738819839614,0.0019652295910381444,-0.004498480223300294,0.00739873181945465,0.0003788456940262776,-0.0017279962376577326,0.0017826318432418824,0.9317387178700209,0.9737383812932218
12.85999999999977,0.4035645612924469,-0.40759405438112445,0.4015174930556798,0.012818798135045346,0.09310898404204387,0.04241700116836,ok,-0.982318265133615,-1.3901292967755923,1.4514153298276582,-1.6384011010337753,-1.567444964352968,-0.981956055665529,0.0019537371526442606,-0.004489427175756694,0.007374208928907109,0.0003776707725536272,-0.001719102639796083,0.0017720571331158823,0.9332603510134097,0.9752145267737303
12.86999999999977,0.40355906406765013,-0.40756854935380715,0.40150651724723896,0.012776097102754298,0.09310659446334536,0.04245799937052652,ok,-0.9822987277620885,-1.3901741910473497,1.4514890719169473,-1.63839732432605,-1.567462155379366,-0.9819383350941978,0.0019423061522182874,-0.004480378317502306,0.007349775335035503,0.00037649402913225163,-0.0017102554932072614,0.001761539231723617,0.934781911212657,0.9766907305219735
12.87999999999977,0.4035535557147036,-0.40754313210139026,0.40149560983817145,0.012733545155478018,0.09310420830312459,0.32770899997558445,ok,-0.9822793047005663,-1.3902189948305248,1.4515625696702976,-1.6383935593857586,-1.567479257934298,-0.9819207197018806,0.0019309362793249647,-0.004471333741875041,0.007325430646856108,0.00037531553842627615,-0.0017014545474291487,0.001751077852163844,0.9363033953521464,0.9781669867129742
12.88999999999977,0.40354803640766157,-0.40751780231257445,0.4014847704245273,0.012691141723735429,0.09310182557240339,0.18974999875354115,ok,-0.9822599953377731,-1.3902637081679436,1.4516358239767662,-1.6383898062303743,-1.5674962724797723,-0.9819032089233589,0.0019196272250340183,-0.00446229354155064,0.00730117447560636,0.0003741353741628451,-0.0016926995534364247,0.00174067270891857,0.9378248070529415,0.9796432951085133
12.89999999999977,0.40354250631936506,-0.40749255967720094,0.40147399860471084,0.012648886240585081,0.09309944628205086,0.09766699986357708,ok,-0.9822407990655228,-1.390308331103359,1.4517088357215222,-1.6383860648766326,-1.5675131994753067,-0.9818858021962698,0.00190837868190644,-0.004453257808543972,0.0072770064347259505,0.00037295360916284303,-0.0016839902636193458,0.0017303235178392762,0.9393461448818664,0.9811196611092429
12.90999999999977,0.40353696562144853,-0.4074674038862472,0.4014632939794667,0.01260677814161128,0.0930970704427835,0.08687499939696863,ok,-0.9822217152787037,-1.3903528636814444,1.4517816057858695,-1.638382335340541,-1.5675300393779428,-0.9818684989610914,0.0018971903439878534,-0.004444226634210341,0.007252926139848633,0.0003717703153397375,-0.001675326431776809,0.0017200299961415814,0.9408674074043201,0.9825960845108378
12.919999999999769,0.40353141448434765,-0.40744233463182256,0.4014526561518667,0.01256481686491162,0.09309469806516738,0.07833299969206564,ok,-0.9822027433752638,-1.3903973059477865,1.451854135047268,-1.6383786176373876,-1.5675467926422606,-0.98185129866113,0.001886061906801045,-0.00443520010924343,0.007228933208772107,0.00037058556370754195,-0.001666707813113219,0.00170979186239841,0.9423885982394463,0.9840725594521261
12.929999999999769,0.40352585307730465,-0.40741735160716425,0.40144208472729515,0.012523001851080818,0.09309232915961833,0.06504199882328976,ok,-0.9821838827561958,-1.390441657948879,1.4519264243793557,-1.6383749117817505,-1.5675634597203918,-0.9818342007425059,0.0018749930673459965,-0.00442617832368986,0.007205027261455946,0.00036939942439388534,-0.0016581341642288691,0.001699608836540122,0.9439097159509781,0.9855490857004022
12.939999999999769,0.40352028156837677,-0.40739245450663264,0.4014315793134358,0.01248133254319876,0.09308996373640396,0.06391700117092114,ok,-0.9821651328255224,-1.3904859197321158,1.4519984746519703,-1.6383712177875065,-1.5675800410620342,-0.9818172046541406,0.0018639835240840624,-0.0044171613669368014,0.007181207920000312,0.0003682119666476348,-0.001649605243103902,0.0016894806398402695,0.945430760786553,0.9870256687030291
12.949999999999768,0.4035147001244419,-0.4073676430257071,0.4014211395202583,0.01243980838681572,0.09308760180564388,0.06387500070559327,ok,-0.9821464929902816,-1.3905300913457852,1.4520702867311703,-1.63836753566784,-1.5675965371144653,-0.9818003098477421,0.0018530329769347268,-0.004408149327722644,0.007157474808623434,0.00036702325885283604,-0.001641120809098848,0.0016794069949118715,0.9469517329929206,0.9885023082608154
12.959999999999768,0.40350910891120545,-0.40734291686098245,0.40141076496000405,0.012398428829938982,0.09308524337731203,0.0636669992672978,ok,-0.9821279626605122,-1.3905741728390624,1.4521418614792565,-1.6383638654352515,-1.5676129483225563,-0.981783515777793,0.0018421411272723147,-0.0043991422941400665,0.007133827553665693,0.00036583336852720136,-0.0016326806229390815,0.001669387625705704,0.9484726328159454,0.9899789984766535
12.969999999999768,0.40350350809320745,-0.4073182757101639,0.40140045524717355,0.012357193323019376,0.09308288846123669,0.05012499968870543,ok,-0.9821095412492394,-1.3906181642620037,1.4522131997547931,-1.6383602071015662,-1.5676292751287857,-0.981766821901536,0.0018313076779133096,-0.004390140353630511,0.007110265783550298,0.000364642362342286,-0.00162428444671048,0.0016594222574979026,0.9499934605006123,0.9914557448325408
12.979999999999768,0.4034978978338288,-0.40729371927206315,0.4013902099985129,0.012316101318937839,0.0930805370671019,0.18233299851999618,ok,-0.9820912281724603,-1.39066206566554,1.4522843024126286,-1.6383565606779427,-1.5676455179732527,-0.981750227678961,0.0018205323331127764,-0.004381143592996393,0.007086789128785372,0.00036345030612416765,-0.0016159320438523261,0.0016495106168869093,0.9515142162910272,0.9929325414134959
12.989999999999768,0.4034922782952979,-0.40726924724659463,0.40138002883300017,0.012275152272992609,0.09307818920444878,0.08704100036993623,ok,-0.9820730228491292,-1.39070587710147,1.4523551703039166,-1.6383529261748815,-1.567661677293691,-0.9817337325727922,0.0018098147985592945,-0.004372152098397021,0.007063397221944512,0.0003622572648647345,-0.0016076231791444134,0.0016396524317891068,0.9530349004304218,0.9944093879948076
12.999999999999767,0.40348664963869785,-0.4072448593347708,0.40136991137183237,0.012234345642884429,0.09307584488267691,0.06816600034653675,ok,-0.9820549247011436,-1.3907495986224538,1.452425804276136,-1.6383493036022327,-1.5676777535254824,-0.9817173360484743,0.0017991547813638355,-0.004363165955352914,0.007040089697646678,0.00036106330273541346,-0.0015993576187007842,0.0016298474314286203,0.9545555131611575,0.9958862900928779
13.009999999999767,0.4034810120239719,-0.4072205552386979,0.4013598572384134,0.01219368088870562,0.09307350411104423,0.08604100003140047,ok,-0.98203693315333,-1.3907932302820074,1.4524962051731125,-1.6383456929692053,-1.5676937471016694,-0.98170103757416,0.0017885519900570186,-0.004354185248746336,0.007016866192547307,0.00035986848308627205,-0.0015911351299643288,0.0016200953463345216,0.9560760564107141,0.9973632475159512
13.019999999999767,0.40347536560993114,-0.4071963346615728,0.4013498660583392,0.012153157472925391,0.09307116689866955,0.0715830010449281,ok,-0.9820190476334294,-1.390836772134495,1.452566373835038,-1.6383420942843745,-1.567709658452969,-0.9816848366206967,0.001778006134580921,-0.004345210062824789,0.006993726345325082,0.0003586728684634856,-0.0015829554816895264,0.0016103959083342612,0.9575965270478327,0.9988402485535569
13.029999999999767,0.40346971055425984,-0.40717219730767773,0.40133993745938634,0.012112774860376877,0.09306883325453286,0.06408300032489933,ok,-0.9820012675720836,-1.3908802242351233,1.4526363110984912,-1.6383385075556898,-1.567725488007786,-0.9816687326616134,0.0017675169262832671,-0.0043362404812054035,0.006970669796657736,0.00035747652060857905,-0.0015748184439509836,0.0016007488505472515,0.9591169269981771,1.000317310265961
13.039999999999766,0.4034640470135233,-0.4071481428823769,0.40133007107149815,0.012072532518245332,0.0930665031874764,0.06416699943656567,ok,-0.9819835924028207,-1.3909235866399352,1.452706017796458,-1.6383349327904837,-1.5677412361922256,-0.9816527251731079,0.0017570840779086523,-0.004327276586875791,0.006947696189226272,0.00035627950047148336,-0.001566723788117406,0.0015911539073778036,0.9606372581868968,1.0017944209350913
13.049999999999766,0.40345837514317245,-0.4071241710921121,0.4013202665267732,0.012032429916054398,0.093064176706206,0.07095799992384855,ok,-0.9819660215620416,-1.390966859405804,1.4527754947583502,-1.638331369995479,-1.5677569034301069,-0.9816368136340341,0.0017467073035965454,-0.004318318462192012,0.006924805167672406,0.0003550818682320082,-0.0015586712868516479,0.0015816108145130924,0.9621575191659623,1.00327158034391
13.059999999999766,0.4034526950975521,-0.40710028164439893,0.4013105234594514,0.01199246652565416,0.09306185381929151,0.042875000872300006,ok,-0.9819485544890056,-1.391010042590426,1.4528447428100268,-1.6383278191767965,-1.5677724901429755,-0.9816209975258889,0.0017363863188699963,-0.004309366188890217,0.006901996378616051,0.0003538836832798447,-0.0015506607141050049,0.0015721193089125714,0.9636777101725656,1.0047487940766473
13.069999999999766,0.40344700702990594,-0.40707647424782245,0.40130084150590173,0.011952641821207637,0.0930595345351691,0.0429579995397944,ok,-0.9819311906258169,-1.3910531362523149,1.452913762773813,-1.6383242803399636,-1.5677879967501165,-0.9816052763327998,0.0017261208406310253,-0.004300419848079561,0.0068792694706181325,0.00035268500424066,-0.001542691845108827,0.0015626791288043352,0.9651978297565805,1.0062260561387444
13.079999999999766,0.4034413110923835,-0.40705274861203333,0.4012912203046099,0.011912955279178492,0.09305721886214116,0.04262500078766607,ok,-0.9819139294174106,-1.3910961404507955,1.4529825554685192,-1.6383207534899211,-1.5678034236685676,-0.9815896495415117,0.0017159105871575628,-0.004291479520247948,0.0068566240941745115,0.00035148588898590275,-0.0015347644563606028,0.0015532900136819823,0.9667178832129156,1.0077033721367794
13.089999999999765,0.4034356074360463,-0.40702910444774393,0.40128165949616657,0.011873406378320017,0.0930549068083772,0.042458001189515926,ok,-0.9818967703115391,-1.3911390552459981,1.4530511217094608,-1.6383172386310312,-1.5678187713131313,-0.981574116641375,0.001705755278088372,-0.004282545285271232,0.006834059901710388,0.00035028639463543934,-0.0015268783256202532,0.0015439517042906822,0.9682378657168186,1.009180736058677
13.099999999999765,0.40342989621087416,-0.40700554146672374,0.40127215872325284,0.011833994599659637,0.0930525983819161,0.041916000554920174,ok,-0.9818797127587582,-1.3911818806988507,1.453119462308478,-1.6383137357670847,-1.5678340400963875,-0.9815586771243321,0.0016956546344286585,-0.004273617222403056,0.006811576547545916,0.00034908657756528246,-0.0015190332319064287,0.0015346639426335603,0.9697577791885773,1.010658153533234
13.109999999999765,0.4034241775657712,-0.4069820593817966,0.4012627176306308,0.011794719426490958,0.09305029359066576,0.18366699987382162,ok,-0.9818627562124139,-1.3912246168710747,1.4531875780739534,-1.6383102449013092,-1.5678492304287066,-0.9815433304849057,0.0016856083785329224,-0.004264695410286092,0.006789173687909406,0.0003478864934104601,-0.0015112289554813274,0.0015254264719539578,0.9712776238611748,1.012135618530923
13.119999999999765,0.4034184516485721,-0.40695865790683494,0.4012533358651291,0.011755580344356906,0.09304799244240508,0.1895420009532245,ok,-0.9818459001286286,-1.3912672638251775,1.4532554698108324,-1.638306766036375,-1.5678643427182615,-0.9815280762201862,0.001675616234104403,-0.004255779926952024,0.006766850980899812,0.00034668619708377326,-0.0015034652778499764,0.0015162390367369897,0.9727974016535476,1.0136131367026324
13.129999999999765,0.4034127186060487,-0.4069353367567578,0.40124401307563135,0.011716576841041115,0.0930456949447846,0.12612499995157123,ok,-0.9818291439662875,-1.391309821624447,1.4533231383206415,-1.6383032991744042,-1.56787937737104,-0.9815129138298189,0.0016656779261872766,-0.0042468708498231604,0.006744608086490221,0.0003454857427808886,-0.001495741981742341,0.0015071013827013878,0.9743171111103385,1.0150907020014444
13.139999999999764,0.40340697858391567,-0.4069120956475254,0.40123474891306493,0.011677708406555003,0.09304340110532719,0.08470799912174698,ok,-0.9818124871870256,-1.3913522903329454,1.4533905844015065,-1.6382998443169765,-1.5678943347908574,-0.9814978428159918,0.0016557931811612544,-0.004237968255715916,0.0067224446665041715,0.00034428518397798205,-0.0014880588511204946,0.0014980132567949185,0.9758367507751392,1.0165683142213005
13.149999999999764,0.4034012317268364,-0.406888934296136,0.4012255430303879,0.011638974533124477,0.0930411109314298,0.06504200064227916,ok,-0.981795929255214,-1.3913946700155027,1.4534578088481716,-1.6382964014651367,-1.5679092153793686,-0.9814828626834239,0.0016459617267354253,-0.004229072220844205,0.00670036038461317,0.0003430845734466617,-0.0014804156711591473,0.001488974407188728,0.9773563242513493,1.0180459790460226
13.159999999999764,0.40339547817842963,-0.4068658524206217,0.4012163950825773,0.011600374715179903,0.09303882443036363,0.06475000009231735,ok,-0.9817794696379466,-1.391436960737711,1.4535248124520177,-1.6382929706194023,-1.5679240195360802,-0.981467972939352,0.001636183291940259,-0.004220182820817663,0.006678354906308075,0.0003418839632655458,-0.0014728122282437269,0.0014799845832698425,0.9788758317679588,1.019523690402767
13.169999999999764,0.4033897180812752,-0.4068428497400445,0.4012073047266177,0.011561908449342812,0.09303654160927559,0.06779099931009114,ok,-0.9817631078050272,-1.3914791625659193,1.4535915960010808,-1.6382895517797695,-1.5679387476583626,-0.9814531730935192,0.0016264576071214724,-0.004211300130648647,0.00665642789890342,0.0003406834048176083,-0.0014652483099607022,0.001471043535635926,0.9803952701790585,1.0210014539971284
13.179999999999763,0.40338395157692003,-0.4068199259744928,0.40119827162148924,0.011523575234415842,0.09303426247518906,0.08183400132111274,ok,-0.981746843228956,-1.3915212755672257,1.4536581602800698,-1.6382861449457213,-1.5679534001414621,-0.9814384626581628,0.001616784403937714,-0.004202424224752015,0.006634579031512605,0.0003394829488046526,-0.0014577237050927955,0.00146215101609336,0.9819146413988035,1.022479263739035
13.189999999999763,0.40337817880588434,-0.40679708084507715,0.40118929542815557,0.011485374571369548,0.09303198703500529,0.08016700121515896,ok,-0.9817306753849167,-1.3915632998094731,1.453724506070385,-1.6382827501162334,-1.5679679773785131,-0.9814238411480019,0.0016071634153497218,-0.004193555176949831,0.006612807975041051,0.00033828264525580595,-0.0014502382036065678,0.0014533067776466822,0.983433947340702,1.0239571253557314
13.199999999999763,0.4033723999076669,-0.4067743140739261,0.401180375809553,0.011447305963331414,0.09302971529550313,0.16908300131035503,ok,-0.9817146037507631,-1.3916052353612427,1.4537906341501354,-1.6382793672897809,-1.5679824797605493,-0.9814093080802254,0.0015975943756168145,-0.004184693060469336,0.006591114402169466,0.000337082543523153,-0.0014427915966554903,0.0014445105744962914,0.9849531865433089,1.0254350327399804
13.209999999999763,0.403366615020752,-0.4067516253841837,0.40117151243057775,0.011409368915574859,0.09302744726334208,0.15775000065332279,ok,-0.981698627807007,-1.3916470822918474,1.4538565452941572,-1.6382759964643456,-1.567996907676516,-0.9813948629744804,0.0015880770202914083,-0.004175837947953316,0.006569497987350719,0.0003358826923033219,-0.0014353836765590479,0.001435762162032435,0.9864723592314032,1.026912991640555
13.219999999999763,0.40336082428261466,-0.4067290145000039,0.4011627049580756,0.011371562935507383,0.09302518294506078,0.07191700024122838,ok,-0.9816827470368041,-1.391688840671327,1.4539222402740306,-1.6382726376374226,-1.5680112615132815,-0.9813805053528601,0.0015786110862101306,-0.004166989911451636,0.0065479584067850965,0.0003346831396315736,-0.0014280142368071343,0.0014270612968281975,0.9879914656289638,1.0283909959331123
13.229999999999762,0.4033550278297261,-0.40670648114654817,0.4011539530608298,0.011333887532658977,0.09302292234708011,0.06758299969078507,ok,-0.9816669609259421,-1.3917305105704416,1.4539877198580984,-1.6382692908060263,-1.5680255416556497,-0.9813662347398918,0.0015691963114908233,-0.004158149022432462,0.0065264953384152466,0.00033348393290085095,-0.0014206830720462115,0.0014184077366358565,0.9895105059591703,1.0298690454219293
13.239999999999762,0.4033492257975607,-0.40668402504998113,0.40114525640954957,0.011296342218671464,0.09302066547570248,0.06566699994436931,ok,-0.9816512689628272,-1.391772092060666,1.4540529848114825,-1.6382659559666974,-1.5680397484863702,-0.9813520506625255,0.0015598324355253768,-0.004149315351782218,0.006505108461913352,0.0003322851188600385,-0.0014133899780753374,0.0014098012403813765,0.9910294804444088,1.0313471458878791
13.249999999999762,0.4033434183206006,-0.4066616459374664,0.4011366146768597,0.011258926507286798,0.09301841233711372,0.06470900007116143,ok,-0.9816356706384719,-1.3918135852141837,1.4541180358961017,-1.6382626331155088,-1.568053882386151,-0.9813379526501217,0.0015505191989720077,-0.004140488969807928,0.006483797458671104,0.00033108674362184885,-0.0014061347518377993,0.0014012415681559313,0.9925483909935434,1.0328252911811147
13.259999999999762,0.4033376055323423,-0.40663934353716374,0.4011280275372882,0.011221639914336667,0.09301616293738382,0.06550000034621917,ok,-0.9816201654464822,-1.391854990103882,1.4541828738706883,-1.6382593222480726,-1.5680679437336693,-0.9813239402344401,0.0015412563437549119,-0.004131669946238969,0.0064625620117807255,0.0003298888526715266,-0.0013989171914180417,0.0013927284812174478,0.9940672361401398,1.0343034871037342
13.269999999999762,0.40333178756530197,-0.40661711757822466,0.40111949466725605,0.011184481957731071,0.09301391728246768,0.06983300045249052,ok,-0.9816047528830447,-1.3918963068033443,1.4542474994908061,-1.6382560233595458,-1.5680819329055835,-0.9813100129496279,0.0015320436130491126,-0.004122858350227132,0.006441401806031556,0.0003286914908735344,-0.001391737096025747,0.0013842617419747695,0.9955860161042059,1.0357817274889434
13.279999999999761,0.40332596455102143,-0.4065949677907888,0.4011110157450655,0.011147452157447047,0.09301167537820579,0.06404200030374341,ok,-0.9815894324469142,-1.3919375353868466,1.4543119135088665,-1.638252736444637,-1.5680958502765439,-0.9812961703322082,0.0015228807512853964,-0.004114054250356484,0.0064203165278924005,0.0003274947024774717,-0.001384594265999493,0.001375841113994351,0.9971047311049658,1.0372600121465159
13.289999999999761,0.4033201366200734,-0.4065728939059806,0.4011025904508892,0.011110550035518377,0.09300943723032597,0.04645799890568014,ok,-0.9815742036394014,-1.3919786759293502,1.4543761166741453,-1.6382494614976124,-1.5681096962192038,-0.9812824119210682,0.0015137675041365629,-0.004105257714636113,0.00639930586550257,0.0003262985311247762,-0.0013774885027916111,0.00136746636198558,0.9986233830481944,1.0387383469101956
13.299999999999761,0.4033143039020674,-0.4065508956559045,0.4010942184667597,0.011073775116024106,0.09300720284444275,0.041957999201258644,ok,-0.98155906596436,-1.3920197285064966,1.4544401097328004,-1.6382461985123011,-1.5681234711042318,-0.9812687372574483,0.0015047036185143385,-0.004096468810511844,0.006378369508662284,0.0003251030198505923,-0.001370419608968613,0.0013591372517997552,1.000141968776903,1.0402167255879218
13.30999999999976,0.40330846652565555,-0.4065289727736431,0.4010858994765577,0.011037126925079093,0.09300497222606048,0.1965830015251413,ok,-0.9815440189281749,-1.3920606931946018,1.4545038934278869,-1.6382429474821025,-1.5681371753003215,-0.9812551458849303,0.001495688842563493,-0.004087687604862826,0.006357507148817003,0.00032390821109759814,-0.0013633873881991406,0.001350853550423538,1.0016604918826482,1.0416951540343642
13.31999999999976,0.4033026246185377,-0.4065071249932513,0.401077633166002,0.011000604990821275,0.0930027453805716,0.186167000720161,ok,-0.9815290620397492,-1.3921015700706505,1.454567468499375,-1.6382397083999916,-1.5681508091742036,-0.9812416373494262,0.0014867229256556463,-0.004078914164004139,0.0063367184790486895,0.0003227141467188928,-0.0013563916452483127,0.0013426150259737916,1.0031789508942106,1.0431736260406717
13.32999999999976,0.4032967783074678,-0.4064853520497547,0.4010694192226381,0.0109642088434036,0.09300052231325989,0.08916699880501255,ok,-0.9815141948104926,-1.3921423592122906,1.4546308356841655,-1.6382364812585244,-1.568164373090656,-0.9812282111991664,0.0014778056183848537,-0.004070148553691435,0.006316003194061907,0.0003215208679851026,-0.0013494321859717894,0.0013344214476936841,1.0046973477142804,1.044652141421935
13.33999999999976,0.40329092771825814,-0.4064636536791446,0.4010612573358283,0.010927938014981396,0.09299830302929975,0.09479199979978148,ok,-0.9814994167543087,-1.3921830606978274,1.454693995716106,-1.6382332660498446,-1.5681778674125157,-0.9812148669846894,0.001468936672560569,-0.00406139083912526,0.006295360990178033,0.00032032841558668175,-0.0013425088173125075,0.0013262725859459652,1.0062156791827368,1.0461307060640297
13.34999999999976,0.403285072975786,-0.4064420296183747,0.40105314719674057,0.010891792039703304,0.09299608753375768,0.06554200081154704,ok,-0.9814847273875832,-1.3922236746062187,1.4547569493260077,-1.6382300627656887,-1.568191292500689,-0.98120160425883,0.0014601158412022466,-0.004052641084945296,0.006274791565322081,0.00031913682964194437,-0.0013356213472858793,0.0013181682122084073,1.0077339488880825,1.0476093198120908
13.35999999999976,0.4032792142039984,-0.4064204796053578,0.4010450884983374,0.010855770453699287,0.09299387583159296,0.06433399903471582,ok,-0.9814701262291712,-1.392264201017068,1.454819697241661,-1.6382268713973922,-1.5682046487141617,-0.9811884225767079,0.0014513428785345296,-0.004043899355245847,0.006254294619007098,0.00031794614971299503,-0.0013287695849806462,0.0013101080990689437,1.009252155356016,1.0490879703355638
13.36999999999976,0.40327335152591837,-0.4063990033789617,0.4010370809353667,0.010819872795072799,0.09299166792765878,0.06383300024026539,ok,-0.9814556128003858,-1.3923046400106205,1.454882240187851,-1.638223691935895,-1.5682179364100115,-0.9811753214957172,0.001442617539979833,-0.004035165713563726,0.006233869852328166,0.000316756414789088,-0.0013219533405533787,0.0013020920202192747,1.0107702987988263,1.050566669620993
13.37999999999976,0.40326748506364934,-0.4063776006790061,0.4010291242043502,0.010784098603888343,0.092989463826703,0.06354200013447553,ok,-0.981441186624986,-1.3923449916677562,1.4549445788863742,-1.6382205243717471,-1.568231155943417,-0.981162300575515,0.0014339395821535083,-0.0040264402228891065,0.006213516967950731,0.0003155676633158308,-0.0013151724252135585,0.0012941197504508103,1.0122883811153598,1.0520454175163936
13.389999999999759,0.4032616149383811,-0.4063562712462588,0.4010212180035734,0.010748447422161937,0.09298726353336853,0.06333300007099751,ok,-0.9814268472291645,-1.392385256069985,1.4550067140560536,-1.638217368695114,-1.568244307667669,-0.9811493593780105,0.00142530876286012,-0.0040177229456733405,0.006193235670104965,0.0003143799331891206,-0.0013084266512243422,0.0012861910656500686,1.013806399141761,1.053524207754665
13.399999999999759,0.40325574127039515,-0.40633501482243206,0.40101336203307536,0.010712918793851429,0.0929850670521948,0.04812500083062332,ok,-0.9814125941415359,-1.3924254332994417,1.4550686464127547,-1.638214224895782,-1.5682573919341813,-0.981136497467354,0.0014167248410854906,-0.004009013943815013,0.006173025664556865,0.00031319326176656596,-0.001301715831894996,0.0012783057427928975,1.0153243564626688,1.0550030401580386
13.409999999999759,0.40324986417906983,-0.4063138311501789,0.4010055559946388,0.010677512264846043,0.0929828743876179,0.043416999687906355,ok,-0.9813984268931251,-1.3924655234388799,1.4551303766694001,-1.6382110929631644,-1.5682704090925004,-0.9811237144099261,0.0014081875769923324,-0.004000313278677112,0.006152886658624471,0.0003120076858589985,-0.00129503978157548,0.0012704635599394784,1.0168422516000537,1.0564819206841616
13.419999999999758,0.40324398378288584,-0.40629271997309047,0.4009977995917787,0.010642227382956502,0.09298068554397242,0.20212500021443702,ok,-0.9813843450173552,-1.3925055265716666,1.4551919055359863,-1.6382079728863057,-1.568283359490316,-0.9811110097743266,0.0013996967319140018,-0.00399162101108631,0.006132818361148873,0.0003108232417627886,-0.0012883983156423656,0.0012626642962288155,1.018360086449691,1.057960843041215
13.429999999999758,0.40323810019943146,-0.406271681035691,0.40099009252973367,0.010607063697905109,0.092978500525491,0.16033399879233912,ok,-0.981370348050036,-1.3925454427817774,1.4552532337195978,-1.638204864653888,-1.5682962434734724,-0.9810983831313643,0.0013912520683494465,-0.003982937201326455,0.006112820482485366,0.0003096399652330503,-0.0012817912505086175,0.0012549077318748747,1.0198778595320932,1.0594398070544115
13.439999999999758,0.4032322135454075,-0.40625071408343594,0.40098243451545496,0.010572020761316235,0.09297631933630635,0.13558399950852618,ok,-0.9813564355293525,-1.3925852721537906,1.4553143619244227,-1.6382017682542358,-1.5683090613859776,-0.9810858340540456,0.0013828533499577562,-0.003974261909156198,0.006092892734503046,0.0003084578915213771,-0.0012752184035980565,0.0012471936481602065,1.0213955710543126,1.0609188187117533
13.449999999999758,0.40322632393663305,-0.4062298188627071,0.40097482525759665,0.010537098126705923,0.09297414198045088,0.0679159984429134,ok,-0.9813426069958529,-1.392625014772882,1.4553752908517676,-1.6381986836753206,-1.5683218135700137,-0.981073362117564,0.0013745003415519847,-0.003965595193797852,0.006073034830563138,0.0003072770553528317,-0.001268679593357523,0.0012395218274316659,1.0229132212226684,1.062397871696841
13.459999999999757,0.40322043148804987,-0.40620899512081016,0.40096726446650577,0.010502295349471868,0.09297196846185854,0.06516599933092948,ok,-0.9813288619924373,-1.39266467072482,1.4554360212000732,-1.638195610904767,-1.5683345003659472,-0.9810609668992897,0.0013661928090984339,-0.003956937113949891,0.006053246485518903,0.00030609749095418564,-0.0012621746392365238,0.0012318920530992364,1.0244308102427475,1.0638769720177534
13.469999999999757,0.40321453631372867,-0.4061882426059706,0.40095975185421245,0.01046761198688593,0.09296979878436509,0.06450000000768341,ok,-0.9813152000643464,-1.3927042400959595,1.4554965536649285,-1.6381925499298575,-1.5683471221123395,-0.9810486479787587,0.0013579305197023493,-0.003948287727780298,0.006033527415696421,0.0003049192320460087,-0.0012557033616886406,0.0012243041096226216,1.0259483400065044,1.0653561071527706
13.479999999999757,0.40320863852687333,-0.4061675610673302,0.4009522871344199,0.010433047598081021,0.09296763295170908,0.0637499997537816,ok,-0.9813016207591493,-1.3927437229732373,1.4555568889390855,-1.638189500737537,-1.5683596791459564,-0.9810364049376624,0.0013497132416085348,-0.0039396470929340295,0.0060138773388950925,0.000303742311845041,-0.0012492655821651345,0.0012167577825125564,1.0274658090309023,1.066835295498888
13.489999999999757,0.40320273823982616,-0.40614695025494446,0.4009448700224948,0.01039860174404504,0.09296547096753213,0.06579199907719158,ok,-0.9812881236267332,-1.3927831194441667,1.4556170277124745,-1.6381864633144188,-1.568372171801778,-0.9810242373598373,0.0013415407441967828,-0.0039310152665376855,0.005994295974361169,0.00030256676309120024,-0.0012428611231060295,0.0012092528583258577,1.0289832192063673,1.068314518320146
13.499999999999757,0.4031968355640734,-0.4061264099197779,0.4009375002354576,0.01036427398760865,0.09296331283538051,0.06316600047284737,ok,-0.9812747082192913,-1.3928224295968321,1.4556769706722181,-1.6381834376467879,-1.568384600413009,-0.9810121448312541,0.001333412797974398,-0.0039223923051963485,0.00597478304280388,0.0003013926180204465,-0.0012364898079363388,0.001201789124659072,1.0305005673614895,1.0697937878534975
13.509999999999756,0.40319093061025013,-0.40610593981370174,0.400930177491973,0.010330063893438815,0.09296115855870536,0.07900000127847306,ok,-0.9812613740913115,-1.3928616535198841,1.4557367185026462,-1.6381804237206077,-1.5683969653110885,-0.9810001269400075,0.0013253291745716916,-0.003913778265002383,0.00595533826636001,0.00030021990839838674,-0.0012301514610612554,0.0011943663701446938,1.032017857072236,1.0712731039587537
13.519999999999756,0.40318502348814467,-0.40608553968948974,0.4009229015123396,0.01029597102802524,0.09295900814086329,0.05633300133922603,ok,-0.9812481207995658,-1.3929007913025342,1.4557962718853097,-1.6381774215215237,-1.568409266825699,-0.980988183276306,0.0013172896467339103,-0.0039051732015307028,0.005935961368597251,0.00029904866551172743,-0.0012238459078566528,0.001186984384442766,1.0335350868528224,1.0727524540287465
13.529999999999756,0.40317911430670433,-0.4060652093008156,0.40091567201848155,0.010261994959675514,0.09295686158511807,0.21329199989850167,ok,-0.9812349479030985,-1.3929398430345494,1.4558556314989957,-1.6381744310348685,-1.5684215052847776,-0.9809763134324616,0.0013092939883219187,-0.003896577169845282,0.005916652074503369,0.0002978789201759996,-0.0012175729746652653,0.0011796429582425026,1.0350522585906279,1.0742318565998812
13.539999999999756,0.40317320317404065,-0.40604494840224864,0.40090848873393814,0.010228135258503504,0.09295471889464019,0.14699999883305281,ok,-0.9812218549632152,-1.3929788088062478,1.4559147980197407,-1.6381714522456667,-1.5684336810145243,-0.9809645170028792,0.0013013419742989624,-0.0038879902245037594,0.0058974101104768235,0.00029671070273870295,-0.0012113324887936244,0.0011723418832497554,1.03656937079852,1.0757112928060841
13.549999999999756,0.40316729019743297,-0.406024756749251,0.4009013513838548,0.010194391496419796,0.09295258007250858,0.08870800047589,ok,-0.9812088415434722,-1.3930176887084929,1.4559737721208454,-1.6381684851386393,-1.5684457943394123,-0.9809527935840467,0.001293433380735165,-0.0038794124195549056,0.005878235204315763,0.000295544043085171,-0.001205124278502924,0.001165080952191072,1.0380864236756009,1.077190774978435
13.559999999999755,0.4031613754833347,-0.40600463409817444,0.4008942596949736,0.010160763247123996,0.09295044512171054,0.0686250004946487,ok,-0.9811959072096649,-1.3930564828326883,1.4560325544728887,-1.6381655296982085,-1.5684578455821974,-0.9809411427745248,0.0012855679847944927,-0.0038708438085429254,0.005859127085207901,0.00029437897064852605,-0.0011989481730028113,0.0011578599588021004,1.039603417420269,1.0786702967115445
13.569999999999755,0.40315545913737777,-0.4059845802062565,0.40088721339562405,0.010127250086094866,0.09294831404514353,0.06616700011363719,ok,-0.9811830515298169,-1.3930951912707739,1.4560911457437409,-1.638162585908502,-1.5684698350639275,-0.9809295641749368,0.0012777455647322304,-0.0038622844445123684,0.005840085483722996,0.00029321551441026036,-0.001192804002447764,0.001150678697824842,1.0411203539168687,1.080149864122074
13.579999999999755,0.4031495412643775,-0.4059645948316177,0.4008802122157138,0.010093851590581985,0.09294618684561458,0.06475000009231735,ok,-0.9811702740741696,-1.393133814115219,1.456149546598578,-1.638159653753358,-1.5684817631039518,-0.9809180573879586,0.001269965899889383,-0.003853734380007299,0.005821110131812138,0.0002920537028947495,-0.001186691597933081,0.0011435369650031023,1.0426372316756347,1.0816294645015097
13.589999999999755,0.40314362196833725,-0.4059446777332579,0.4008732558867193,0.01006056733959567,0.09294406352584202,0.0641249989712378,ok,-0.9811575744151707,-1.393172351459019,1.4562077576998962,-1.6381567332163292,-1.5684936300199313,-0.9809066220183086,0.0012622287706912406,-0.0038451936670758293,0.0058022007627782455,0.0002908935641981125,-0.001180610791484794,0.0011364345570805915,1.0441540508928608,1.0831091165513371
13.599999999999755,0.40313770135245364,-0.4059248286710528,0.4008663441416765,0.010027396913898782,0.09294194408845609,0.07333400026254822,ok,-0.9811449521274638,-1.3932108033956898,1.456265779707524,-1.6381538242806872,-1.568505436127846,-0.9808952576727378,0.0012545339586363315,-0.003836662357268858,0.0057833571112812995,0.0002897351259801743,-0.0011745614160542355,0.0011293712717913376,1.0456708134506185,1.0845888012512233
13.609999999999754,0.403131779519121,-0.40590504740575123,0.40085947671517264,0.009994339895998119,0.09293982853599896,0.07770899901515804,ok,-0.9811324067878774,-1.3932491700192624,1.4563236132786368,-1.6381509269294274,-1.5685171817420067,-0.9808839639600199,0.001246881246293579,-0.003828140501649099,0.005764578913337168,0.0002885784154534205,-0.0011685433055197043,0.0011223469078566882,1.0471875178572188,1.0860685310436684
13.619999999999754,0.4031258565699361,-0.4058853336989716,0.4008526533433361,0.009961395870134957,0.09293771687092625,0.045250000766827725,ok,-0.9811199379754144,-1.3932874514242788,1.4563812590677703,-1.638148041145273,-1.568528867175062,-0.9808727404909413,0.0012392704173022416,-0.003819628150787988,0.005745865906291715,0.0002874234594097135,-0.0011625562946757603,0.0011153612649856199,1.048704164306873,1.0875482994755141
13.629999999999754,0.40311993260570345,-0.4058656873131986,0.40084587376382835,0.009928564422277707,0.09293560909560787,0.04329199873609468,ok,-0.9811075452712414,-1.3933256477057867,1.4564387177268332,-1.6381451669106788,-1.5685404927380087,-0.9808615868782915,0.001231701256357666,-0.003811125354767455,0.00572721782881359,0.00028627028422782133,-0.0011566002192233717,0.0011084141438612567,1.0502207546793876,1.0890281127213122
13.639999999999754,0.40311400772643946,-0.4058461080117797,0.4008391377158341,0.009895845140111308,0.09293350521232749,0.043166999603272416,ok,-0.9810952282586779,-1.3933637589593344,1.4564959899051213,-1.6381423042078365,-1.5685520587402009,-0.9808505027368529,0.0012241735492127387,-0.0038026321631894813,0.005708634420902351,0.0002851189158548387,-0.0011506749157737535,0.0011015053461429166,1.0517372874811883,1.0905079643120799
13.649999999999753,0.4031080820313772,-0.4058265955589225,0.40083244494005343,0.009863237613029693,0.09293140522328465,0.18683300004340708,ok,-0.9810829865231858,-1.3934017852809664,1.4565530762493304,-1.638139453018678,-1.5685635654893586,-0.9808394876833915,0.0012166870826747407,-0.0037941486251684142,0.005690115423859784,0.0002839693798310061,-0.0011447802218364262,0.0010946346744624275,1.0532537629044307,1.0919878540931605
13.659999999999753,0.4031021556189714,-0.40580714971969084,0.400825795178692,0.009830741432127414,0.09292930913059436,0.17383300109941047,ok,-0.9810708196523591,-1.393439726767218,1.456609977403569,-1.6381366133248796,-1.568575013291577,-0.9808285413366469,0.001209241644592745,-0.003785674789340139,0.005671660580298329,0.00028282170127873283,-0.0011389159758169892,0.0010878019324132235,1.0547701828266605,1.0934677882677095
13.669999999999753,0.4030962285869028,-0.4057877702600026,0.4008191881754531,0.009798356190191426,0.0929272169362886,0.1705840004433412,ok,-0.9810587272359131,-1.3934775835151114,1.456666694009372,-1.6381337851078668,-1.5685864024513352,-0.9808176633173228,0.001201837023859926,-0.0037772107038645548,0.0056532696341161145,0.00028167590492792253,-0.0011330820170092322,0.0010810069245520437,1.0562865457524606,1.0949477603431415
13.679999999999753,0.40309030103208265,-0.4057684569466252,0.40081262367552833,0.009766081481690789,0.09292512864231685,0.07124999865482096,ok,-0.9810467088656746,-1.39351535562215,1.456723226705713,-1.6381309683488174,-1.5685977332715053,-0.9808068532480773,0.0011944730104031355,-0.0037687564164263125,0.005634942330505137,0.00028053201509831323,-0.001127278185592444,0.0010742494563894271,1.0578028518719522,1.0964277701673368
13.689999999999753,0.40308437305065803,-0.40574920954717314,0.40080610142558937,0.009733916902770425,0.09292304425054615,0.06712499998684507,ok,-0.9810347641355706,-1.3935530431863143,1.456779576129018,-1.6381281630286664,-1.5686090060533613,-0.9807961107535134,0.0011871493951829762,-0.0037603119742343188,0.0056166784159261615,0.00027939005571652094,-0.0011215043226269574,0.0010675293343903392,1.0593191030604274,1.0979078239718258
13.699999999999752,0.4030784447380155,-0.40573002783010514,0.4007996211737791,0.009701862051242035,0.09292096376276276,0.06500000017695129,ok,-0.9810228926416187,-1.3935906463060568,1.4568357429131773,-1.6381253691281092,-1.5686202210965876,-0.9807854354601695,0.0011798659701861304,-0.003751877424030507,0.005598477638119798,0.0002782500503125481,-0.0011157602700453597,0.0010608463659667982,1.0608352978206665,1.099387915240554
13.709999999999752,0.4030725161887858,-0.40571091156472033,0.40079318266970304,0.009669916526574932,0.09291888718067162,0.064208001276711,ok,-0.9810110939819168,-1.393628165080297,1.4568917276895585,-1.6381225866276061,-1.568631378699288,-0.9807748269965099,0.0011726225284201643,-0.003743452812082805,0.005580339746076105,0.0002771120220328773,-0.0011100458706496026,0.0010542003594723169,1.0623514380264614,1.100868043823888
13.719999999999752,0.4030665874968495,-0.4056918605211552,0.40078678566442116,0.009638079929889137,0.09291681450589856,0.0742920001357561,ok,-0.9809993677566325,-1.393665599608418,1.4569475310870192,-1.6381198155073857,-1.5686424791579945,-0.9807642849929151,0.001165418863910395,-0.003735038184202728,0.005562264490045412,0.0002759759936452458,-0.0011043609681045253,0.0010475911242006325,1.0638675204938115,1.1023482159815106
13.729999999999752,0.4030606587553397,-0.4056728744703808,0.40078042991043894,0.009606351863946459,0.0929147457399894,0.08412500028498471,ok,-0.9809877135679934,-1.39370294999026,1.4570031537319197,-1.6381170557474494,-1.5686535227676754,-0.9807538090816731,0.0011582547716952709,-0.0037266335857301745,0.0055442516215219,0.0002748419875278827,-0.0010987054069343813,0.0010410184703802299,1.0653835504662925,1.1038284251740258
13.739999999999752,0.4030547300566483,-0.4056539531841996,0.40077411516169936,0.009574731933142898,0.09291268088441161,0.11754200022551231,ok,-0.9809761310202765,-1.3937402163261172,1.4570585962481348,-1.6381143073275741,-1.5686645098217449,-0.9807433988969693,0.0011511300478191304,-0.00371823906154621,0.005526300893233283,0.0002737100256871704,-0.00109307903251891,0.0010344822091683168,1.0668995230732303,1.1053086712542424
13.749999999999751,0.4030488014924288,-0.4056350964352418,0.4007678411735742,0.009543219743499086,0.09291061994055483,0.18716700105869677,ok,-0.9809646197197983,-1.3937773987167328,1.4571138592570672,-1.6381115702273172,-1.56867544061207,-0.9807330540748775,0.0011440444893286515,-0.0037098546560734853,0.005508412059138059,0.000272580129761712,-0.00108748169108357,0.0010279821526471707,1.0684154418710274,1.1067889540757934
13.759999999999751,0.4030428731536021,-0.40561630399696286,0.40076160770285635,0.009511814902654564,0.09290856290973075,0.14745799853699282,ok,-0.980953179274905,-1.3938144972632935,1.4571689433776585,-1.6381088444260197,-1.5686863154289807,-0.9807227742533511,0.0011369978942699583,-0.0037014804132779362,0.005490584874413062,0.000271452321018744,-0.0010819132297012017,0.0010215181138219158,1.0699313053589772,1.1082692799355662
13.76999999999975,0.40303694513036015,-0.40559757564364035,0.40075541450775054,0.009480517019857788,0.0929065097931753,0.07774999903631397,ok,-0.9809418092959623,-1.3938515120674264,1.4572238492264027,-1.6381061299028095,-1.5686971345612777,-0.9807125590722129,0.0011299900616819813,-0.00369311637667517,0.005472819095455981,0.00027032662036262004,-0.0010763734962800906,0.0010150899066142369,1.07144711540639,1.1097496487141536
13.77999999999975,0.40303101751217035,-0.4055789111503703,0.4007492613478659,0.009449325705958864,0.09290446059204747,0.06458300049416721,ok,-0.9809305093953455,-1.393888443231193,1.4572785774173573,-1.638103426636606,-1.5687078982962406,-0.9807024081731467,0.001123020791591978,-0.0036847625893242485,0.005455114479857309,0.00026920304834533623,-0.0010708623395630666,0.001008697345858093,1.07296287051143,1.111230047374219
13.78999999999975,0.4030250903877806,-0.40556031029306505,0.4007431479842082,0.009418240573402943,0.09290241530743137,0.08229199920606334,ok,-0.9809192791874296,-1.3939252908570863,1.4573331285621558,-1.6381007346061225,-1.5687186069196362,-0.9806923211996881,0.0011160898850103643,-0.003676419093832108,0.005437470786415308,0.00026808162515098375,-0.0010653796091227184,0.0010023402472955354,1.0744785708569529,1.1127104886827335
13.79999999999975,0.4030191638452225,-0.40554177284844933,0.40073707417917026,0.009387261236219831,0.09290037394033641,0.07908299994596746,ok,-0.9809081182885795,-1.3939620550480245,1.4573875032700199,-1.638098053789871,-1.5687292607157275,-0.9806822977972152,0.0011091971439288776,-0.0036680859323711926,0.00541988777511842,0.0002669623706225155,-0.0010599251553556383,0.000996018427574402,1.0759942183100384,1.1141909660463634
13.80999999999975,0.4030132379718166,-0.40552329859405734,0.40073103969652524,0.009356387310017717,0.09289833649169704,0.06395800119207706,ok,-0.9808970263171402,-1.3939987359073482,1.457441702147771,-1.6380953841661647,-1.568739859967281,-0.9806723376129394,0.0011023423713113485,-0.003659763146653295,0.005402365207126203,0.00026584530425147554,-0.0010544988294777622,0.000989731704240232,1.0775098113671913,1.1156714858079233
13.81999999999975,0.4030073128541764,-0.4055048873082307,0.4007250443014182,0.009325618411976452,0.0928963029623752,0.06333300007099751,ok,-0.9808860028934271,-1.3940353335388147,1.4574957257998422,-1.6380927257131221,-1.5687504049555758,-0.980662440295897,0.0010955253710954352,-0.003651450777958725,0.005384902844784409,0.0002647304451866196,-0.001049100483518358,0.0009834798957377318,1.0790253518940056,1.1171520348659534
13.82999999999975,0.40300138857821244,-0.40548653877011404,0.40071908776035803,0.009294954160837386,0.09289427335315932,0.06383399886544794,ok,-0.9808750476397161,-1.3940718480465943,1.45754957482829,-1.6380900784086703,-1.568760895960411,-0.9806526054969397,0.0010887459481792104,-0.003643148867124429,0.005367500451602215,0.0002636178122338156,-0.0010437299703186722,0.0009772628213984896,1.080540838385898,1.118632626057619
13.83999999999975,0.402995465229137,-0.4054682527596528,0.4007131698412093,0.009264394176897334,0.09289224766476564,0.04558299951895606,ok,-0.9808641601802344,-1.3941082795352655,1.457603249832806,-1.638087442230548,-1.568771333260114,-0.9806428328687257,0.0010820039084277222,-0.0036348574545498613,0.0053501577922480045,0.0002625074238641021,-0.0010383871435248595,0.0009710803014474801,1.0820562710225183,1.1201132592685428
13.84999999999975,0.40298954289146766,-0.4054500290575903,0.4007072903131852,0.009233938082001332,0.09289022589783881,0.04220800110488199,ok,-0.9808533401411501,-1.394144628109811,1.4576567514107284,-1.6380848171563094,-1.5687817171315492,-0.9806331220657112,0.0010752990586550468,-0.0036265765801969862,0.005332874632540005,0.0002613992982243149,-0.0010330718575780977,0.0009649321569852875,1.083571651667244,1.1215939213495103
13.859999999999749,0.402983621649032,-0.4054318674454642,0.4007014489468386,0.009203585499533326,0.09288820805295209,0.20525000036286656,ok,-0.9808425871505636,-1.394180893875613,1.4577100801570537,-1.638082203163327,-1.568792047850125,-0.9806234727441413,0.0010686312066342553,-0.003618306283598046,0.005315650739450897,0.00026029345311749457,-0.001027783967721658,0.0009588182099989673,1.085086978813891,1.123074625189867
13.869999999999749,0.4029777015849718,-0.40541376770560406,0.40069564551405523,0.009173336054410433,0.09288619413060882,0.17129200023191515,ok,-0.9808319008384973,-1.394217076938449,1.4577632366644482,-1.6380796002287958,-1.568802325689802,-0.9806138845620413,0.0010620001610812284,-0.003610046603852965,0.005298485881081909,0.00025918990603246753,-0.0010225233299868243,0.0009527382833459172,1.0866022543243596,1.1245553706773168
13.879999999999749,0.402971782781747,-0.40539572962112824,0.4006898797880456,0.009143189373075029,0.09288418413124205,0.19445799989625812,ok,-0.9808212808368865,-1.3942531774044875,1.457816221523259,-1.6380770083297356,-1.568812550923102,-0.9806043571792079,0.0010554057316585288,-0.0036017975796317123,0.005281379826670651,0.00025808867413150947,-0.001017289801191188,0.0009466922007582423,1.0881174766914181,1.1260361446151776
13.889999999999748,0.40296586532113965,-0.4053777529759404,0.4006841515433372,0.009113145083486221,0.09288217805521548,0.06670900074823294,ok,-0.9808107267795699,-1.3942891953802838,1.4578690353215258,-1.6380744274429944,-1.5688227238211139,-0.9805948902572004,0.0010488477289632128,-0.003593559249178275,0.005264332346573602,0.00025698977425890276,-0.0010120832389362321,0.0009406797868308274,1.0896326460915722,1.1275169599446035
13.899999999999748,0.40295994928425843,-0.4053598375547276,0.4006784605557667,0.009083202815113819,0.09288017590282434,0.06508299884444568,ok,-0.9808002383022802,-1.3943251309727756,1.4579216786449916,-1.6380718575452518,-1.5688328446535031,-0.980585483459332,0.001042325964528731,-0.0035853316503151053,0.005247343212271869,0.0002558932229450316,-0.0010069035015979047,0.0009347008670239275,1.0911477643845149,1.128997809996403
13.909999999999748,0.40295403475154246,-0.4053419831429566,0.40067280660247306,0.009053362198930718,0.09287817767429563,0.06420899990189355,ok,-0.980789815042635,-1.3943609842892788,1.4579741520771143,-1.6380692986130223,-1.5688429136885191,-0.9805761364506618,0.0010358402508171014,-0.003577114820440105,0.005230412196345518,0.00025479903641349315,-0.0010017504483259634,0.0009287552676549519,1.0926628300614756,1.130478701203523
13.919999999999748,0.40294812180276574,-0.405324189526871,0.40066718946188895,0.009023622867404888,0.09287618336978891,0.08929199975682423,ok,-0.9807794566401268,-1.3943967554374832,1.458026456199078,-1.6380667506226583,-1.5688529311930024,-0.9805668488979852,0.001029390401217314,-0.0035689087965322967,0.0052135390724851426,0.0002537072305744554,-0.0009966239390383194,0.0009228428158981735,1.0941778449806778,1.1319596268817467
13.929999999999747,0.40294221051704054,-0.405306456493489,0.4006616089137346,0.008993984454493719,0.09287419298939682,0.08158300079230685,ok,-0.9807691627361146,-1.3944324445254486,1.4580785915898027,-1.6380642135503525,-1.5688628974323928,-0.9805576204698262,0.0010229762300389361,-0.003560713615156971,0.005196723615475989,0.0002526178210385684,-0.0009915238344158977,0.0009169633397783714,1.0956928076323438,1.1334405868983237
13.939999999999747,0.40293630097282207,-0.4052887838305992,0.40065606473900844,0.008964446595634022,0.09287220653314543,0.10108300011779647,ok,-0.9807589329738142,-1.3944680516616001,1.4581305588259574,-1.638061687372142,-1.568872812670737,-0.9805484508364284,0.0010165975525053075,-0.003552529312458593,0.005179965601191791,0.0002515308231092901,-0.000986449995900193,0.0009111166681638914,1.097207718189892,1.1349215811212368
13.949999999999747,0.4029303932479123,-0.4052711713267591,0.40065055671998157,0.00893500892773816,0.09287022400099502,0.06337500053632539,ok,-0.9807487669982892,-1.3945035769547247,1.4581823584819693,-1.638059172063911,-1.568882677170696,-0.9805393396697467,0.0010102541847550144,-0.0035443559241701253,0.005163264806586598,0.0002504462517955232,-0.0009814022856869274,0.000905302630769131,1.0987225785093502,1.1364026160188574
13.959999999999747,0.4029244874194633,-0.40525361877129135,0.4006450846401896,0.008905671089184518,0.09286824539284085,0.262333000137005,ok,-0.9807386644564416,-1.3945390205139665,1.4582339911300353,-1.638056667601393,-1.568892491193553,-0.980530286643439,0.001003945943833217,-0.0035361934856175748,0.005146621009690363,0.00024936412181469854,-0.0009763805667233351,0.0008995210581460229,1.1002373887625558,1.1378836848512162
13.969999999999747,0.40291858356398264,-0.4052361259542816,0.40063964828442483,0.008876432719812226,0.09286627070851346,0.16975000107777305,ok,-0.9807286249970033,-1.3945743824488226,1.4582854573401323,-1.6380541739601748,-1.5689022549992202,-0.9805212914328575,0.0009976726476884224,-0.0035280420317173704,0.005130033989605579,0.0002482844475892957,-0.0009713847027015631,0.0008937717816811284,1.1017521457547887,1.1393647511580327
13.979999999999746,0.40291268175733563,-0.4052186926665745,0.4006342474387298,0.008847293460911702,0.09286429994777906,0.07462499888788443,ok,-0.9807186482705265,-1.3946096628691398,1.4583367576800284,-1.638051691115699,-1.5689119688462472,-0.9805123537150406,0.0009914341151694287,-0.0035199015969783107,0.005113503526492038,0.0002472072432618846,-0.0009664145580525732,0.0008880546335926097,1.103266854705952,1.140845788911225
13.989999999999746,0.40290678207475056,-0.4052013186997724,0.4006288818903895,0.008818252955221035,0.09286233311034041,0.06345800102280919,ok,-0.9807087339293747,-1.3946448618851095,1.4583878927152933,-1.6380492190432665,-1.5689216329918276,-0.9805034731687047,0.0009852301660201106,-0.0035117722155056695,0.005097029401565701,0.0002461325226796876,-0.0009614699979519138,0.0008823694469262561,1.1047815107375227,1.1423267850390977
13.999999999999746,0.40290088459082224,-0.4051840038462309,0.4006235514279247,0.008789310846916198,0.0928603701958372,0.06491699969046749,ok,-0.9806988816277146,-1.3946799796072646,1.458438863009309,-1.6380467577180398,-1.5689312476918071,-0.9804946494742354,0.0009790606208747862,-0.0035036539210049076,0.005080611397094967,0.00024506029941566356,-0.0009565508883026734,0.0008767160555502784,1.106296117384855,1.1438077527723363
14.009999999999746,0.4028949893795151,-0.4051667478990574,0.4006182558410839,0.008760466781604647,0.09285841120384684,0.07570900015707593,ok,-0.9806890910215058,-1.3947150161464748,1.45848966912328,-1.6380443071150457,-1.5689408132006901,-0.9804858823136798,0.00097292530125355,-0.00349554674678022,0.005064249296388969,0.00024399058676197692,-0.0009516570957385512,0.0008710942941515039,1.1078106748167562,1.145288692158703
14.019999999999746,0.4028890965141682,-0.4051495506521076,0.40061299492083713,0.008731720406320032,0.09285645613388467,0.08100000013655517,ok,-0.9806793617684932,-1.3947499716139427,1.4585403116162439,-1.638041867209178,-1.5689503297716476,-0.9804771713707383,0.0009668240295594493,-0.0034874507257389386,0.005047942883788705,0.0002429233977394078,-0.0009467884876183408,0.0008655039982325365,1.1093251815191048,1.1467695902204578
14.029999999999745,0.40288320606749844,-0.40513241189998284,0.40060776845936835,0.008703071369513912,0.09285450498540458,0.08358299965038896,ok,-0.9806696935281977,-1.3947848461212,1.4585907910450817,-1.6380394379752008,-1.5689597976565237,-0.9804685163307559,0.0009607566290746989,-0.003479365890394979,0.005031691944670703,0.0002418587450904457,-0.000941944932023382,0.0008599450041088265,1.1108396393421043,1.1482504600933365
14.039999999999745,0.4028773181116045,-0.40511533143802725,0.4006025762500686,0.008674519321049111,0.09285255775779985,0.044874999730382115,ok,-0.9806600859619069,-1.394819639780104,1.4586411079645285,-1.6380370193877498,-1.568969217105844,-0.9804599168807149,0.000954722923955089,-0.0034712922728676416,0.005015496265432394,0.00024079664129685136,-0.0009371262977457763,0.0008544171489029539,1.1123540467707047,1.1497312953434276
14.049999999999745,0.4028714327179705,-0.4050983090623249,0.40059741808752897,0.008646063912193427,0.09285061445040342,0.04212500061839819,ok,-0.9806505387326674,-1.3948543527028328,1.4586912629271829,-1.6380346114213369,-1.5689785883688214,-0.9804513727092259,0.0009487227392253733,-0.0034632299048858273,0.004999355633486715,0.00023973709857017173,-0.0009323324542946822,0.0008489202705405654,1.1138684039717328,1.151212102530471
14.059999999999745,0.40286554995747004,-0.40508134456969735,0.4005922937675337,0.008617704795612855,0.09284867506248778,0.17062499864550773,ok,-0.9806410515052751,-1.3948889850018815,1.4587412564835178,-1.6380322140503512,-1.5689879116933643,-0.9804428835065205,0.0009427559007777756,-0.003455178817791469,0.004983269837261303,0.00023868012885794473,-0.0009275632718857423,0.0008434542077494754,1.1153827127932252,1.1526928752517243
14.069999999999744,0.40285966990036964,-0.40506443775770073,0.400587203087053,0.008589441625364453,0.09284673959326713,0.12204099948576186,ok,-0.9806316239462674,-1.3949235367900594,1.4587910891818905,-1.6380298272490625,-1.568997187326083,-0.9804344489644431,0.0009368222353637691,-0.003447139042539716,0.004967238666185424,0.00023762574385155686,-0.0009228186214384826,0.0008380188000508283,1.1168969717187738,1.1541736136011962
14.079999999999744,0.4028537926163328,-0.4050475884246228,0.40058214584423696,0.008561274056891026,0.0928448080418964,0.07804099914210383,ok,-0.9806222557239137,-1.3949580081804849,1.4588407615685524,-1.638027450991624,-1.5690064155122974,-0.9804260687764426,0.0009309215705957159,-0.0034391106096994892,0.004951261910684984,0.0002365739549803229,-0.0009180983745757782,0.000832613887762521,1.1184111825949712,1.1556543176727339
14.089999999999744,0.40284791817442356,-0.4050307963694805,0.4005771218384075,0.008533201747012666,0.0928428804074725,0.08208300096157473,ok,-0.9806129465082077,-1.3949923992865818,1.4588902741876593,-1.6380250852520741,-1.569015596496043,-0.980417742637565,0.0009250537349381566,-0.003431093549461264,0.004935339362183904,0.00023552477342465167,-0.0009134024036107881,0.0008272393119897726,1.119925343904521,1.1571349939623692
14.099999999999744,0.4028420466431101,-0.40501406139201723,0.4005721308700526,0.008505224353921665,0.09284095668903433,0.07641699994564988,ok,-0.9806036959708584,-1.3950267102220764,1.4589396275812812,-1.63802273000434,-1.569024730520079,-0.9804094702444451,0.0009192185577031971,-0.0034230878916332486,0.004919470813090056,0.00023447821011106623,-0.0009087305815512496,0.0008218949146209008,1.1214394574925757,1.1586156297431647
14.109999999999744,0.4028361780902685,-0.40499738329269985,0.4005671727408188,0.00847734153717492,0.09283903688556397,0.07604100028402172,ok,-0.9805945037852813,-1.3950609411009927,1.458988822289412,-1.6380203852222388,-1.5690338178258947,-0.980401251295299,0.0009134158690511393,-0.0034150936656485607,0.004903656056784488,0.0002334342757257791,-0.000904082782093511,0.0008165805383288593,1.122953521840964,1.1600962378973974
14.119999999999743,0.40283031258318647,-0.4049807618727161,0.4005622472535059,0.008449552957689269,0.09283712099598626,0.08312499994644895,ok,-0.9805853696265908,-1.3950950920376493,1.45903785884998,-1.6380180508794815,-1.5690428586537155,-0.9803930854899157,0.000907645499982907,-0.003407110900559653,0.004887894887633349,0.0002323929806934815,-0.0008994588796184592,0.0008112960265634437,1.1244675387934033,1.1615768184709376
14.129999999999743,0.4028244501885669,-0.40496419693397223,0.40055735421205796,0.008421858277732439,0.0928352090191708,0.10858299901883584,ok,-0.980576293171591,-1.395129163146655,1.4590867377988563,-1.6380157269496745,-1.5690518532425117,-0.9803849725296501,0.0009019072823373903,-0.003399139625053792,0.004872187100966267,0.0002313543352107804,-0.0008948587491853659,0.0008060412235492815,1.125981506830859,1.163057358830991
14.139999999999743,0.4028185909725312,-0.4049476882790901,0.4005524934215589,0.008394257160919212,0.0928333009539304,0.04666699896915816,ok,-0.9805672740987676,-1.3951631545429055,1.459135459669866,-1.6380134134063224,-1.5690608018300036,-0.9803769121174146,0.0008962010487845112,-0.003391179867437472,0.004856532493072419,0.00023031834923063378,-0.0008902822665288959,0.000800815974279023,1.127495427795618,1.164537871764686
14.149999999999743,0.40281273500062365,-0.4049312357114039,0.40054766468822445,0.008366749272203215,0.09283139679902347,0.04254099985701032,ok,-0.9805583120882798,-1.3951970663415798,1.4591840249947967,-1.63801111022283,-1.569069704652669,-0.9803689039576718,0.0008905266328277373,-0.003383231655657481,0.004840930861204932,0.00022928503246124053,-0.0008857293080610408,0.0007956201245162486,1.1290093001677972,1.1660183510096989
14.159999999999743,0.40280688233781436,-0.4049148390349585,0.40054286781939674,0.008339334277871946,0.09282949655315333,0.042499999835854396,ok,-0.9805494068219516,-1.3952308986581363,1.4592324343034087,-1.6380088173725054,-1.5690785619457495,-0.9803609477564267,0.0008848838687927075,-0.003375295017287047,0.004825382003559679,0.00022825439439150643,-0.0008811997508551003,0.0007904535207847606,1.1305231257882553,1.1674988029504516
14.169999999999742,0.40280103304850284,-0.4048984980545065,0.4005381026235365,0.00831201184553943,0.09282760021496955,0.17420800031686667,ok,-0.9805405579832637,-1.3952646516083091,1.4592806881234444,-1.6380065348285615,-1.569087373943258,-0.9803530432212189,0.0008792725918283756,-0.003367369979538128,0.004809885719283009,0.00022722644426861717,-0.0008766934726525561,0.000785316010369519,1.1320369031362736,1.1689792150797516
14.179999999999742,0.40279518719652163,-0.404882212575505,0.40053336891021785,0.008284781644140512,0.0928257077830672,0.13625000065076165,ok,-0.9805317652573454,-1.3952983253081046,1.4593287869806373,-1.638004262564119,-1.5690961408779847,-0.9803451900611152,0.0008736926379015812,-0.003359456569256989,0.004794441808457432,0.00022620119111229785,-0.000872210351856615,0.0007802074413114607,1.1335506323712317,1.1704596000577885
14.189999999999742,0.40278934484513995,-0.4048659824041136,0.4005286664901213,0.008257643343924988,0.0928238192559888,0.0760000002628658,ok,-0.9805230283309664,-1.3953319198737972,1.4593767313987218,-1.6380020005522078,-1.5691048629815032,-0.9803373879867021,0.0008681438437921171,-0.0033515548129315928,0.0047790500721072585,0.00022517864371035903,-0.000867750267525947,0.0007751276624034812,1.1350643153318534,1.1719399516847129
14.199999999999742,0.40278350605706714,-0.40484980734719184,0.40052399517502646,0.00823059661645039,0.0928219346322239,0.07745800030534156,ok,-0.9805143468925285,-1.3953654354219265,1.4594245218994428,-1.6379997487657707,-1.5691135404841785,-0.9803296367100781,0.0008626260470908241,-0.0033436647366911973,0.004763710312171816,0.00022415881063823188,-0.0008633130993744532,0.0007700765231886539,1.1365779521759432,1.1734202762811097
14.209999999999742,0.40277767089445615,-0.4048336872122959,0.40051935477780776,0.008203641134577241,0.09282005391020959,0.07775000085530337,ok,-0.9805057206320575,-1.3953988720692934,1.4594721590025646,-1.6379975071776642,-1.5691221736151721,-0.9803219359448462,0.0008571390861941211,-0.0033357863663068354,0.004748422331520576,0.00022314170024874053,-0.0008588987277601534,0.0007650538739545385,1.1380915413811556,1.174900561465472
14.219999999999741,0.40277183941890676,-0.4048176218076766,0.40051474511242624,0.0081767765724616,0.09281817708833162,0.06662499981757719,ok,-0.9804971492411956,-1.3954322299329565,1.4595196432258797,-1.6379952757606617,-1.5691307626024498,-0.9803142854061067,0.0008516828003031696,-0.0033279197271981055,0.0047331859339448746,0.0002221273206621344,-0.0008545070336943639,0.0007600595657335241,1.139605084784085,1.1763808197709602
14.229999999999741,0.4027660116914693,-0.4048016109422769,0.40051016599392397,0.008150002605549943,0.09281630416492367,0.06500000017695129,ok,-0.9804886324131925,-1.3954655091302284,1.4595669750852192,-1.637993054487455,-1.5691393076727866,-0.9803066848104494,0.0008462570294122787,-0.0033200648444281925,0.004718000924135465,0.00022111567980045524,-0.0008501378988248399,0.0007550934502908697,1.141118580861589,1.1778610512415397
14.23999999999974,0.4027601877726481,-0.4047856544257288,0.4005056172384178,0.008123318910572445,0.09281443513826945,0.07299999924725853,ok,-0.9804801698428984,-1.3954987097786726,1.4596141550944606,-1.637990843330657,-1.569147809051775,-0.9802991338759465,0.000840861614316191,-0.0033122217427130306,0.0047028671076987105,0.00022010678536226496,-0.0008457912054391222,0.0007501553801322996,1.1426320314488483,1.179341243590022
14.24999999999974,0.4027543677224047,-0.40476975206835086,0.40050109866309375,0.008096725165538292,0.09281257000660131,0.07825000102457125,ok,-0.9804717612267553,-1.3955318319960999,1.4596611837655376,-1.6379886422628034,-1.5691562669638293,-0.9802916323221451,0.0008354963965975432,-0.0033043904464227294,0.004687784291142185,0.00021910064483645776,-0.0008414668364607762,0.0007452452084925031,1.1441454350219389,1.1808214092542355
14.25999999999974,0.40274855160016143,-0.4047539036811464,0.4004966100861991,0.008070221049727962,0.09281070876810263,0.04599999920174014,ok,-0.9804634062627893,-1.395564875900564,1.459708061608449,-1.6379864512563551,-1.5691646816321938,-0.9802841798700602,0.000830161218626733,-0.00329657097957289,0.004672752281858232,0.00021809726550641747,-0.0008371646754432086,0.0007403627893343956,1.145658791735832,1.1823015421437626
14.26999999999974,0.4027427394648043,-0.40473810907579966,0.4004921513270381,0.008043806243687973,0.09280885142090653,0.042541998482192867,ok,-0.980455104650603,-1.3955978416103598,1.4597547891312677,-1.6379842702837,-1.5691730532789483,-0.9802767762421669,0.0008248559235573175,-0.0032887633658428093,0.004657770888139503,0.00021709665444559655,-0.00083288460656796,0.0007355079773453577,1.1471721051022317,1.183781642349317
14.27999999999974,0.4027369313746873,-0.40472236806467465,0.40048772220596507,0.00801748042922611,0.09280699796309752,0.21295799888321199,ok,-0.9804468560913675,-1.3956307292440182,1.459801366840149,-1.6379820993171554,-1.569181382125014,-0.9802694211623935,0.0008195803553238868,-0.0032809676285675835,0.004642839919162525,0.00021609881852741869,-0.0008286265146382187,0.0007306806279355247,1.1486853702386297,1.1852617099614486
14.28999999999974,0.40273112738763467,-0.40470668046081143,0.40048332254437813,0.007991243289403807,0.09280514839271131,0.2124170005117776,ok,-0.9804386602878142,-1.3956635389203038,1.4598477952393407,-1.6379799383289702,-1.5691896683901605,-0.9802621143561141,0.0008143343586364005,-0.0032731837907412804,0.004627959184979166,0.00021510376442170783,-0.0008243902850804415,0.0007258805972315416,1.1501985923337976,1.1867417511569458
14.29999999999974,0.40272532756094487,-0.4046910460779242,0.40047895216471385,0.007965094508531567,0.0928033027077355,0.14808300147706177,ok,-0.9804305169442279,-1.3956962707582112,1.4598940748311906,-1.637977787291326,-1.5691979122930113,-0.9802548555501418,0.0008091177789763854,-0.0032654118750172875,0.004613128496512141,0.0002141114985984765,-0.0008201758039392945,0.0007211077420742972,1.151711766505129,1.1882217599079783
14.30999999999974,0.40271953195139387,-0.4046754647303987,0.40047461089044023,0.00793903377216251,0.09280146090611036,0.08637499922770076,ok,-0.9804224257664381,-1.3957289248769613,1.4599402061161557,-1.63797564617634,-1.5692061140510507,-0.9802476444727211,0.0008039304625942737,-0.003257651903719345,0.004598347665567808,0.0002131220273312043,-0.000815982957866902,0.0007163619200158358,1.153224897939337,1.1897017363045945
14.31999999999974,0.4027137406152378,-0.4046599362332899,0.40047029854605204,0.007913060767086985,0.09279962298572833,0.0911250008357456,ok,-0.9804143864618122,-1.3957615013959985,1.4599861895928115,-1.6379735149560666,-1.5692142738806294,-0.9802404808535209,0.0007987722565064214,-0.003249903898832958,0.00458361650479927,0.00021213535670321892,-0.0008118116341312801,0.0007116429893165469,1.1547379817537389,1.1911816804366795
14.329999999999739,0.4027079536082172,-0.40464446040231894,0.4004660149570636,0.007887175181326932,0.09279778894443529,0.10350000047765207,ok,-0.9804063987392472,-1.395794000434987,1.4600320257578594,-1.6379713936024995,-1.5692223919969708,-0.9802333644236277,0.000793643008491405,-0.0032421678820137726,0.0045689348277314626,0.0002111514925993504,-0.0008076617206039622,0.0007069508089423623,1.1562510231329837,1.1926615923939534
14.339999999999739,0.40270217098555966,-0.4046290370538712,0.40046175995000344,0.007861376704129893,0.09279595878003107,0.1339999998890562,ok,-0.9803984623091623,-1.395826422113807,1.4600777151061368,-1.6379692820875735,-1.569230468614177,-0.9802262949155384,0.0007885425670813718,-0.00323444387458263,0.004554302448733851,0.00021017044072040836,-0.0008035331057582403,0.0007022852385567507,1.1577640188718052,1.1941414782732231
14.349999999999739,0.4026963928019825,-0.40461366600499343,0.4004575333524091,0.007835665025962524,0.09279413249026904,0.05141600013303105,ok,-0.9803905768834915,-1.3958587665525528,1.4601232581306243,-1.6379671803831664,-1.5692385039452346,-0.9802192720631528,0.0007834707815675849,-0.00322673189753812,0.004539719183030279,0.0002091922065798312,-0.0007994256786676656,0.0006976461385224629,1.1592769691203688,1.1956213321249514
14.359999999999738,0.4026906191116973,-0.40459834707339204,0.4004533349928202,0.0078100398385079605,0.09279231007285735,0.043582998841884546,ok,-0.9803827421756759,-1.3958910338715282,1.4601686553224547,-1.6379650884611006,-1.5692464982020213,-0.9802122956017676,0.0007784275019894747,-0.0032190319715508283,0.004525184846688869,0.00020821679549682705,-0.0007953393290039861,0.0006930333698976117,1.1607898757054462,1.197101160013932
14.369999999999738,0.40268484996841236,-0.40458308007742916,0.40044916470077335,0.007784500834656531,0.09279049152545929,0.1966660001926357,ok,-0.980374957900656,-1.3959232241912438,1.4602139071709215,-1.6379630062931456,-1.5692544515953113,-0.9802053652680686,0.0007734125791314956,-0.00321134411696503,0.004510699256611508,0.00020724421261933865,-0.0007912739470307047,0.0006884467944320437,1.1623027387756435,1.198580953063498
14.379999999999738,0.40267908542533537,-0.4045678648361219,0.40044502230679574,0.00775904770850192,0.09278867684569278,0.10241599920846056,ok,-0.9803672237748646,-1.3959553376324134,1.4602590141634877,-1.6379609338510195,-1.5692623643347816,-0.9801984808001243,0.0007684258645249111,-0.0032036683538048867,0.004496262230537475,0.00020627446290676196,-0.0007872294235986558,0.0006838862745601447,1.1638155568022537,1.200060770785959
14.389999999999738,0.40267332553517754,-0.4045527011691387,0.4004409076424006,0.007733680155336488,0.09278686603113226,0.04787500074598938,ok,-0.9803595395162193,-1.3959873743159514,1.460303976785793,-1.6379588711063904,-1.5692702366290177,-0.9801916419373787,0.0007634672104409002,-0.0031960047017746043,0.004481873587035741,0.00020530755114121622,-0.0007832056501469793,0.0006793516734018014,1.1653283299333592,1.201540623545289
14.399999999999737,0.402667570350156,-0.4045375888967977,0.40043682054008,0.007708397871643971,0.09278505907930784,0.04425000042829197,ok,-0.9803519048441149,-1.3960193343629692,1.4603487955216634,-1.637956818030879,-1.5692780686855192,-0.9801848484206447,0.0007585364698813627,-0.003188353180256629,0.004467533145493492,0.00020434348193535163,-0.0007792025186934247,0.0006748428547608904,1.1668410599929597,1.2030205112193595
14.409999999999737,0.40266181992199745,-0.4045225278400635,0.40043276083330076,0.007683200555095681,0.0927832559877066,0.043000000005122274,ok,-0.9803443194794161,-1.3960512178947717,1.4603934708531183,-1.6379547745960596,-1.569285860710706,-0.980178099992097,0.0007536334965892309,-0.00318071380832352,0.004453240726128107,0.00020338225971301978,-0.0007752199218420063,0.0006703596831183397,1.1683537471275787,1.2045004336866683
14.419999999999737,0.402656074301941,-0.4045075178205456,0.40042872835649707,0.0076580879045431765,0.09278145675377225,0.04224999975122046,ok,-0.9803367831444503,-1.3960830250328549,1.4604380032603796,-1.6379527407734624,-1.5692936129099244,-0.9801713963952658,0.000748758145030755,-0.0031730866047280843,0.004438996149961519,0.00020242388874193218,-0.0007712577527653941,0.00066590202362773,1.1698663898071435,1.2059803968318834
14.429999999999737,0.4026503335407409,-0.4044925586604953,0.400424722945067,0.007633059620015323,0.0927796613749064,0.04245799937052652,ok,-0.980329295563,-1.3961147558989022,1.4604823932218793,-1.637950716534575,-1.5693013254874522,-0.9801647373750295,0.0007439102703992869,-0.0031654715879113698,0.004424799238830192,0.000201468373104039,-0.0007673159052150359,0.0006614697421137866,1.1713789898535827,1.2074603945445903
14.439999999999737,0.40264459768867067,-0.40447765018280385,0.4004207444353648,0.0076081154027104496,0.09277786984846796,0.04224999975122046,ok,-0.980321856460296,-1.3961464106147814,1.4605266412142677,-1.637948701850844,-1.5693089986465043,-0.9801581226776084,0.000739089728613245,-0.003157868776008049,0.004410649815377387,0.00020051571672466084,-0.0007633942735077957,0.0006570627050768954,1.1728915457361573,1.208940426705091
14.449999999999736,0.402638866795525,-0.4044627922109998,0.4004167926646968,0.007583254954993182,0.09277608217177427,0.042124998799408786,ok,-0.9803144655630098,-1.3961779893025414,1.4605707477124215,-1.6379466966936769,-1.5693166325892394,-0.9801515520505576,0.0007342963763055196,-0.003150278186838069,0.004396547703041367,0.000199565923356546,-0.0007594927525304521,0.0006526807796746862,1.1744040592754195,1.2104204931943
14.459999999999736,0.40263314091062313,-0.40444798456924647,0.4004128674713158,0.007558477980386792,0.09277429834210157,0.042499999835854396,ok,-0.9803071225992468,-1.39620949208441,1.4606147131894518,-1.6379447010344432,-1.5693242275167647,-0.9801450252427608,0.0007295300708286403,-0.0031426998379196955,0.004382492726062764,0.00019861899658848309,-0.0007556112377297415,0.0006483238337275973,1.1759165306153354,1.2119005999299846
14.469999999999736,0.40262742008281244,-0.40443322708233986,0.4004089686944147,0.007533784183570246,0.09277251835668461,0.04216600063955411,ok,-0.9802998272985385,-1.3962409190827891,1.4606585381167125,-1.6379427148444774,-1.569331783629142,-0.9801385420044235,0.0007247906702429259,-0.0031351337464619864,0.004368484709465772,0.00019767493985586022,-0.0007517496251119273,0.0006439917357173913,1.1774289582241846,1.2133807407732917
14.479999999999736,0.4026217043604706,-0.40441851957570635,0.4004050961741222,0.007509173270371214,0.09277074221271811,0.042291001591365784,ok,-0.980292579391836,-1.3962722704202537,1.4607022229638071,-1.6379407380950788,-1.569339301125393,-0.9801321020870664,0.0007200780333222438,-0.0031275799293763373,0.004354523479069839,0.00019673375642219703,-0.0007479078112434496,0.0006396843547854762,1.1789413439204646,1.2148609156068966
14.489999999999736,0.40261599379150925,-0.4044038618754001,0.40040124975149666,0.007484644947762414,0.09276896990735618,0.042499999835854396,ok,-0.9802853786115028,-1.3963035462195474,1.4607457681985978,-1.6379387707575146,-1.5693467802035055,-0.9801257052435185,0.0007153920195415841,-0.003120038403266747,0.004340608861468439,0.00019579544940057453,-0.000744085693239902,0.000635401560717366,1.1804536861718153,1.2163411243140727
14.499999999999735,0.40261028842337676,-0.40438925380810115,0.4003974292685209,0.007460198923854883,0.09276720143771335,0.04262500078766607,ok,-0.9802782246913073,-1.39633474660358,1.4607891742872126,-1.6379368128030205,-1.5693542210604379,-0.9801193512279113,0.0007107324890795394,-0.0031125091844445385,0.004326740684041749,0.0001948600217342878,-0.0007402831687763465,0.0006311432239564213,1.1819659851207434,1.2178213667786892
14.509999999999735,0.4026045883030606,-0.4043746952011119,0.4003936345680973,0.007435834907893125,0.09276543680086465,0.27295899963064585,ok,-0.9802711173664165,-1.3963658716954246,1.460832441694053,-1.637934864202803,-1.5693616238921255,-0.9801130397956717,0.0007060993028133916,-0.003104992288916697,0.0043129187749316455,0.00019392747623608755,-0.0007365001360611663,0.0006269092155870018,1.1834782442581389,1.2193016489594546
14.519999999999735,0.40259889347709116,-0.4043601858823566,0.4003898654940415,0.007411552610250848,0.09276367599384608,0.20012500135635491,ok,-0.9802640563733883,-1.3963969216183139,1.4608755708818024,-1.6379329249280408,-1.569368988893486,-0.9801067707035158,0.0007014923223149171,-0.0030974877324022754,0.004299142963060195,0.0001929978155442727,-0.0007327364938593381,0.0006226994073388455,1.1849904603758954,1.2207819646822657
14.529999999999735,0.40259320399154475,-0.4043457256803779,0.40038612189107836,0.00738735174242609,0.092761919013655,0.09295800009567756,ok,-0.9802570414501651,-1.3964278964956378,1.4609185623114331,-1.6379309949498853,-1.5693763162584247,-0.9801005437094424,0.0006969114098493614,-0.003089995530319713,0.0042854130781049375,0.00019207104215808107,-0.0007289921414706833,0.0006185136715819565,1.1865026336150342,1.2222623138327002
14.539999999999734,0.4025875198920447,-0.4043313144243344,0.400382403604836,0.007363232017033426,0.09276016585725066,0.0686249986756593,ok,-0.9802500723360666,-1.396458796450941,1.4609614164422142,-1.6379290742394637,-1.5693836061798394,-0.9800943585727266,0.0006923564283683763,-0.0030825156978018654,0.004271728950510165,0.00019114715842418273,-0.000725266978735463,0.0006143518813234126,1.1880147657899678,1.2237426962969158
14.549999999999734,0.4025818412237673,-0.404316951943999,0.4003787104818406,0.007339193147802963,0.0927584165215544,0.0808749991847435,ok,-0.980243148771783,-1.396489621607919,1.4610041337317192,-1.6379271627678793,-1.5693908588496268,-0.9800882150539134,0.0006878272415095654,-0.00307504824968621,0.004258090411470947,0.0001902261665401668,-0.0007215609060296375,0.0006102139102082033,1.1895268570401754,1.2252231180660171
14.559999999999734,0.40257616803144153,-0.4043026380697562,0.40037504236951116,0.007315234849571457,0.09275667100344982,0.1095000006898772,ok,-0.9802362704993679,-1.3965203720904158,1.461046714635834,-1.637925260506214,-1.569398074458687,-0.9800821129148113,0.000683323713593229,-0.0030675932005264105,0.004244497292935705,0.0001893080685669385,-0.0007178738242580524,0.0006060996325055833,1.1910389058311477,1.226703566826058
14.569999999999734,0.4025705003593542,-0.40428837263260003,0.40037139911615494,0.007291356838280105,0.09275492929978336,0.06504200064227916,ok,-0.980229437262232,-1.396551048022421,1.4610891596087632,-1.6379233674255282,-1.5694052531969296,-0.9800760519184862,0.0006788457096178114,-0.003060150564587899,0.004230949427601588,0.0001883928664077048,-0.0007142056348599352,0.0006020089231205862,1.192550913975266,1.2281840546811136
14.579999999999734,0.402564838251352,-0.40427415546413165,0.4003677805709616,0.007267558830968491,0.09275319140736528,0.06566699994436931,ok,-0.9802226488051358,-1.396581649528067,1.4611314691030393,-1.637921483496864,-1.5694123952532781,-0.980070031829255,0.0006743930952579303,-0.0030527203558522896,0.00421744664890625,0.00018748056183689183,-0.0007105562397967228,0.000597941657577141,1.1940628799374307,1.2296645754152087
14.589999999999733,0.40255918175084354,-0.40425998639655736,0.4003641865839987,0.007243840545769452,0.09275145732296854,0.046082999688223936,ok,-0.9802159048741832,-1.3966121767316255,1.4611736435695284,-1.6379196086912458,-1.5694195008156762,-0.9800640524126792,0.0006699657368584552,-0.0030453025880162314,0.004203988791023608,0.00018657115648687414,-0.0007069255415522498,0.000593897712024482,1.195574805528674,1.2311451350515348
14.599999999999733,0.4025535309008035,-0.40424586526268586,0.40036061700620607,0.007220201701904376,0.0927497270433306,0.042624998968676664,ok,-0.9802092052168146,-1.3966426297575056,1.4612156834574386,-1.637917742979681,-1.5694265700710917,-0.980058113435559,0.0006655635014349423,-0.0030378972744995337,0.0041905756888674225,0.0001856646518479063,-0.0007033134431332773,0.0005898769632323724,1.197086690886048,1.232625721218564
14.609999999999733,0.40254788574377487,-0.4042317918959263,0.4003570716893913,0.007196642019678082,0.0927480005651535,0.23133399918151554,ok,-0.9802025495818003,-1.3966730087302506,1.4612575892143274,-1.6379158863331624,-1.569433603205523,-0.9800522146659267,0.0006611862566706646,-0.0030305044284409245,0.004177207178079917,0.00018476104927219792,-0.0006997198480663141,0.0005858792885864217,1.198598534473586,1.2341063460822372
14.619999999999733,0.4025422463218713,-0.40421776613028654,0.40035355048622456,0.007173161220475552,0.0927462778851034,0.09820900049817283,ok,-0.9801959377192336,-1.396703313774535,1.4612993612861083,-1.6379140387226696,-1.5694406004040036,-0.9800463558730409,0.0006568338709053776,-0.0030231240627000997,0.004163883095025358,0.00018386034998655305,-0.0006961446603842157,0.0005819045660824124,1.2001103381003055,1.2355870033988965
14.629999999999733,0.4025366126767807,-0.4042037878003697,0.4003500532502336,0.007149759026754269,0.09274455899981143,0.07000000005064066,ok,-0.9801893693805246,-1.3967335450151621,1.4613410001170586,-1.6379122001191697,-1.5694475618506074,-0.9800405368273801,0.0006525062131456823,-0.003015756189863371,0.00415060327679421,0.00018296255507616586,-0.0006925877846392397,0.0005779526743311983,1.201622100229676,1.2370676930596707
14.639999999999732,0.4025309848497672,-0.40418985674137314,0.4003465798357988,0.0071264351620417814,0.09274284390587463,0.06820800081186462,ok,-0.9801828443183931,-1.3967637025770607,1.4613825061498265,-1.6379103704936189,-1.5694544877284538,-0.9800347573006368,0.000648203153048053,-0.0030084008222437337,0.00413736756119434,0.00018206766549848827,-0.0006890491258891956,0.0005740234925471674,1.2031338226693749,1.2385484149562351
14.649999999999732,0.4025253628816742,-0.4041759727890858,0.400343130098148,0.007103189350929465,0.09274113259985554,0.06791699888708536,ok,-0.9801763622868626,-1.396793786585283,1.4614238798254384,-1.6379085498169639,-1.5694613782197127,-0.9800290170657113,0.0006439245609274948,-0.0030010579718794824,0.004124175786744502,0.00018117568208333773,-0.0006855285896969378,0.0005701169005555501,1.204645505554071,1.2400291751593715
14.659999999999732,0.40251974681292735,-0.40416213577988563,0.4003397038933523,0.0070800213190688995,0.09273942507828287,0.06637499973294325,ok,-0.9801699230412533,-1.396823797165002,1.4614651215833059,-1.637906738060143,-1.5694682335056096,-0.9800233158967058,0.000639670307745094,-0.002993727650544204,0.004111027792680209,0.00018028660552560675,-0.0006820260821308715,0.0005662327787770439,1.2061571473464052,1.241509967397944
14.669999999999732,0.4025141366835369,-0.4041483455507384,0.4003363010783204,0.007056930793166515,0.0927377213376515,0.06604199916182552,ok,-0.9801635263381758,-1.3968537344415073,1.4615062318612326,-1.6379049351940878,-1.5694750537664308,-0.980017653568918,0.0006354402651100018,-0.0029864098697367043,0.00409792341893511,0.00017940043640180203,-0.0006785415097563169,0.0005623710082324314,1.2076687498520549,1.2429907915652003
14.679999999999731,0.4025085325331005,-0.4041346019391941,0.4003329215107946,0.0070339175009786654,0.09273602137442324,0.06508300066343509,ok,-0.9801571719355248,-1.3968835985402046,1.461547211095422,-1.6379031411897238,-1.5694818391815284,-0.9800120298588357,0.0006312343052770041,-0.002979104640694073,0.004084862506149797,0.00017851717516012265,-0.0006750747796386732,0.0005585314705450469,1.2091803115331223,1.244471647554923
14.689999999999731,0.40250293440080587,-0.40412090478338597,0.400329565049345,0.007010981171307372,0.092734325185027,0.04704100138042122,ok,-0.980150859592472,-1.3969133895866115,1.4615880597204836,-1.6379013560179723,-1.5694885899293247,-0.9800064445441303,0.0006270523011378001,-0.002971811974384195,0.004071844895659344,0.00017763682212380545,-0.0006716257993383103,0.000554714047921315,1.2106918341939552,1.2459525352614274
14.699999999999731,0.4024973423254336,-0.4041072539220283,0.4003262315533662,0.00698812153399651,0.09273263276585937,0.04308300049160607,ok,-0.9801445890694606,-1.3969431077063554,1.4616287781694401,-1.637899579649751,-1.569495306187318,-0.9800008974036511,0.0006228941262246842,-0.002964531881514148,0.004058870429495648,0.00017675937749728367,-0.0006681944769044734,0.0005509186231657612,1.212203317966882,1.2474334607946391
14.70999999999973,0.4024917563453594,-0.40409364919441304,0.4003229208830703,0.006965338319924491,0.09273094411328443,0.04199999966658652,ok,-0.9801383601281983,-1.3969727530251705,1.461669366873735,-1.6378978120559762,-1.569501988132087,-0.9799953882174195,0.0006187596547032872,-0.002957264372529664,0.004045938950378171,0.00017588484136851933,-0.0006647807208766928,0.0005471450796635886,1.213714761313215,1.248914411627012
14.71999999999973,0.40248617649855717,-0.40408009044040916,0.4003196328994849,0.006942631261002964,0.09272925922363442,0.04200000148557592,ok,-0.9801321725316513,-1.397002325668896,1.4617098262632389,-1.6378960532075626,-1.5695086359392958,-0.9799899167666228,0.0006146487613725952,-0.002950009457617731,0.004033050301718566,0.0001750132136959545,-0.000661384440284598,0.0005433933013984548,1.2152261660353152,1.2503954000918325
14.72999999999973,0.40248060282260134,-0.4040665775004593,0.40031636746444604,0.006920000090169442,0.09272757809321022,0.041917000999092124,ok,-0.9801260260440375,-1.3970318257634722,1.461750156766256,-1.6378943030754256,-1.5695152497836986,-0.9799844828336088,0.0006105613216569059,-0.0029427671467028346,0.004020204327602145,0.00017414449433175028,-0.0006580055446359213,0.0005396631729184416,1.2167375305939794,1.2518764198703767
14.73999999999973,0.40247503535467,-0.40405311021557927,0.40031312444059497,0.006897444541385613,0.09272590071828146,0.09758400119608268,ok,-0.980119920430821,-1.3970612534349391,1.461790358809532,-1.6378925616304822,-1.569521829839145,-0.9799790862018797,0.000606497211606976,-0.0029355374494565933,0.00400740087279817,0.00017327868301256902,-0.0006546439439207266,0.0005359545793627151,1.2182488584601936,1.253357477103548
14.74999999999973,0.40246947413154627,-0.40403968842735327,0.40030990369137304,0.006874964349629482,0.09272422709508654,0.08416700075031258,ok,-0.9801138554587049,-1.3970906088094337,1.46183043281826,-1.6378908288436522,-1.569528376278584,-0.9799737266560861,0.0006024563078988396,-0.0029283203752993947,0.003994639782755933,0.00017241577935157618,-0.0006512995486105367,0.0005322674064456327,1.2197601447541577,1.2548385592078772
14.75999999999973,0.4024639191896223,-0.40402631197793487,0.4003067050810173,0.006852559250893779,0.09272255721983388,0.06620900057896506,ok,-0.9801078308956259,-1.3971198920131866,1.4618703792160876,-1.6378891046858588,-1.5695348892740701,-0.9799684039820216,0.0005984384878220025,-0.002921115933388015,0.00398192090358246,0.00017155578285821054,-0.0006479722696494419,0.0005286015404457224,1.221271394615282,1.2563196785764887
14.76999999999973,0.4024583705649009,-0.4040129807100424,0.4003035284745553,0.006830228982179649,0.09272089108870121,0.06558299901371356,ok,-0.9801018465107477,-1.3971491031725205,1.4619101984251235,-1.6378873891280301,-1.5695413689967666,-0.9799631179666171,0.0005944436292901723,-0.002913924132638893,0.003969244082065993,0.00017069869292762343,-0.0006446620184559745,0.0005249568682290844,1.2227826048334163,1.257800828863714
14.77999999999973,0.4024528282929983,-0.403999694466958,0.4003003737378015,0.00680797328149298,0.09271922869783657,0.0665419993310934,ok,-0.9800959020744548,-1.3971782424138468,1.461949890865944,-1.6378856821411008,-1.5695478156169511,-0.9799578683979348,0.000590471610825582,-0.0029067449817133024,0.003956609165651357,0.0001698445088459283,-0.0006413687069178294,0.0005213332772139057,1.2242937755378522,1.2592820099684165
14.78999999999973,0.40244729240914695,-0.4039864530925257,0.40029724073735184,0.006785791887840086,0.0927175700433583,0.06429200038837735,ok,-0.9800899973583466,-1.397207309863664,1.4619894569576006,-1.6378839836960124,-1.5695542293040203,-0.9799526550651626,0.0005865223115599102,-0.002899578489022299,0.00394401600244072,0.00016899322979430813,-0.0006380922473906503,0.0005177306553958425,1.2258049101952673,1.2607632217899607
14.799999999999729,0.4024417629481979,-0.40397325643114895,0.40029412934058006,0.006763684541223137,0.09271591512135553,0.0927500004763715,ok,-0.9800841321352309,-1.3972363056485542,1.462028897117625,-1.6378822937637145,-1.5695606102264943,-0.9799474777586087,0.0005825956112361716,-0.0028924246627384464,0.003931464441202798,0.00016814485484425689,-0.0006348325526943887,0.0005141488913242954,1.2273160039266908,1.2622444705152085
14.809999999999729,0.40243623994462285,-0.4039601043277882,0.40029103941563227,0.006741650982634841,0.09271426392788827,0.10925000060524326,ok,-0.9800783061791186,-1.3972652298951815,1.462068211762037,-1.6378806123151661,-1.5695669585520213,-0.9799423362696954,0.0005786913902000117,-0.0028852835107838113,0.003918954331352745,0.00016729938295858966,-0.0006315895361153234,0.0005105878741166035,1.2288270618662018,1.263725743477628
14.819999999999729,0.40243072343251735,-0.4039469966279598,0.4002879708314233,0.006719690954056273,0.09271261645898789,0.045708999095950276,ok,-0.9800725192652167,-1.3972940827302893,1.4621074013053506,-1.6378789393213364,-1.5695732744473825,-0.9799372303909543,0.000574809529399935,-0.002878155040839794,0.003906485522956481,0.0001664568130026814,-0.0006283631113955086,0.000507047493443249,1.230338080803481,1.2652070531591484
14.829999999999728,0.40242521344560284,-0.4039339331777328,0.4002849234576322,0.006697804198449981,0.09271097271065795,0.04229200021654833,ok,-0.9800667711699227,-1.3973228642806976,1.46214646616058,-1.6378772747532064,-1.5695795580784964,-0.9799321599160198,0.0005709499103808081,-0.002871039260340188,0.0038940578667199218,0.00016561714373626083,-0.0006251531927362111,0.0005035276395259956,1.231849062533681,1.266688393174065
14.839999999999728,0.4024197100172294,-0.403920913823728,0.40028189716469736,0.00667599045975798,0.09270933267887323,0.04204099968774244,ok,-0.9800610616708189,-1.397351574673301,1.4621854067392472,-1.637875618581769,-1.5695858096104238,-0.9799271246396245,0.0005671124152871067,-0.002863936176488359,0.003881671214000919,0.00016478037381870587,-0.0006219596947928648,0.0005000282031440336,1.233360005514934,1.26816976342416
14.849999999999728,0.40241421318037757,-0.4039079384131149,0.40027889182381254,0.006654249482895167,0.09270769635958097,0.042499999835854396,ok,-0.980055390546666,-1.3973802140350657,1.4622242234513871,-1.637873970778031,-1.5695920292073717,-0.9799221243575931,0.0005632969268536655,-0.0028568457962435136,0.0038693254167897835,0.00016394650181273407,-0.000618782532671657,0.0004965490756297003,1.2348709115410959,1.2696511638116987
14.859999999999728,0.4024087229676614,-0.40389500679361046,0.40027590730692236,0.006632581013747039,0.0927060637487011,0.04195900146442,ok,-0.9800497575773974,-1.3974087824930281,1.462262916705555,-1.6378723313130128,-1.5695982170326985,-0.9799171588668367,0.0005595033284071632,-0.0028497681263313316,0.0038570203277150934,0.00016311552617506858,-0.000615621621933793,0.000493090148850093,1.236381780737293,1.271132600568864
14.869999999999727,0.40240323941133105,-0.40388211881347663,0.400272943486718,0.006610984799164556,0.09270443484212663,0.19795799926214386,ok,-0.9800441625441133,-1.3974372801742914,1.4623014869088322,-1.637870700157751,-1.5696043732489178,-0.9799122279653483,0.0005557315038593433,-0.002842703173237179,0.0038447558000315398,0.0001622874452729799,-0.0006124768785820502,0.0004896513152296274,1.2378926115609796,1.2726140672834894
14.879999999999727,0.4023977625432742,-0.4038692743215186,0.40027000023663284,0.006589460586959921,0.09270280963572329,0.14812500012340024,ok,-0.9800386052290747,-1.3974657072060237,1.4623399344668326,-1.6378690772832982,-1.5696104980177037,-0.979907331452196,0.0005519813377110107,-0.0028356509432231466,0.003832531687633372,0.00016146225737203156,-0.0006093482190675859,0.0004862324677253461,1.239403405804071,1.2740955638592293
14.889999999999727,0.40239229239501967,-0.40385647316708245,0.40026707743083906,0.006568008125903559,0.09270118812533058,0.1506669996160781,ok,-0.9800330854156976,-1.397494063715456,1.462378259783709,-1.6378674626607246,-1.5696165914998943,-0.9799024691275188,0.0005482527150399858,-0.0028286114423076536,0.0038203478450261107,0.00016063996065155702,-0.0006062355602807946,0.0004828334998348659,1.2409141635903904,1.275577090200212
